path	line	rating	tag
Dockerfile	1	4	comment
Dockerfile	2	4	comment
Dockerfile	3	0	blank
Dockerfile	4	4	ok
Dockerfile	5	0	blank
Dockerfile	6	4	comment
Dockerfile	7	4	ok
Dockerfile	8	4	ok
Dockerfile	9	4	ok
Dockerfile	10	4	ok
Dockerfile	11	0	blank
Dockerfile	12	4	comment
Dockerfile	13	4	ok
Dockerfile	14	4	ok
Dockerfile	15	0	blank
Dockerfile	16	4	comment
Dockerfile	17	4	ok
Dockerfile	18	4	ok
Dockerfile	19	4	ok
Dockerfile	20	0	blank
Dockerfile	21	0	blank
Dockerfile	22	4	comment
Dockerfile	23	4	ok
Dockerfile	24	0	blank
Dockerfile	25	4	comment
Dockerfile	26	4	ok
Dockerfile	27	4	ok
Dockerfile	28	4	ok
Dockerfile	29	0	blank
Dockerfile	30	4	comment
Dockerfile	31	4	ok
Dockerfile	32	4	ok
Dockerfile	33	0	blank
Dockerfile	34	4	comment
Dockerfile	35	4	ok
Dockerfile	36	4	ok
Dockerfile	37	0	blank
Dockerfile	38	4	comment
Dockerfile	39	4	ok
Dockerfile	40	0	blank
Dockerfile	41	4	comment
Dockerfile	42	4	ok
Dockerfile	43	4	ok
Dockerfile	44	0	blank
Dockerfile	45	4	ok
Dockerfile	46	0	blank
Dockerfile	47	4	comment
Dockerfile	48	4	ok
Dockerfile	49	4	ok
Dockerfile	50	0	blank
Dockerfile	51	4	comment
Dockerfile	52	4	ok
README.md	1	4	comment
README.md	2	0	blank
README.md	3	4	ok
README.md	4	0	blank
README.md	5	4	ok
README.md	6	4	ok
README.md	7	0	blank
README.md	8	4	comment
README.md	9	0	blank
README.md	10	3	long_line
README.md	11	0	blank
README.md	12	4	comment
README.md	13	0	blank
README.md	14	4	ok
README.md	15	4	ok
README.md	16	4	ok
README.md	17	4	ok
README.md	18	4	ok
README.md	19	4	ok
README.md	20	4	ok
README.md	21	4	ok
README.md	22	0	blank
README.md	23	4	comment
README.md	24	0	blank
README.md	25	4	ok
README.md	26	4	ok
README.md	27	4	ok
README.md	28	4	ok
README.md	29	4	ok
README.md	30	4	ok
README.md	31	4	ok
README.md	32	4	ok
README.md	33	4	ok
README.md	34	4	ok
README.md	35	4	ok
README.md	36	4	ok
README.md	37	4	ok
README.md	38	4	ok
README.md	39	4	ok
README.md	40	4	ok
README.md	41	4	ok
README.md	42	4	ok
README.md	43	4	ok
README.md	44	4	ok
README.md	45	4	ok
README.md	46	4	ok
README.md	47	4	ok
README.md	48	4	ok
README.md	49	4	ok
README.md	50	4	ok
README.md	51	4	ok
README.md	52	0	blank
README.md	53	4	comment
README.md	54	0	blank
README.md	55	4	ok
README.md	56	0	blank
README.md	57	4	ok
README.md	58	4	ok
README.md	59	4	ok
README.md	60	4	ok
README.md	61	4	ok
README.md	62	4	ok
README.md	63	0	blank
README.md	64	4	comment
README.md	65	0	blank
README.md	66	4	comment
README.md	67	0	blank
README.md	68	4	ok
README.md	69	4	ok
README.md	70	4	ok
README.md	71	0	blank
README.md	72	4	comment
README.md	73	0	blank
README.md	74	4	ok
README.md	75	4	comment
README.md	76	4	ok
README.md	77	4	ok
README.md	78	0	blank
README.md	79	4	comment
README.md	80	4	ok
README.md	81	0	blank
README.md	82	4	comment
README.md	83	4	ok
README.md	84	4	ok
README.md	85	4	ok
README.md	86	0	blank
README.md	87	4	comment
README.md	88	0	blank
README.md	89	4	ok
README.md	90	4	comment
README.md	91	4	ok
README.md	92	4	ok
README.md	93	0	blank
README.md	94	4	comment
README.md	95	4	ok
README.md	96	0	blank
README.md	97	4	comment
README.md	98	4	comment
README.md	99	0	blank
README.md	100	4	comment
README.md	101	4	ok
README.md	102	0	blank
README.md	103	4	comment
README.md	104	4	ok
README.md	105	4	ok
README.md	106	0	blank
README.md	107	4	comment
README.md	108	0	blank
README.md	109	4	comment
README.md	110	0	blank
README.md	111	4	ok
README.md	112	0	blank
README.md	113	4	ok
README.md	114	4	comment
README.md	115	4	ok
README.md	116	4	comment
README.md	117	4	ok
README.md	118	4	comment
README.md	119	4	ok
README.md	120	0	blank
README.md	121	4	comment
README.md	122	4	ok
README.md	123	0	blank
README.md	124	4	comment
README.md	125	4	ok
README.md	126	4	ok
README.md	127	0	blank
README.md	128	4	comment
README.md	129	0	blank
README.md	130	4	ok
README.md	131	4	ok
README.md	132	4	ok
README.md	133	4	ok
README.md	134	4	ok
README.md	135	4	ok
README.md	136	0	blank
README.md	137	4	comment
README.md	138	0	blank
README.md	139	4	ok
README.md	140	4	comment
README.md	141	4	ok
README.md	142	4	ok
README.md	143	0	blank
README.md	144	4	comment
README.md	145	4	ok
README.md	146	4	ok
README.md	147	4	ok
README.md	148	0	blank
README.md	149	4	comment
README.md	150	0	blank
README.md	151	4	ok
README.md	152	0	blank
README.md	153	4	ok
README.md	154	4	ok
README.md	155	4	ok
README.md	156	4	ok
README.md	157	4	ok
README.md	158	4	ok
README.md	159	4	ok
README.md	160	0	blank
README.md	161	4	comment
README.md	162	0	blank
README.md	163	4	ok
README.md	164	4	ok
README.md	165	4	ok
README.md	166	4	ok
README.md	167	4	ok
README.md	168	4	ok
README.md	169	4	ok
README.md	170	4	ok
README.md	171	4	ok
README.md	172	4	ok
README.md	173	4	ok
README.md	174	4	ok
README.md	175	4	ok
README.md	176	4	ok
README.md	177	4	ok
README.md	178	4	ok
README.md	179	4	ok
README.md	180	4	ok
README.md	181	4	ok
README.md	182	4	ok
README.md	183	4	ok
README.md	184	4	ok
README.md	185	4	ok
README.md	186	4	ok
README.md	187	4	ok
README.md	188	4	ok
README.md	189	4	ok
README.md	190	4	ok
README.md	191	4	ok
README.md	192	4	ok
README.md	193	4	ok
README.md	194	4	ok
README.md	195	4	ok
README.md	196	4	ok
README.md	197	4	ok
README.md	198	4	ok
README.md	199	4	ok
README.md	200	4	ok
README.md	201	4	ok
README.md	202	4	ok
README.md	203	4	ok
README.md	204	4	ok
README.md	205	4	ok
README.md	206	4	ok
README.md	207	4	ok
README.md	208	4	ok
README.md	209	4	ok
README.md	210	4	ok
README.md	211	0	blank
README.md	212	4	comment
README.md	213	0	blank
README.md	214	4	ok
README.md	215	0	blank
README.md	216	4	comment
README.md	217	0	blank
README.md	218	4	ok
README.md	219	4	ok
README.md	220	4	ok
README.md	221	4	ok
README.md	222	4	ok
README.md	223	0	blank
README.md	224	4	comment
README.md	225	0	blank
README.md	226	4	ok
README.md	227	4	ok
README.md	228	4	ok
README.md	229	4	ok
README.md	230	4	ok
README.md	231	4	ok
README.md	232	4	ok
README.md	233	0	blank
README.md	234	4	comment
README.md	235	0	blank
README.md	236	4	ok
README.md	237	0	blank
README.md	238	4	ok
README.md	239	4	ok
README.md	240	4	ok
README.md	241	4	ok
README.md	242	4	ok
README.md	243	0	blank
README.md	244	4	ok
README.md	245	0	blank
README.md	246	4	comment
README.md	247	0	blank
README.md	248	4	ok
README.md	249	4	comment
README.md	250	4	ok
README.md	251	0	blank
README.md	252	4	comment
README.md	253	4	ok
README.md	254	0	blank
README.md	255	4	comment
README.md	256	4	ok
README.md	257	4	ok
README.md	258	0	blank
README.md	259	4	comment
README.md	260	0	blank
README.md	261	4	ok
README.md	262	4	comment
README.md	263	4	ok
README.md	264	0	blank
README.md	265	4	comment
README.md	266	4	ok
README.md	267	0	blank
README.md	268	4	comment
README.md	269	4	ok
README.md	270	4	ok
README.md	271	0	blank
README.md	272	4	comment
README.md	273	0	blank
README.md	274	4	ok
README.md	275	4	ok
README.md	276	4	ok
README.md	277	4	ok
README.md	278	4	ok
README.md	279	0	blank
README.md	280	4	ok
README.md	281	4	comment
README.md	282	4	ok
README.md	283	0	blank
README.md	284	4	comment
README.md	285	4	ok
README.md	286	4	ok
README.md	287	0	blank
README.md	288	4	comment
README.md	289	0	blank
README.md	290	4	comment
README.md	291	0	blank
README.md	292	4	ok
README.md	293	4	ok
README.md	294	4	ok
README.md	295	0	blank
README.md	296	4	comment
README.md	297	0	blank
README.md	298	4	ok
README.md	299	4	ok
README.md	300	4	ok
README.md	301	0	blank
README.md	302	4	comment
README.md	303	0	blank
README.md	304	4	ok
README.md	305	4	ok
README.md	306	4	ok
README.md	307	4	ok
README.md	308	0	blank
README.md	309	4	comment
README.md	310	0	blank
README.md	311	4	ok
README.md	312	0	blank
README.md	313	4	comment
README.md	314	0	blank
README.md	315	4	ok
config\agents.yaml	1	4	comment
config\agents.yaml	2	4	comment
config\agents.yaml	3	4	comment
config\agents.yaml	4	0	blank
config\agents.yaml	5	4	ok
config\agents.yaml	6	4	comment
config\agents.yaml	7	4	ok
config\agents.yaml	8	4	ok
config\agents.yaml	9	4	ok
config\agents.yaml	10	0	blank
config\agents.yaml	11	4	ok
config\agents.yaml	12	4	ok
config\agents.yaml	13	4	ok
config\agents.yaml	14	4	ok
config\agents.yaml	15	4	ok
config\agents.yaml	16	4	ok
config\agents.yaml	17	4	ok
config\agents.yaml	18	0	blank
config\agents.yaml	19	4	ok
config\agents.yaml	20	4	ok
config\agents.yaml	21	4	ok
config\agents.yaml	22	4	ok
config\agents.yaml	23	4	ok
config\agents.yaml	24	4	ok
config\agents.yaml	25	0	blank
config\agents.yaml	26	4	ok
config\agents.yaml	27	4	ok
config\agents.yaml	28	4	ok
config\agents.yaml	29	4	ok
config\agents.yaml	30	4	ok
config\agents.yaml	31	4	ok
config\agents.yaml	32	0	blank
config\agents.yaml	33	4	ok
config\agents.yaml	34	4	ok
config\agents.yaml	35	4	ok
config\agents.yaml	36	4	ok
config\agents.yaml	37	4	ok
config\agents.yaml	38	4	ok
config\agents.yaml	39	0	blank
config\agents.yaml	40	4	ok
config\agents.yaml	41	4	ok
config\agents.yaml	42	4	ok
config\agents.yaml	43	4	ok
config\agents.yaml	44	4	ok
config\agents.yaml	45	4	ok
config\agents.yaml	46	0	blank
config\agents.yaml	47	4	ok
config\agents.yaml	48	4	ok
config\agents.yaml	49	4	ok
config\agents.yaml	50	4	ok
config\agents.yaml	51	4	ok
config\agents.yaml	52	4	ok
config\agents.yaml	53	0	blank
config\agents.yaml	54	4	comment
config\agents.yaml	55	4	ok
config\agents.yaml	56	4	ok
config\agents.yaml	57	4	ok
config\exchanges.yaml	1	4	comment
config\exchanges.yaml	2	4	comment
config\exchanges.yaml	3	0	blank
config\exchanges.yaml	4	4	comment
config\exchanges.yaml	5	4	ok
config\exchanges.yaml	6	0	blank
config\exchanges.yaml	7	4	ok
config\exchanges.yaml	8	4	ok
config\exchanges.yaml	9	4	ok
config\exchanges.yaml	10	4	ok
config\exchanges.yaml	11	4	ok
config\exchanges.yaml	12	4	ok
config\exchanges.yaml	13	4	ok
config\exchanges.yaml	14	4	ok
config\exchanges.yaml	15	4	ok
config\exchanges.yaml	16	4	ok
config\exchanges.yaml	17	4	ok
config\exchanges.yaml	18	4	ok
config\exchanges.yaml	19	4	ok
config\exchanges.yaml	20	4	ok
config\exchanges.yaml	21	4	ok
config\exchanges.yaml	22	4	ok
config\exchanges.yaml	23	4	ok
config\exchanges.yaml	24	4	ok
config\exchanges.yaml	25	4	ok
config\exchanges.yaml	26	4	ok
config\exchanges.yaml	27	4	ok
config\exchanges.yaml	28	4	ok
config\exchanges.yaml	29	4	ok
config\exchanges.yaml	30	0	blank
config\exchanges.yaml	31	4	ok
config\exchanges.yaml	32	4	ok
config\exchanges.yaml	33	4	ok
config\exchanges.yaml	34	4	ok
config\exchanges.yaml	35	4	ok
config\exchanges.yaml	36	4	ok
config\exchanges.yaml	37	4	ok
config\exchanges.yaml	38	4	ok
config\exchanges.yaml	39	0	blank
config\exchanges.yaml	40	4	comment
config\exchanges.yaml	41	4	ok
config\exchanges.yaml	42	4	ok
config\exchanges.yaml	43	4	ok
config\exchanges.yaml	44	4	ok
config\exchanges.yaml	45	4	ok
config\exchanges.yaml	46	4	ok
config\exchanges.yaml	47	4	ok
config\exchanges.yaml	48	4	ok
config\exchanges.yaml	49	4	ok
config\exchanges.yaml	50	0	blank
config\exchanges.yaml	51	4	comment
config\exchanges.yaml	52	4	ok
config\exchanges.yaml	53	4	ok
config\exchanges.yaml	54	4	ok
config\exchanges.yaml	55	4	ok
config\exchanges.yaml	56	0	blank
config\exchanges.yaml	57	4	comment
config\exchanges.yaml	58	4	ok
config\exchanges.yaml	59	4	ok
config\exchanges.yaml	60	4	ok
config\exchanges.yaml	61	4	ok
config\risk_params.yaml	1	4	comment
config\risk_params.yaml	2	4	comment
config\risk_params.yaml	3	0	blank
config\risk_params.yaml	4	4	comment
config\risk_params.yaml	5	4	comment
config\risk_params.yaml	6	0	blank
config\risk_params.yaml	7	4	ok
config\risk_params.yaml	8	4	comment
config\risk_params.yaml	9	4	ok
config\risk_params.yaml	10	4	ok
config\risk_params.yaml	11	4	ok
config\risk_params.yaml	12	0	blank
config\risk_params.yaml	13	4	comment
config\risk_params.yaml	14	4	ok
config\risk_params.yaml	15	4	ok
config\risk_params.yaml	16	4	ok
config\risk_params.yaml	17	0	blank
config\risk_params.yaml	18	4	comment
config\risk_params.yaml	19	4	ok
config\risk_params.yaml	20	4	ok
config\risk_params.yaml	21	0	blank
config\risk_params.yaml	22	4	comment
config\risk_params.yaml	23	4	ok
config\risk_params.yaml	24	4	ok
config\risk_params.yaml	25	0	blank
config\risk_params.yaml	26	4	comment
config\risk_params.yaml	27	4	ok
config\risk_params.yaml	28	4	ok
config\risk_params.yaml	29	4	ok
config\risk_params.yaml	30	0	blank
config\risk_params.yaml	31	4	ok
config\risk_params.yaml	32	4	comment
config\risk_params.yaml	33	4	comment
config\risk_params.yaml	34	0	blank
config\risk_params.yaml	35	4	ok
config\risk_params.yaml	36	4	ok
config\risk_params.yaml	37	4	ok
config\risk_params.yaml	38	4	ok
config\risk_params.yaml	39	0	blank
config\risk_params.yaml	40	4	ok
config\risk_params.yaml	41	4	ok
config\risk_params.yaml	42	4	ok
config\risk_params.yaml	43	0	blank
config\risk_params.yaml	44	4	ok
config\risk_params.yaml	45	4	ok
config\risk_params.yaml	46	4	ok
config\risk_params.yaml	47	0	blank
config\risk_params.yaml	48	4	ok
config\risk_params.yaml	49	4	ok
config\risk_params.yaml	50	4	ok
config\risk_params.yaml	51	0	blank
config\risk_params.yaml	52	4	ok
config\risk_params.yaml	53	4	ok
config\risk_params.yaml	54	4	ok
config\risk_params.yaml	55	0	blank
config\risk_params.yaml	56	4	comment
config\risk_params.yaml	57	4	ok
config\risk_params.yaml	58	4	ok
config\risk_params.yaml	59	4	ok
config\risk_params.yaml	60	4	ok
config\risk_params.yaml	61	4	ok
config\risk_params.yaml	62	0	blank
config\risk_params.yaml	63	4	comment
config\risk_params.yaml	64	4	ok
config\risk_params.yaml	65	4	ok
config\risk_params.yaml	66	4	ok
config\risk_params.yaml	67	4	ok
config\risk_params.yaml	68	4	ok
config\risk_params.yaml	69	4	ok
config\risk_params.yaml	70	4	ok
config\risk_params.yaml	71	0	blank
config\risk_params.yaml	72	4	comment
config\risk_params.yaml	73	4	ok
config\risk_params.yaml	74	4	ok
config\risk_params.yaml	75	4	ok
config\risk_params.yaml	76	4	ok
config\risk_params.yaml	77	4	ok
config\risk_params.yaml	78	4	ok
config\risk_params.yaml	79	4	ok
config\risk_params.yaml	80	4	ok
config\risk_params.yaml	81	4	ok
config\risk_params.yaml	82	4	comment
config\risk_params.yaml	83	0	blank
config\risk_params.yaml	84	4	comment
config\risk_params.yaml	85	4	ok
config\risk_params.yaml	86	4	ok
config\risk_params.yaml	87	4	ok
config\risk_params.yaml	88	4	ok
config\risk_params.yaml	89	4	ok
docker-compose.yml	1	4	comment
docker-compose.yml	2	4	comment
docker-compose.yml	3	0	blank
docker-compose.yml	4	4	ok
docker-compose.yml	5	0	blank
docker-compose.yml	6	4	ok
docker-compose.yml	7	4	comment
docker-compose.yml	8	4	ok
docker-compose.yml	9	4	ok
docker-compose.yml	10	4	ok
docker-compose.yml	11	4	ok
docker-compose.yml	12	4	ok
docker-compose.yml	13	4	ok
docker-compose.yml	14	4	ok
docker-compose.yml	15	4	ok
docker-compose.yml	16	4	ok
docker-compose.yml	17	4	ok
docker-compose.yml	18	4	ok
docker-compose.yml	19	4	ok
docker-compose.yml	20	4	ok
docker-compose.yml	21	4	ok
docker-compose.yml	22	4	ok
docker-compose.yml	23	4	ok
docker-compose.yml	24	4	ok
docker-compose.yml	25	4	ok
docker-compose.yml	26	4	ok
docker-compose.yml	27	4	ok
docker-compose.yml	28	4	ok
docker-compose.yml	29	4	ok
docker-compose.yml	30	4	ok
docker-compose.yml	31	4	ok
docker-compose.yml	32	4	ok
docker-compose.yml	33	4	ok
docker-compose.yml	34	4	ok
docker-compose.yml	35	4	ok
docker-compose.yml	36	0	blank
docker-compose.yml	37	4	comment
docker-compose.yml	38	4	ok
docker-compose.yml	39	4	ok
docker-compose.yml	40	4	ok
docker-compose.yml	41	4	ok
docker-compose.yml	42	4	ok
docker-compose.yml	43	4	ok
docker-compose.yml	44	4	ok
docker-compose.yml	45	4	ok
docker-compose.yml	46	4	ok
docker-compose.yml	47	4	ok
docker-compose.yml	48	4	ok
docker-compose.yml	49	4	ok
docker-compose.yml	50	4	ok
docker-compose.yml	51	4	ok
docker-compose.yml	52	4	ok
docker-compose.yml	53	4	ok
docker-compose.yml	54	4	ok
docker-compose.yml	55	0	blank
docker-compose.yml	56	4	comment
docker-compose.yml	57	4	ok
docker-compose.yml	58	4	ok
docker-compose.yml	59	4	ok
docker-compose.yml	60	4	ok
docker-compose.yml	61	4	ok
docker-compose.yml	62	4	ok
docker-compose.yml	63	4	ok
docker-compose.yml	64	4	ok
docker-compose.yml	65	4	ok
docker-compose.yml	66	4	ok
docker-compose.yml	67	4	ok
docker-compose.yml	68	0	blank
docker-compose.yml	69	4	comment
docker-compose.yml	70	4	ok
docker-compose.yml	71	4	ok
docker-compose.yml	72	4	ok
docker-compose.yml	73	4	ok
docker-compose.yml	74	4	ok
docker-compose.yml	75	4	ok
docker-compose.yml	76	4	ok
docker-compose.yml	77	4	ok
docker-compose.yml	78	4	ok
docker-compose.yml	79	4	ok
docker-compose.yml	80	4	ok
docker-compose.yml	81	4	ok
docker-compose.yml	82	4	ok
docker-compose.yml	83	4	ok
docker-compose.yml	84	0	blank
docker-compose.yml	85	4	comment
docker-compose.yml	86	4	ok
docker-compose.yml	87	4	ok
docker-compose.yml	88	4	ok
docker-compose.yml	89	4	ok
docker-compose.yml	90	4	ok
docker-compose.yml	91	4	ok
docker-compose.yml	92	4	ok
docker-compose.yml	93	4	ok
docker-compose.yml	94	4	ok
docker-compose.yml	95	4	ok
docker-compose.yml	96	4	ok
docker-compose.yml	97	4	ok
docker-compose.yml	98	4	ok
docker-compose.yml	99	4	ok
docker-compose.yml	100	4	ok
docker-compose.yml	101	4	ok
docker-compose.yml	102	0	blank
docker-compose.yml	103	4	ok
docker-compose.yml	104	4	ok
docker-compose.yml	105	4	ok
docker-compose.yml	106	0	blank
docker-compose.yml	107	4	ok
docker-compose.yml	108	4	ok
docker-compose.yml	109	4	ok
docker-compose.yml	110	4	ok
docker-compose.yml	111	4	ok
monitoring\prometheus.yml	1	4	comment
monitoring\prometheus.yml	2	0	blank
monitoring\prometheus.yml	3	4	ok
monitoring\prometheus.yml	4	4	ok
monitoring\prometheus.yml	5	4	ok
monitoring\prometheus.yml	6	0	blank
monitoring\prometheus.yml	7	4	ok
monitoring\prometheus.yml	8	4	ok
monitoring\prometheus.yml	9	4	ok
monitoring\prometheus.yml	10	4	ok
monitoring\prometheus.yml	11	0	blank
monitoring\prometheus.yml	12	4	ok
monitoring\prometheus.yml	13	0	blank
monitoring\prometheus.yml	14	4	ok
monitoring\prometheus.yml	15	4	comment
monitoring\prometheus.yml	16	4	ok
monitoring\prometheus.yml	17	4	ok
monitoring\prometheus.yml	18	4	ok
monitoring\prometheus.yml	19	0	blank
monitoring\prometheus.yml	20	4	comment
monitoring\prometheus.yml	21	4	ok
monitoring\prometheus.yml	22	4	ok
monitoring\prometheus.yml	23	4	ok
monitoring\prometheus.yml	24	4	ok
monitoring\prometheus.yml	25	0	blank
monitoring\prometheus.yml	26	4	comment
monitoring\prometheus.yml	27	4	ok
monitoring\prometheus.yml	28	4	ok
monitoring\prometheus.yml	29	4	ok
prompts\bear_researcher.md	1	4	comment
prompts\bear_researcher.md	2	0	blank
prompts\bear_researcher.md	3	4	comment
prompts\bear_researcher.md	4	3	long_line
prompts\bear_researcher.md	5	0	blank
prompts\bear_researcher.md	6	4	comment
prompts\bear_researcher.md	7	3	long_line
prompts\bear_researcher.md	8	0	blank
prompts\bear_researcher.md	9	4	comment
prompts\bear_researcher.md	10	0	blank
prompts\bear_researcher.md	11	4	comment
prompts\bear_researcher.md	12	0	blank
prompts\bear_researcher.md	13	4	comment
prompts\bear_researcher.md	14	0	blank
prompts\bear_researcher.md	15	4	comment
prompts\bear_researcher.md	16	4	ok
prompts\bear_researcher.md	17	4	ok
prompts\bear_researcher.md	18	4	ok
prompts\bear_researcher.md	19	4	ok
prompts\bear_researcher.md	20	0	blank
prompts\bear_researcher.md	21	4	comment
prompts\bear_researcher.md	22	4	ok
prompts\bear_researcher.md	23	4	ok
prompts\bear_researcher.md	24	4	ok
prompts\bear_researcher.md	25	4	ok
prompts\bear_researcher.md	26	0	blank
prompts\bear_researcher.md	27	4	comment
prompts\bear_researcher.md	28	4	ok
prompts\bear_researcher.md	29	4	ok
prompts\bear_researcher.md	30	4	ok
prompts\bear_researcher.md	31	4	ok
prompts\bear_researcher.md	32	0	blank
prompts\bear_researcher.md	33	4	comment
prompts\bear_researcher.md	34	0	blank
prompts\bear_researcher.md	35	4	comment
prompts\bear_researcher.md	36	4	ok
prompts\bear_researcher.md	37	4	ok
prompts\bear_researcher.md	38	4	ok
prompts\bear_researcher.md	39	4	ok
prompts\bear_researcher.md	40	0	blank
prompts\bear_researcher.md	41	4	comment
prompts\bear_researcher.md	42	4	ok
prompts\bear_researcher.md	43	4	ok
prompts\bear_researcher.md	44	4	ok
prompts\bear_researcher.md	45	4	ok
prompts\bear_researcher.md	46	0	blank
prompts\bear_researcher.md	47	4	comment
prompts\bear_researcher.md	48	4	ok
prompts\bear_researcher.md	49	4	ok
prompts\bear_researcher.md	50	4	ok
prompts\bear_researcher.md	51	4	ok
prompts\bear_researcher.md	52	0	blank
prompts\bear_researcher.md	53	4	comment
prompts\bear_researcher.md	54	0	blank
prompts\bear_researcher.md	55	4	comment
prompts\bear_researcher.md	56	4	ok
prompts\bear_researcher.md	57	4	ok
prompts\bear_researcher.md	58	4	ok
prompts\bear_researcher.md	59	4	ok
prompts\bear_researcher.md	60	4	ok
prompts\bear_researcher.md	61	0	blank
prompts\bear_researcher.md	62	4	comment
prompts\bear_researcher.md	63	4	ok
prompts\bear_researcher.md	64	4	ok
prompts\bear_researcher.md	65	4	ok
prompts\bear_researcher.md	66	4	ok
prompts\bear_researcher.md	67	0	blank
prompts\bear_researcher.md	68	4	comment
prompts\bear_researcher.md	69	4	ok
prompts\bear_researcher.md	70	4	ok
prompts\bear_researcher.md	71	4	ok
prompts\bear_researcher.md	72	0	blank
prompts\bear_researcher.md	73	4	comment
prompts\bear_researcher.md	74	0	blank
prompts\bear_researcher.md	75	4	comment
prompts\bear_researcher.md	76	4	ok
prompts\bear_researcher.md	77	4	ok
prompts\bear_researcher.md	78	4	ok
prompts\bear_researcher.md	79	4	ok
prompts\bear_researcher.md	80	0	blank
prompts\bear_researcher.md	81	4	comment
prompts\bear_researcher.md	82	4	ok
prompts\bear_researcher.md	83	4	ok
prompts\bear_researcher.md	84	4	ok
prompts\bear_researcher.md	85	4	ok
prompts\bear_researcher.md	86	0	blank
prompts\bear_researcher.md	87	4	comment
prompts\bear_researcher.md	88	4	ok
prompts\bear_researcher.md	89	4	ok
prompts\bear_researcher.md	90	4	ok
prompts\bear_researcher.md	91	4	ok
prompts\bear_researcher.md	92	0	blank
prompts\bear_researcher.md	93	4	comment
prompts\bear_researcher.md	94	0	blank
prompts\bear_researcher.md	95	4	comment
prompts\bear_researcher.md	96	4	ok
prompts\bear_researcher.md	97	4	ok
prompts\bear_researcher.md	98	4	ok
prompts\bear_researcher.md	99	4	ok
prompts\bear_researcher.md	100	0	blank
prompts\bear_researcher.md	101	4	comment
prompts\bear_researcher.md	102	4	ok
prompts\bear_researcher.md	103	4	ok
prompts\bear_researcher.md	104	4	ok
prompts\bear_researcher.md	105	4	ok
prompts\bear_researcher.md	106	0	blank
prompts\bear_researcher.md	107	4	comment
prompts\bear_researcher.md	108	4	ok
prompts\bear_researcher.md	109	4	ok
prompts\bear_researcher.md	110	4	ok
prompts\bear_researcher.md	111	0	blank
prompts\bear_researcher.md	112	4	comment
prompts\bear_researcher.md	113	0	blank
prompts\bear_researcher.md	114	4	comment
prompts\bear_researcher.md	115	4	ok
prompts\bear_researcher.md	116	4	ok
prompts\bear_researcher.md	117	4	ok
prompts\bear_researcher.md	118	4	ok
prompts\bear_researcher.md	119	0	blank
prompts\bear_researcher.md	120	4	comment
prompts\bear_researcher.md	121	4	ok
prompts\bear_researcher.md	122	4	ok
prompts\bear_researcher.md	123	4	ok
prompts\bear_researcher.md	124	4	ok
prompts\bear_researcher.md	125	0	blank
prompts\bear_researcher.md	126	4	comment
prompts\bear_researcher.md	127	4	ok
prompts\bear_researcher.md	128	4	ok
prompts\bear_researcher.md	129	4	ok
prompts\bear_researcher.md	130	0	blank
prompts\bear_researcher.md	131	4	comment
prompts\bear_researcher.md	132	0	blank
prompts\bear_researcher.md	133	4	comment
prompts\bear_researcher.md	134	4	ok
prompts\bear_researcher.md	135	4	ok
prompts\bear_researcher.md	136	4	ok
prompts\bear_researcher.md	137	4	ok
prompts\bear_researcher.md	138	4	ok
prompts\bear_researcher.md	139	4	ok
prompts\bear_researcher.md	140	4	ok
prompts\bear_researcher.md	141	4	ok
prompts\bear_researcher.md	142	4	ok
prompts\bear_researcher.md	143	4	ok
prompts\bear_researcher.md	144	4	ok
prompts\bear_researcher.md	145	4	ok
prompts\bear_researcher.md	146	4	ok
prompts\bear_researcher.md	147	4	ok
prompts\bear_researcher.md	148	4	ok
prompts\bear_researcher.md	149	4	ok
prompts\bear_researcher.md	150	4	ok
prompts\bear_researcher.md	151	4	ok
prompts\bear_researcher.md	152	4	ok
prompts\bear_researcher.md	153	4	ok
prompts\bear_researcher.md	154	4	ok
prompts\bear_researcher.md	155	4	ok
prompts\bear_researcher.md	156	4	ok
prompts\bear_researcher.md	157	4	ok
prompts\bear_researcher.md	158	4	ok
prompts\bear_researcher.md	159	4	ok
prompts\bear_researcher.md	160	4	ok
prompts\bear_researcher.md	161	4	ok
prompts\bear_researcher.md	162	4	ok
prompts\bear_researcher.md	163	4	ok
prompts\bear_researcher.md	164	4	ok
prompts\bear_researcher.md	165	4	ok
prompts\bear_researcher.md	166	4	ok
prompts\bear_researcher.md	167	4	ok
prompts\bear_researcher.md	168	4	ok
prompts\bear_researcher.md	169	4	ok
prompts\bear_researcher.md	170	4	ok
prompts\bear_researcher.md	171	4	ok
prompts\bear_researcher.md	172	0	blank
prompts\bear_researcher.md	173	4	comment
prompts\bear_researcher.md	174	0	blank
prompts\bear_researcher.md	175	4	comment
prompts\bear_researcher.md	176	4	ok
prompts\bear_researcher.md	177	0	blank
prompts\bear_researcher.md	178	4	ok
prompts\bear_researcher.md	179	4	ok
prompts\bear_researcher.md	180	4	ok
prompts\bear_researcher.md	181	4	ok
prompts\bear_researcher.md	182	4	ok
prompts\bear_researcher.md	183	4	ok
prompts\bear_researcher.md	184	4	ok
prompts\bear_researcher.md	185	4	ok
prompts\bear_researcher.md	186	4	ok
prompts\bear_researcher.md	187	4	ok
prompts\bear_researcher.md	188	4	ok
prompts\bear_researcher.md	189	4	ok
prompts\bear_researcher.md	190	4	ok
prompts\bear_researcher.md	191	4	ok
prompts\bear_researcher.md	192	4	ok
prompts\bear_researcher.md	193	4	ok
prompts\bear_researcher.md	194	4	ok
prompts\bear_researcher.md	195	4	ok
prompts\bear_researcher.md	196	4	ok
prompts\bear_researcher.md	197	4	ok
prompts\bear_researcher.md	198	4	ok
prompts\bear_researcher.md	199	4	ok
prompts\bear_researcher.md	200	4	ok
prompts\bear_researcher.md	201	4	ok
prompts\bear_researcher.md	202	4	ok
prompts\bear_researcher.md	203	4	ok
prompts\bear_researcher.md	204	4	ok
prompts\bear_researcher.md	205	4	ok
prompts\bear_researcher.md	206	4	ok
prompts\bear_researcher.md	207	4	ok
prompts\bear_researcher.md	208	4	ok
prompts\bear_researcher.md	209	4	ok
prompts\bear_researcher.md	210	4	ok
prompts\bear_researcher.md	211	4	ok
prompts\bear_researcher.md	212	4	ok
prompts\bear_researcher.md	213	4	ok
prompts\bear_researcher.md	214	4	ok
prompts\bear_researcher.md	215	4	ok
prompts\bear_researcher.md	216	4	ok
prompts\bear_researcher.md	217	4	ok
prompts\bear_researcher.md	218	4	ok
prompts\bear_researcher.md	219	4	ok
prompts\bear_researcher.md	220	4	ok
prompts\bear_researcher.md	221	4	ok
prompts\bear_researcher.md	222	4	ok
prompts\bear_researcher.md	223	4	ok
prompts\bear_researcher.md	224	4	ok
prompts\bear_researcher.md	225	4	ok
prompts\bear_researcher.md	226	4	ok
prompts\bear_researcher.md	227	4	ok
prompts\bear_researcher.md	228	4	ok
prompts\bear_researcher.md	229	4	ok
prompts\bear_researcher.md	230	4	ok
prompts\bear_researcher.md	231	4	ok
prompts\bear_researcher.md	232	4	ok
prompts\bear_researcher.md	233	4	ok
prompts\bear_researcher.md	234	4	ok
prompts\bear_researcher.md	235	4	ok
prompts\bear_researcher.md	236	4	ok
prompts\bear_researcher.md	237	4	ok
prompts\bear_researcher.md	238	4	ok
prompts\bear_researcher.md	239	4	ok
prompts\bear_researcher.md	240	4	ok
prompts\bear_researcher.md	241	4	ok
prompts\bear_researcher.md	242	4	ok
prompts\bear_researcher.md	243	4	ok
prompts\bear_researcher.md	244	4	ok
prompts\bear_researcher.md	245	4	ok
prompts\bear_researcher.md	246	4	ok
prompts\bear_researcher.md	247	4	ok
prompts\bear_researcher.md	248	4	ok
prompts\bear_researcher.md	249	4	ok
prompts\bear_researcher.md	250	4	ok
prompts\bear_researcher.md	251	4	ok
prompts\bear_researcher.md	252	4	ok
prompts\bear_researcher.md	253	4	ok
prompts\bear_researcher.md	254	4	ok
prompts\bear_researcher.md	255	4	ok
prompts\bear_researcher.md	256	4	ok
prompts\bear_researcher.md	257	4	ok
prompts\bear_researcher.md	258	4	ok
prompts\bear_researcher.md	259	4	ok
prompts\bear_researcher.md	260	4	ok
prompts\bear_researcher.md	261	4	ok
prompts\bear_researcher.md	262	4	ok
prompts\bear_researcher.md	263	4	ok
prompts\bear_researcher.md	264	4	ok
prompts\bear_researcher.md	265	4	ok
prompts\bear_researcher.md	266	4	ok
prompts\bear_researcher.md	267	4	ok
prompts\bear_researcher.md	268	4	ok
prompts\bear_researcher.md	269	4	ok
prompts\bear_researcher.md	270	4	ok
prompts\bear_researcher.md	271	4	ok
prompts\bear_researcher.md	272	4	ok
prompts\bear_researcher.md	273	4	ok
prompts\bear_researcher.md	274	4	ok
prompts\bear_researcher.md	275	4	ok
prompts\bear_researcher.md	276	4	ok
prompts\bear_researcher.md	277	4	ok
prompts\bear_researcher.md	278	4	ok
prompts\bear_researcher.md	279	4	ok
prompts\bear_researcher.md	280	4	ok
prompts\bear_researcher.md	281	4	ok
prompts\bear_researcher.md	282	4	ok
prompts\bear_researcher.md	283	4	ok
prompts\bear_researcher.md	284	0	blank
prompts\bear_researcher.md	285	4	comment
prompts\bear_researcher.md	286	0	blank
prompts\bear_researcher.md	287	4	comment
prompts\bear_researcher.md	288	0	blank
prompts\bear_researcher.md	289	4	comment
prompts\bear_researcher.md	290	4	ok
prompts\bear_researcher.md	291	4	ok
prompts\bear_researcher.md	292	4	ok
prompts\bear_researcher.md	293	4	ok
prompts\bear_researcher.md	294	0	blank
prompts\bear_researcher.md	295	4	comment
prompts\bear_researcher.md	296	4	ok
prompts\bear_researcher.md	297	4	ok
prompts\bear_researcher.md	298	4	ok
prompts\bear_researcher.md	299	4	ok
prompts\bear_researcher.md	300	0	blank
prompts\bear_researcher.md	301	4	comment
prompts\bear_researcher.md	302	4	ok
prompts\bear_researcher.md	303	4	ok
prompts\bear_researcher.md	304	4	ok
prompts\bear_researcher.md	305	4	ok
prompts\bear_researcher.md	306	0	blank
prompts\bear_researcher.md	307	4	comment
prompts\bear_researcher.md	308	4	ok
prompts\bear_researcher.md	309	4	ok
prompts\bear_researcher.md	310	4	ok
prompts\bear_researcher.md	311	4	ok
prompts\bear_researcher.md	312	0	blank
prompts\bear_researcher.md	313	4	comment
prompts\bear_researcher.md	314	0	blank
prompts\bear_researcher.md	315	4	comment
prompts\bear_researcher.md	316	3	long_line
prompts\bear_researcher.md	317	0	blank
prompts\bear_researcher.md	318	4	comment
prompts\bear_researcher.md	319	0	blank
prompts\bear_researcher.md	320	4	ok
prompts\bull_researcher.md	1	4	comment
prompts\bull_researcher.md	2	0	blank
prompts\bull_researcher.md	3	4	comment
prompts\bull_researcher.md	4	3	long_line
prompts\bull_researcher.md	5	0	blank
prompts\bull_researcher.md	6	4	comment
prompts\bull_researcher.md	7	3	long_line
prompts\bull_researcher.md	8	0	blank
prompts\bull_researcher.md	9	4	comment
prompts\bull_researcher.md	10	0	blank
prompts\bull_researcher.md	11	4	comment
prompts\bull_researcher.md	12	0	blank
prompts\bull_researcher.md	13	4	comment
prompts\bull_researcher.md	14	0	blank
prompts\bull_researcher.md	15	4	comment
prompts\bull_researcher.md	16	4	ok
prompts\bull_researcher.md	17	4	ok
prompts\bull_researcher.md	18	4	ok
prompts\bull_researcher.md	19	4	ok
prompts\bull_researcher.md	20	4	ok
prompts\bull_researcher.md	21	0	blank
prompts\bull_researcher.md	22	4	comment
prompts\bull_researcher.md	23	4	ok
prompts\bull_researcher.md	24	4	ok
prompts\bull_researcher.md	25	4	ok
prompts\bull_researcher.md	26	4	ok
prompts\bull_researcher.md	27	4	ok
prompts\bull_researcher.md	28	0	blank
prompts\bull_researcher.md	29	4	comment
prompts\bull_researcher.md	30	4	ok
prompts\bull_researcher.md	31	4	ok
prompts\bull_researcher.md	32	4	ok
prompts\bull_researcher.md	33	4	ok
prompts\bull_researcher.md	34	0	blank
prompts\bull_researcher.md	35	4	comment
prompts\bull_researcher.md	36	0	blank
prompts\bull_researcher.md	37	4	comment
prompts\bull_researcher.md	38	4	ok
prompts\bull_researcher.md	39	4	ok
prompts\bull_researcher.md	40	4	ok
prompts\bull_researcher.md	41	4	ok
prompts\bull_researcher.md	42	4	ok
prompts\bull_researcher.md	43	0	blank
prompts\bull_researcher.md	44	4	comment
prompts\bull_researcher.md	45	4	ok
prompts\bull_researcher.md	46	4	ok
prompts\bull_researcher.md	47	4	ok
prompts\bull_researcher.md	48	4	ok
prompts\bull_researcher.md	49	4	ok
prompts\bull_researcher.md	50	0	blank
prompts\bull_researcher.md	51	4	comment
prompts\bull_researcher.md	52	4	ok
prompts\bull_researcher.md	53	4	ok
prompts\bull_researcher.md	54	4	ok
prompts\bull_researcher.md	55	4	ok
prompts\bull_researcher.md	56	4	ok
prompts\bull_researcher.md	57	0	blank
prompts\bull_researcher.md	58	4	comment
prompts\bull_researcher.md	59	0	blank
prompts\bull_researcher.md	60	4	comment
prompts\bull_researcher.md	61	4	ok
prompts\bull_researcher.md	62	4	ok
prompts\bull_researcher.md	63	4	ok
prompts\bull_researcher.md	64	4	ok
prompts\bull_researcher.md	65	4	ok
prompts\bull_researcher.md	66	0	blank
prompts\bull_researcher.md	67	4	comment
prompts\bull_researcher.md	68	4	ok
prompts\bull_researcher.md	69	4	ok
prompts\bull_researcher.md	70	4	ok
prompts\bull_researcher.md	71	4	ok
prompts\bull_researcher.md	72	0	blank
prompts\bull_researcher.md	73	4	comment
prompts\bull_researcher.md	74	4	ok
prompts\bull_researcher.md	75	4	ok
prompts\bull_researcher.md	76	4	ok
prompts\bull_researcher.md	77	4	ok
prompts\bull_researcher.md	78	0	blank
prompts\bull_researcher.md	79	4	comment
prompts\bull_researcher.md	80	0	blank
prompts\bull_researcher.md	81	4	comment
prompts\bull_researcher.md	82	4	ok
prompts\bull_researcher.md	83	4	ok
prompts\bull_researcher.md	84	4	ok
prompts\bull_researcher.md	85	4	ok
prompts\bull_researcher.md	86	0	blank
prompts\bull_researcher.md	87	4	comment
prompts\bull_researcher.md	88	4	ok
prompts\bull_researcher.md	89	4	ok
prompts\bull_researcher.md	90	4	ok
prompts\bull_researcher.md	91	0	blank
prompts\bull_researcher.md	92	4	comment
prompts\bull_researcher.md	93	4	ok
prompts\bull_researcher.md	94	4	ok
prompts\bull_researcher.md	95	4	ok
prompts\bull_researcher.md	96	0	blank
prompts\bull_researcher.md	97	4	comment
prompts\bull_researcher.md	98	0	blank
prompts\bull_researcher.md	99	4	comment
prompts\bull_researcher.md	100	4	ok
prompts\bull_researcher.md	101	4	ok
prompts\bull_researcher.md	102	4	ok
prompts\bull_researcher.md	103	0	blank
prompts\bull_researcher.md	104	4	comment
prompts\bull_researcher.md	105	4	ok
prompts\bull_researcher.md	106	4	ok
prompts\bull_researcher.md	107	4	ok
prompts\bull_researcher.md	108	0	blank
prompts\bull_researcher.md	109	4	comment
prompts\bull_researcher.md	110	0	blank
prompts\bull_researcher.md	111	4	comment
prompts\bull_researcher.md	112	4	ok
prompts\bull_researcher.md	113	4	ok
prompts\bull_researcher.md	114	4	ok
prompts\bull_researcher.md	115	4	ok
prompts\bull_researcher.md	116	4	ok
prompts\bull_researcher.md	117	4	ok
prompts\bull_researcher.md	118	4	ok
prompts\bull_researcher.md	119	4	ok
prompts\bull_researcher.md	120	4	ok
prompts\bull_researcher.md	121	4	ok
prompts\bull_researcher.md	122	4	ok
prompts\bull_researcher.md	123	4	ok
prompts\bull_researcher.md	124	4	ok
prompts\bull_researcher.md	125	4	ok
prompts\bull_researcher.md	126	4	ok
prompts\bull_researcher.md	127	4	ok
prompts\bull_researcher.md	128	4	ok
prompts\bull_researcher.md	129	4	ok
prompts\bull_researcher.md	130	4	ok
prompts\bull_researcher.md	131	4	ok
prompts\bull_researcher.md	132	4	ok
prompts\bull_researcher.md	133	4	ok
prompts\bull_researcher.md	134	4	ok
prompts\bull_researcher.md	135	4	ok
prompts\bull_researcher.md	136	4	ok
prompts\bull_researcher.md	137	4	ok
prompts\bull_researcher.md	138	4	ok
prompts\bull_researcher.md	139	4	ok
prompts\bull_researcher.md	140	4	ok
prompts\bull_researcher.md	141	4	ok
prompts\bull_researcher.md	142	4	ok
prompts\bull_researcher.md	143	0	blank
prompts\bull_researcher.md	144	4	comment
prompts\bull_researcher.md	145	0	blank
prompts\bull_researcher.md	146	4	comment
prompts\bull_researcher.md	147	4	ok
prompts\bull_researcher.md	148	0	blank
prompts\bull_researcher.md	149	4	ok
prompts\bull_researcher.md	150	4	ok
prompts\bull_researcher.md	151	4	ok
prompts\bull_researcher.md	152	4	ok
prompts\bull_researcher.md	153	4	ok
prompts\bull_researcher.md	154	4	ok
prompts\bull_researcher.md	155	4	ok
prompts\bull_researcher.md	156	4	ok
prompts\bull_researcher.md	157	4	ok
prompts\bull_researcher.md	158	4	ok
prompts\bull_researcher.md	159	4	ok
prompts\bull_researcher.md	160	4	ok
prompts\bull_researcher.md	161	4	ok
prompts\bull_researcher.md	162	4	ok
prompts\bull_researcher.md	163	4	ok
prompts\bull_researcher.md	164	4	ok
prompts\bull_researcher.md	165	4	ok
prompts\bull_researcher.md	166	4	ok
prompts\bull_researcher.md	167	4	ok
prompts\bull_researcher.md	168	4	ok
prompts\bull_researcher.md	169	4	ok
prompts\bull_researcher.md	170	4	ok
prompts\bull_researcher.md	171	4	ok
prompts\bull_researcher.md	172	4	ok
prompts\bull_researcher.md	173	4	ok
prompts\bull_researcher.md	174	4	ok
prompts\bull_researcher.md	175	4	ok
prompts\bull_researcher.md	176	4	ok
prompts\bull_researcher.md	177	4	ok
prompts\bull_researcher.md	178	4	ok
prompts\bull_researcher.md	179	4	ok
prompts\bull_researcher.md	180	4	ok
prompts\bull_researcher.md	181	4	ok
prompts\bull_researcher.md	182	4	ok
prompts\bull_researcher.md	183	4	ok
prompts\bull_researcher.md	184	4	ok
prompts\bull_researcher.md	185	4	ok
prompts\bull_researcher.md	186	4	ok
prompts\bull_researcher.md	187	4	ok
prompts\bull_researcher.md	188	4	ok
prompts\bull_researcher.md	189	4	ok
prompts\bull_researcher.md	190	4	ok
prompts\bull_researcher.md	191	4	ok
prompts\bull_researcher.md	192	4	ok
prompts\bull_researcher.md	193	4	ok
prompts\bull_researcher.md	194	4	ok
prompts\bull_researcher.md	195	4	ok
prompts\bull_researcher.md	196	4	ok
prompts\bull_researcher.md	197	4	ok
prompts\bull_researcher.md	198	4	ok
prompts\bull_researcher.md	199	4	ok
prompts\bull_researcher.md	200	4	ok
prompts\bull_researcher.md	201	4	ok
prompts\bull_researcher.md	202	4	ok
prompts\bull_researcher.md	203	4	ok
prompts\bull_researcher.md	204	4	ok
prompts\bull_researcher.md	205	4	ok
prompts\bull_researcher.md	206	4	ok
prompts\bull_researcher.md	207	4	ok
prompts\bull_researcher.md	208	4	ok
prompts\bull_researcher.md	209	4	ok
prompts\bull_researcher.md	210	4	ok
prompts\bull_researcher.md	211	4	ok
prompts\bull_researcher.md	212	4	ok
prompts\bull_researcher.md	213	4	ok
prompts\bull_researcher.md	214	4	ok
prompts\bull_researcher.md	215	4	ok
prompts\bull_researcher.md	216	4	ok
prompts\bull_researcher.md	217	4	ok
prompts\bull_researcher.md	218	4	ok
prompts\bull_researcher.md	219	4	ok
prompts\bull_researcher.md	220	4	ok
prompts\bull_researcher.md	221	4	ok
prompts\bull_researcher.md	222	4	ok
prompts\bull_researcher.md	223	4	ok
prompts\bull_researcher.md	224	4	ok
prompts\bull_researcher.md	225	4	ok
prompts\bull_researcher.md	226	4	ok
prompts\bull_researcher.md	227	4	ok
prompts\bull_researcher.md	228	4	ok
prompts\bull_researcher.md	229	4	ok
prompts\bull_researcher.md	230	4	ok
prompts\bull_researcher.md	231	4	ok
prompts\bull_researcher.md	232	4	ok
prompts\bull_researcher.md	233	4	ok
prompts\bull_researcher.md	234	4	ok
prompts\bull_researcher.md	235	4	ok
prompts\bull_researcher.md	236	4	ok
prompts\bull_researcher.md	237	4	ok
prompts\bull_researcher.md	238	4	ok
prompts\bull_researcher.md	239	4	ok
prompts\bull_researcher.md	240	4	ok
prompts\bull_researcher.md	241	4	ok
prompts\bull_researcher.md	242	4	ok
prompts\bull_researcher.md	243	4	ok
prompts\bull_researcher.md	244	4	ok
prompts\bull_researcher.md	245	4	ok
prompts\bull_researcher.md	246	0	blank
prompts\bull_researcher.md	247	4	comment
prompts\bull_researcher.md	248	0	blank
prompts\bull_researcher.md	249	4	comment
prompts\bull_researcher.md	250	0	blank
prompts\bull_researcher.md	251	4	comment
prompts\bull_researcher.md	252	4	ok
prompts\bull_researcher.md	253	4	ok
prompts\bull_researcher.md	254	4	ok
prompts\bull_researcher.md	255	4	ok
prompts\bull_researcher.md	256	0	blank
prompts\bull_researcher.md	257	4	comment
prompts\bull_researcher.md	258	4	ok
prompts\bull_researcher.md	259	4	ok
prompts\bull_researcher.md	260	4	ok
prompts\bull_researcher.md	261	4	ok
prompts\bull_researcher.md	262	0	blank
prompts\bull_researcher.md	263	4	comment
prompts\bull_researcher.md	264	4	ok
prompts\bull_researcher.md	265	4	ok
prompts\bull_researcher.md	266	4	ok
prompts\bull_researcher.md	267	4	ok
prompts\bull_researcher.md	268	0	blank
prompts\bull_researcher.md	269	4	comment
prompts\bull_researcher.md	270	4	ok
prompts\bull_researcher.md	271	4	ok
prompts\bull_researcher.md	272	4	ok
prompts\bull_researcher.md	273	4	ok
prompts\bull_researcher.md	274	0	blank
prompts\bull_researcher.md	275	4	comment
prompts\bull_researcher.md	276	0	blank
prompts\bull_researcher.md	277	4	comment
prompts\bull_researcher.md	278	3	long_line
prompts\bull_researcher.md	279	0	blank
prompts\bull_researcher.md	280	3	long_line
prompts\risk_guardian.md	1	4	comment
prompts\risk_guardian.md	2	0	blank
prompts\risk_guardian.md	3	4	comment
prompts\risk_guardian.md	4	4	ok
prompts\risk_guardian.md	5	4	ok
prompts\risk_guardian.md	6	4	ok
prompts\risk_guardian.md	7	0	blank
prompts\risk_guardian.md	8	4	comment
prompts\risk_guardian.md	9	4	ok
prompts\risk_guardian.md	10	4	ok
prompts\risk_guardian.md	11	4	ok
prompts\risk_guardian.md	12	4	ok
prompts\risk_guardian.md	13	4	ok
prompts\risk_guardian.md	14	4	ok
prompts\risk_guardian.md	15	0	blank
prompts\risk_guardian.md	16	4	comment
prompts\risk_guardian.md	17	0	blank
prompts\risk_guardian.md	18	4	comment
prompts\risk_guardian.md	19	4	ok
prompts\risk_guardian.md	20	4	ok
prompts\risk_guardian.md	21	4	ok
prompts\risk_guardian.md	22	4	ok
prompts\risk_guardian.md	23	4	ok
prompts\risk_guardian.md	24	4	ok
prompts\risk_guardian.md	25	4	ok
prompts\risk_guardian.md	26	0	blank
prompts\risk_guardian.md	27	4	comment
prompts\risk_guardian.md	28	4	ok
prompts\risk_guardian.md	29	4	ok
prompts\risk_guardian.md	30	4	ok
prompts\risk_guardian.md	31	4	ok
prompts\risk_guardian.md	32	4	ok
prompts\risk_guardian.md	33	0	blank
prompts\risk_guardian.md	34	4	comment
prompts\risk_guardian.md	35	4	ok
prompts\risk_guardian.md	36	4	ok
prompts\risk_guardian.md	37	4	ok
prompts\risk_guardian.md	38	4	ok
prompts\risk_guardian.md	39	0	blank
prompts\risk_guardian.md	40	4	comment
prompts\risk_guardian.md	41	4	ok
prompts\risk_guardian.md	42	4	ok
prompts\risk_guardian.md	43	4	ok
prompts\risk_guardian.md	44	4	ok
prompts\risk_guardian.md	45	4	ok
prompts\risk_guardian.md	46	4	ok
prompts\risk_guardian.md	47	0	blank
prompts\risk_guardian.md	48	4	comment
prompts\risk_guardian.md	49	0	blank
prompts\risk_guardian.md	50	4	ok
prompts\risk_guardian.md	51	0	blank
prompts\risk_guardian.md	52	4	comment
prompts\risk_guardian.md	53	4	ok
prompts\risk_guardian.md	54	4	ok
prompts\risk_guardian.md	55	0	blank
prompts\risk_guardian.md	56	4	comment
prompts\risk_guardian.md	57	4	ok
prompts\risk_guardian.md	58	4	ok
prompts\risk_guardian.md	59	4	ok
prompts\risk_guardian.md	60	0	blank
prompts\risk_guardian.md	61	4	comment
prompts\risk_guardian.md	62	4	ok
prompts\risk_guardian.md	63	4	ok
prompts\risk_guardian.md	64	0	blank
prompts\risk_guardian.md	65	4	comment
prompts\risk_guardian.md	66	4	ok
prompts\risk_guardian.md	67	4	ok
prompts\risk_guardian.md	68	0	blank
prompts\risk_guardian.md	69	4	comment
prompts\risk_guardian.md	70	4	ok
prompts\risk_guardian.md	71	4	ok
prompts\risk_guardian.md	72	4	ok
prompts\risk_guardian.md	73	4	ok
prompts\risk_guardian.md	74	4	ok
prompts\risk_guardian.md	75	4	ok
prompts\risk_guardian.md	76	4	ok
prompts\risk_guardian.md	77	4	ok
prompts\risk_guardian.md	78	4	ok
prompts\risk_guardian.md	79	4	ok
prompts\risk_guardian.md	80	4	ok
prompts\risk_guardian.md	81	4	ok
prompts\risk_guardian.md	82	4	ok
prompts\risk_guardian.md	83	4	ok
prompts\risk_guardian.md	84	4	ok
prompts\risk_guardian.md	85	4	ok
prompts\risk_guardian.md	86	4	ok
prompts\risk_guardian.md	87	4	ok
prompts\risk_guardian.md	88	4	ok
prompts\risk_guardian.md	89	0	blank
prompts\risk_guardian.md	90	4	comment
prompts\risk_guardian.md	91	4	ok
prompts\risk_guardian.md	92	4	ok
prompts\risk_guardian.md	93	4	ok
prompts\risk_guardian.md	94	4	ok
prompts\risk_guardian.md	95	4	ok
prompts\risk_guardian.md	96	4	ok
prompts\risk_guardian.md	97	4	ok
prompts\risk_guardian.md	98	4	ok
prompts\risk_guardian.md	99	4	ok
prompts\risk_guardian.md	100	4	ok
prompts\risk_guardian.md	101	4	ok
prompts\risk_guardian.md	102	4	ok
prompts\risk_guardian.md	103	4	ok
prompts\risk_guardian.md	104	4	ok
prompts\risk_guardian.md	105	4	ok
prompts\risk_guardian.md	106	4	ok
prompts\risk_guardian.md	107	4	ok
prompts\risk_guardian.md	108	4	ok
prompts\risk_guardian.md	109	4	ok
prompts\risk_guardian.md	110	4	ok
prompts\risk_guardian.md	111	4	ok
prompts\risk_guardian.md	112	4	ok
prompts\risk_guardian.md	113	4	ok
prompts\risk_guardian.md	114	4	ok
prompts\risk_guardian.md	115	0	blank
prompts\risk_guardian.md	116	4	comment
prompts\risk_guardian.md	117	0	blank
prompts\risk_guardian.md	118	4	comment
prompts\risk_guardian.md	119	4	ok
prompts\risk_guardian.md	120	4	ok
prompts\risk_guardian.md	121	4	ok
prompts\risk_guardian.md	122	4	ok
prompts\risk_guardian.md	123	0	blank
prompts\risk_guardian.md	124	4	comment
prompts\risk_guardian.md	125	4	ok
prompts\risk_guardian.md	126	4	ok
prompts\risk_guardian.md	127	4	ok
prompts\risk_guardian.md	128	4	ok
prompts\risk_guardian.md	129	0	blank
prompts\risk_guardian.md	130	4	comment
prompts\risk_guardian.md	131	4	ok
prompts\risk_guardian.md	132	4	ok
prompts\risk_guardian.md	133	4	ok
prompts\risk_guardian.md	134	4	ok
prompts\risk_guardian.md	135	0	blank
prompts\risk_guardian.md	136	4	comment
prompts\risk_guardian.md	137	4	ok
prompts\risk_guardian.md	138	4	ok
prompts\risk_guardian.md	139	4	ok
prompts\risk_guardian.md	140	4	ok
prompts\sentiment_analyst.md	1	4	comment
prompts\sentiment_analyst.md	2	0	blank
prompts\sentiment_analyst.md	3	4	comment
prompts\sentiment_analyst.md	4	4	ok
prompts\sentiment_analyst.md	5	4	ok
prompts\sentiment_analyst.md	6	4	ok
prompts\sentiment_analyst.md	7	0	blank
prompts\sentiment_analyst.md	8	4	comment
prompts\sentiment_analyst.md	9	0	blank
prompts\sentiment_analyst.md	10	4	ok
prompts\sentiment_analyst.md	11	4	ok
prompts\sentiment_analyst.md	12	4	ok
prompts\sentiment_analyst.md	13	0	blank
prompts\sentiment_analyst.md	14	4	comment
prompts\sentiment_analyst.md	15	0	blank
prompts\sentiment_analyst.md	16	4	comment
prompts\sentiment_analyst.md	17	0	blank
prompts\sentiment_analyst.md	18	4	comment
prompts\sentiment_analyst.md	19	4	ok
prompts\sentiment_analyst.md	20	4	ok
prompts\sentiment_analyst.md	21	4	ok
prompts\sentiment_analyst.md	22	4	ok
prompts\sentiment_analyst.md	23	0	blank
prompts\sentiment_analyst.md	24	4	comment
prompts\sentiment_analyst.md	25	4	ok
prompts\sentiment_analyst.md	26	4	ok
prompts\sentiment_analyst.md	27	4	ok
prompts\sentiment_analyst.md	28	4	ok
prompts\sentiment_analyst.md	29	4	ok
prompts\sentiment_analyst.md	30	4	ok
prompts\sentiment_analyst.md	31	0	blank
prompts\sentiment_analyst.md	32	4	comment
prompts\sentiment_analyst.md	33	4	ok
prompts\sentiment_analyst.md	34	4	ok
prompts\sentiment_analyst.md	35	4	ok
prompts\sentiment_analyst.md	36	4	ok
prompts\sentiment_analyst.md	37	4	ok
prompts\sentiment_analyst.md	38	4	ok
prompts\sentiment_analyst.md	39	4	ok
prompts\sentiment_analyst.md	40	4	ok
prompts\sentiment_analyst.md	41	4	ok
prompts\sentiment_analyst.md	42	0	blank
prompts\sentiment_analyst.md	43	4	comment
prompts\sentiment_analyst.md	44	4	ok
prompts\sentiment_analyst.md	45	4	ok
prompts\sentiment_analyst.md	46	4	ok
prompts\sentiment_analyst.md	47	4	ok
prompts\sentiment_analyst.md	48	0	blank
prompts\sentiment_analyst.md	49	4	comment
prompts\sentiment_analyst.md	50	4	ok
prompts\sentiment_analyst.md	51	4	ok
prompts\sentiment_analyst.md	52	4	ok
prompts\sentiment_analyst.md	53	4	ok
prompts\sentiment_analyst.md	54	0	blank
prompts\sentiment_analyst.md	55	4	comment
prompts\sentiment_analyst.md	56	4	ok
prompts\sentiment_analyst.md	57	4	ok
prompts\sentiment_analyst.md	58	4	ok
prompts\sentiment_analyst.md	59	4	ok
prompts\sentiment_analyst.md	60	0	blank
prompts\sentiment_analyst.md	61	4	comment
prompts\sentiment_analyst.md	62	0	blank
prompts\sentiment_analyst.md	63	4	comment
prompts\sentiment_analyst.md	64	0	blank
prompts\sentiment_analyst.md	65	4	comment
prompts\sentiment_analyst.md	66	0	blank
prompts\sentiment_analyst.md	67	4	comment
prompts\sentiment_analyst.md	68	4	ok
prompts\sentiment_analyst.md	69	4	ok
prompts\sentiment_analyst.md	70	4	ok
prompts\sentiment_analyst.md	71	4	ok
prompts\sentiment_analyst.md	72	4	ok
prompts\sentiment_analyst.md	73	4	ok
prompts\sentiment_analyst.md	74	4	ok
prompts\sentiment_analyst.md	75	0	blank
prompts\sentiment_analyst.md	76	4	comment
prompts\sentiment_analyst.md	77	4	ok
prompts\sentiment_analyst.md	78	4	ok
prompts\sentiment_analyst.md	79	4	ok
prompts\sentiment_analyst.md	80	4	ok
prompts\sentiment_analyst.md	81	4	ok
prompts\sentiment_analyst.md	82	4	ok
prompts\sentiment_analyst.md	83	4	ok
prompts\sentiment_analyst.md	84	4	ok
prompts\sentiment_analyst.md	85	0	blank
prompts\sentiment_analyst.md	86	4	comment
prompts\sentiment_analyst.md	87	4	ok
prompts\sentiment_analyst.md	88	4	ok
prompts\sentiment_analyst.md	89	4	ok
prompts\sentiment_analyst.md	90	0	blank
prompts\sentiment_analyst.md	91	4	comment
prompts\sentiment_analyst.md	92	4	ok
prompts\sentiment_analyst.md	93	4	ok
prompts\sentiment_analyst.md	94	4	ok
prompts\sentiment_analyst.md	95	4	ok
prompts\sentiment_analyst.md	96	4	ok
prompts\sentiment_analyst.md	97	4	ok
prompts\sentiment_analyst.md	98	4	ok
prompts\sentiment_analyst.md	99	4	ok
prompts\sentiment_analyst.md	100	4	ok
prompts\sentiment_analyst.md	101	4	ok
prompts\sentiment_analyst.md	102	4	ok
prompts\sentiment_analyst.md	103	4	ok
prompts\sentiment_analyst.md	104	4	ok
prompts\sentiment_analyst.md	105	4	ok
prompts\sentiment_analyst.md	106	4	ok
prompts\sentiment_analyst.md	107	0	blank
prompts\sentiment_analyst.md	108	4	comment
prompts\sentiment_analyst.md	109	4	ok
prompts\sentiment_analyst.md	110	4	ok
prompts\sentiment_analyst.md	111	4	ok
prompts\sentiment_analyst.md	112	4	ok
prompts\sentiment_analyst.md	113	4	ok
prompts\sentiment_analyst.md	114	4	ok
prompts\sentiment_analyst.md	115	4	ok
prompts\sentiment_analyst.md	116	4	ok
prompts\sentiment_analyst.md	117	4	ok
prompts\sentiment_analyst.md	118	4	ok
prompts\sentiment_analyst.md	119	4	ok
prompts\sentiment_analyst.md	120	4	ok
prompts\sentiment_analyst.md	121	4	ok
prompts\sentiment_analyst.md	122	4	ok
prompts\sentiment_analyst.md	123	4	ok
prompts\sentiment_analyst.md	124	4	ok
prompts\sentiment_analyst.md	125	4	ok
prompts\sentiment_analyst.md	126	4	ok
prompts\sentiment_analyst.md	127	4	ok
prompts\sentiment_analyst.md	128	4	ok
prompts\sentiment_analyst.md	129	4	ok
prompts\sentiment_analyst.md	130	4	ok
prompts\sentiment_analyst.md	131	4	ok
prompts\sentiment_analyst.md	132	4	ok
prompts\sentiment_analyst.md	133	4	ok
prompts\sentiment_analyst.md	134	4	ok
prompts\sentiment_analyst.md	135	4	ok
prompts\sentiment_analyst.md	136	4	ok
prompts\sentiment_analyst.md	137	4	ok
prompts\sentiment_analyst.md	138	4	ok
prompts\sentiment_analyst.md	139	0	blank
prompts\sentiment_analyst.md	140	4	comment
prompts\sentiment_analyst.md	141	0	blank
prompts\sentiment_analyst.md	142	4	comment
prompts\sentiment_analyst.md	143	4	ok
prompts\sentiment_analyst.md	144	4	ok
prompts\sentiment_analyst.md	145	4	ok
prompts\sentiment_analyst.md	146	4	ok
prompts\sentiment_analyst.md	147	4	ok
prompts\sentiment_analyst.md	148	4	ok
prompts\sentiment_analyst.md	149	4	ok
prompts\sentiment_analyst.md	150	0	blank
prompts\sentiment_analyst.md	151	4	comment
prompts\sentiment_analyst.md	152	4	ok
prompts\sentiment_analyst.md	153	4	ok
prompts\sentiment_analyst.md	154	4	ok
prompts\sentiment_analyst.md	155	4	ok
prompts\sentiment_analyst.md	156	4	ok
prompts\sentiment_analyst.md	157	4	ok
prompts\sentiment_analyst.md	158	4	ok
prompts\sentiment_analyst.md	159	4	ok
prompts\sentiment_analyst.md	160	0	blank
prompts\sentiment_analyst.md	161	4	comment
prompts\sentiment_analyst.md	162	4	ok
prompts\sentiment_analyst.md	163	4	ok
prompts\sentiment_analyst.md	164	4	ok
prompts\sentiment_analyst.md	165	4	ok
prompts\system_prompt.md	1	4	comment
prompts\system_prompt.md	2	0	blank
prompts\system_prompt.md	3	4	comment
prompts\system_prompt.md	4	4	ok
prompts\system_prompt.md	5	4	ok
prompts\system_prompt.md	6	0	blank
prompts\system_prompt.md	7	4	ok
prompts\system_prompt.md	8	4	ok
prompts\system_prompt.md	9	4	ok
prompts\system_prompt.md	10	0	blank
prompts\system_prompt.md	11	4	comment
prompts\system_prompt.md	12	0	blank
prompts\system_prompt.md	13	4	ok
prompts\system_prompt.md	14	4	ok
prompts\system_prompt.md	15	0	blank
prompts\system_prompt.md	16	4	ok
prompts\system_prompt.md	17	4	ok
prompts\system_prompt.md	18	0	blank
prompts\system_prompt.md	19	4	ok
prompts\system_prompt.md	20	4	ok
prompts\system_prompt.md	21	0	blank
prompts\system_prompt.md	22	4	ok
prompts\system_prompt.md	23	4	ok
prompts\system_prompt.md	24	0	blank
prompts\system_prompt.md	25	4	ok
prompts\system_prompt.md	26	4	ok
prompts\system_prompt.md	27	0	blank
prompts\system_prompt.md	28	4	comment
prompts\system_prompt.md	29	4	ok
prompts\system_prompt.md	30	4	ok
prompts\system_prompt.md	31	4	ok
prompts\system_prompt.md	32	4	ok
prompts\system_prompt.md	33	4	ok
prompts\system_prompt.md	34	0	blank
prompts\system_prompt.md	35	4	comment
prompts\system_prompt.md	36	0	blank
prompts\system_prompt.md	37	4	ok
prompts\system_prompt.md	38	0	blank
prompts\system_prompt.md	39	4	comment
prompts\system_prompt.md	40	4	ok
prompts\system_prompt.md	41	4	ok
prompts\system_prompt.md	42	4	ok
prompts\system_prompt.md	43	4	ok
prompts\system_prompt.md	44	4	ok
prompts\system_prompt.md	45	4	ok
prompts\system_prompt.md	46	0	blank
prompts\system_prompt.md	47	4	comment
prompts\system_prompt.md	48	4	ok
prompts\system_prompt.md	49	4	ok
prompts\system_prompt.md	50	4	ok
prompts\system_prompt.md	51	4	ok
prompts\system_prompt.md	52	0	blank
prompts\system_prompt.md	53	4	comment
prompts\system_prompt.md	54	4	ok
prompts\system_prompt.md	55	4	ok
prompts\system_prompt.md	56	4	ok
prompts\system_prompt.md	57	0	blank
prompts\system_prompt.md	58	4	comment
prompts\system_prompt.md	59	4	ok
prompts\system_prompt.md	60	4	ok
prompts\system_prompt.md	61	4	ok
prompts\system_prompt.md	62	4	ok
prompts\system_prompt.md	63	4	ok
prompts\system_prompt.md	64	4	ok
prompts\system_prompt.md	65	0	blank
prompts\system_prompt.md	66	4	comment
prompts\system_prompt.md	67	4	ok
prompts\system_prompt.md	68	4	ok
prompts\system_prompt.md	69	4	ok
prompts\system_prompt.md	70	4	ok
prompts\system_prompt.md	71	0	blank
prompts\system_prompt.md	72	4	ok
prompts\system_prompt.md	73	0	blank
prompts\system_prompt.md	74	4	comment
prompts\system_prompt.md	75	4	ok
prompts\system_prompt.md	76	0	blank
prompts\system_prompt.md	77	4	comment
prompts\system_prompt.md	78	0	blank
prompts\system_prompt.md	79	4	ok
prompts\system_prompt.md	80	0	blank
prompts\system_prompt.md	81	4	ok
prompts\system_prompt.md	82	4	ok
prompts\system_prompt.md	83	4	ok
prompts\system_prompt.md	84	4	ok
prompts\system_prompt.md	85	4	ok
prompts\system_prompt.md	86	0	blank
prompts\system_prompt.md	87	4	ok
prompts\system_prompt.md	88	4	ok
prompts\system_prompt.md	89	4	ok
prompts\system_prompt.md	90	4	ok
prompts\system_prompt.md	91	0	blank
prompts\system_prompt.md	92	4	ok
prompts\system_prompt.md	93	4	ok
prompts\system_prompt.md	94	4	ok
prompts\system_prompt.md	95	4	ok
prompts\system_prompt.md	96	0	blank
prompts\system_prompt.md	97	4	ok
prompts\system_prompt.md	98	4	ok
prompts\system_prompt.md	99	4	ok
prompts\system_prompt.md	100	4	ok
prompts\system_prompt.md	101	4	ok
prompts\system_prompt.md	102	4	ok
prompts\system_prompt.md	103	0	blank
prompts\system_prompt.md	104	4	ok
prompts\system_prompt.md	105	4	ok
prompts\system_prompt.md	106	4	ok
prompts\system_prompt.md	107	4	ok
prompts\system_prompt.md	108	0	blank
prompts\system_prompt.md	109	4	ok
prompts\system_prompt.md	110	4	ok
prompts\system_prompt.md	111	4	ok
prompts\system_prompt.md	112	4	ok
prompts\system_prompt.md	113	4	ok
prompts\system_prompt.md	114	0	blank
prompts\system_prompt.md	115	4	comment
prompts\system_prompt.md	116	0	blank
prompts\system_prompt.md	117	4	ok
prompts\system_prompt.md	118	0	blank
prompts\system_prompt.md	119	4	ok
prompts\system_prompt.md	120	4	ok
prompts\system_prompt.md	121	4	ok
prompts\system_prompt.md	122	4	ok
prompts\system_prompt.md	123	4	ok
prompts\system_prompt.md	124	4	ok
prompts\system_prompt.md	125	4	ok
prompts\system_prompt.md	126	4	ok
prompts\system_prompt.md	127	4	ok
prompts\system_prompt.md	128	4	ok
prompts\system_prompt.md	129	4	ok
prompts\system_prompt.md	130	4	ok
prompts\system_prompt.md	131	4	ok
prompts\system_prompt.md	132	4	ok
prompts\system_prompt.md	133	4	ok
prompts\system_prompt.md	134	4	ok
prompts\system_prompt.md	135	4	ok
prompts\system_prompt.md	136	4	ok
prompts\system_prompt.md	137	4	ok
prompts\system_prompt.md	138	4	ok
prompts\system_prompt.md	139	4	ok
prompts\system_prompt.md	140	4	ok
prompts\system_prompt.md	141	4	ok
prompts\system_prompt.md	142	4	ok
prompts\system_prompt.md	143	4	ok
prompts\system_prompt.md	144	4	ok
prompts\system_prompt.md	145	4	ok
prompts\system_prompt.md	146	4	ok
prompts\system_prompt.md	147	0	blank
prompts\system_prompt.md	148	4	comment
prompts\system_prompt.md	149	0	blank
prompts\system_prompt.md	150	4	ok
prompts\system_prompt.md	151	4	ok
prompts\system_prompt.md	152	4	ok
prompts\system_prompt.md	153	4	ok
prompts\system_prompt.md	154	4	ok
prompts\system_prompt.md	155	0	blank
prompts\system_prompt.md	156	4	comment
prompts\system_prompt.md	157	0	blank
prompts\system_prompt.md	158	4	ok
prompts\system_prompt.md	159	4	ok
prompts\system_prompt.md	160	4	ok
prompts\system_prompt.md	161	0	blank
prompts\system_prompt.md	162	4	ok
prompts\technical_analyst.md	1	4	comment
prompts\technical_analyst.md	2	0	blank
prompts\technical_analyst.md	3	4	comment
prompts\technical_analyst.md	4	4	ok
prompts\technical_analyst.md	5	4	ok
prompts\technical_analyst.md	6	0	blank
prompts\technical_analyst.md	7	4	ok
prompts\technical_analyst.md	8	4	ok
prompts\technical_analyst.md	9	0	blank
prompts\technical_analyst.md	10	4	comment
prompts\technical_analyst.md	11	0	blank
prompts\technical_analyst.md	12	4	comment
prompts\technical_analyst.md	13	4	ok
prompts\technical_analyst.md	14	4	ok
prompts\technical_analyst.md	15	4	ok
prompts\technical_analyst.md	16	4	ok
prompts\technical_analyst.md	17	0	blank
prompts\technical_analyst.md	18	4	comment
prompts\technical_analyst.md	19	4	ok
prompts\technical_analyst.md	20	4	ok
prompts\technical_analyst.md	21	4	ok
prompts\technical_analyst.md	22	4	ok
prompts\technical_analyst.md	23	0	blank
prompts\technical_analyst.md	24	4	comment
prompts\technical_analyst.md	25	4	ok
prompts\technical_analyst.md	26	4	ok
prompts\technical_analyst.md	27	4	ok
prompts\technical_analyst.md	28	4	ok
prompts\technical_analyst.md	29	0	blank
prompts\technical_analyst.md	30	4	comment
prompts\technical_analyst.md	31	4	ok
prompts\technical_analyst.md	32	4	ok
prompts\technical_analyst.md	33	4	ok
prompts\technical_analyst.md	34	4	ok
prompts\technical_analyst.md	35	0	blank
prompts\technical_analyst.md	36	4	comment
prompts\technical_analyst.md	37	4	ok
prompts\technical_analyst.md	38	4	ok
prompts\technical_analyst.md	39	4	ok
prompts\technical_analyst.md	40	4	ok
prompts\technical_analyst.md	41	4	ok
prompts\technical_analyst.md	42	0	blank
prompts\technical_analyst.md	43	4	comment
prompts\technical_analyst.md	44	0	blank
prompts\technical_analyst.md	45	4	comment
prompts\technical_analyst.md	46	0	blank
prompts\technical_analyst.md	47	4	comment
prompts\technical_analyst.md	48	4	ok
prompts\technical_analyst.md	49	4	ok
prompts\technical_analyst.md	50	4	ok
prompts\technical_analyst.md	51	4	ok
prompts\technical_analyst.md	52	4	ok
prompts\technical_analyst.md	53	0	blank
prompts\technical_analyst.md	54	4	comment
prompts\technical_analyst.md	55	0	blank
prompts\technical_analyst.md	56	4	comment
prompts\technical_analyst.md	57	4	ok
prompts\technical_analyst.md	58	4	ok
prompts\technical_analyst.md	59	4	ok
prompts\technical_analyst.md	60	4	ok
prompts\technical_analyst.md	61	4	ok
prompts\technical_analyst.md	62	0	blank
prompts\technical_analyst.md	63	4	ok
prompts\technical_analyst.md	64	4	ok
prompts\technical_analyst.md	65	4	ok
prompts\technical_analyst.md	66	0	blank
prompts\technical_analyst.md	67	4	comment
prompts\technical_analyst.md	68	4	ok
prompts\technical_analyst.md	69	4	ok
prompts\technical_analyst.md	70	4	ok
prompts\technical_analyst.md	71	4	ok
prompts\technical_analyst.md	72	4	ok
prompts\technical_analyst.md	73	0	blank
prompts\technical_analyst.md	74	4	comment
prompts\technical_analyst.md	75	4	ok
prompts\technical_analyst.md	76	4	ok
prompts\technical_analyst.md	77	4	ok
prompts\technical_analyst.md	78	4	ok
prompts\technical_analyst.md	79	0	blank
prompts\technical_analyst.md	80	4	comment
prompts\technical_analyst.md	81	4	ok
prompts\technical_analyst.md	82	4	ok
prompts\technical_analyst.md	83	4	ok
prompts\technical_analyst.md	84	4	ok
prompts\technical_analyst.md	85	0	blank
prompts\technical_analyst.md	86	4	comment
prompts\technical_analyst.md	87	4	ok
prompts\technical_analyst.md	88	4	ok
prompts\technical_analyst.md	89	4	ok
prompts\technical_analyst.md	90	4	ok
prompts\technical_analyst.md	91	4	ok
prompts\technical_analyst.md	92	4	ok
prompts\technical_analyst.md	93	4	ok
prompts\technical_analyst.md	94	4	ok
prompts\technical_analyst.md	95	4	ok
prompts\technical_analyst.md	96	4	ok
prompts\technical_analyst.md	97	4	ok
prompts\technical_analyst.md	98	4	ok
prompts\technical_analyst.md	99	4	ok
prompts\technical_analyst.md	100	4	ok
prompts\technical_analyst.md	101	4	ok
prompts\technical_analyst.md	102	4	ok
prompts\technical_analyst.md	103	0	blank
prompts\technical_analyst.md	104	4	comment
prompts\technical_analyst.md	105	4	ok
prompts\technical_analyst.md	106	4	ok
prompts\technical_analyst.md	107	4	ok
prompts\technical_analyst.md	108	4	ok
prompts\technical_analyst.md	109	4	ok
prompts\technical_analyst.md	110	4	ok
prompts\technical_analyst.md	111	4	ok
prompts\technical_analyst.md	112	4	ok
prompts\technical_analyst.md	113	4	ok
prompts\technical_analyst.md	114	4	ok
prompts\technical_analyst.md	115	4	ok
prompts\technical_analyst.md	116	4	ok
prompts\technical_analyst.md	117	4	ok
prompts\technical_analyst.md	118	4	ok
prompts\technical_analyst.md	119	4	ok
prompts\technical_analyst.md	120	4	ok
prompts\technical_analyst.md	121	4	ok
prompts\technical_analyst.md	122	4	ok
prompts\technical_analyst.md	123	4	ok
prompts\technical_analyst.md	124	4	ok
prompts\technical_analyst.md	125	4	ok
prompts\technical_analyst.md	126	4	ok
prompts\technical_analyst.md	127	4	ok
prompts\technical_analyst.md	128	4	ok
prompts\technical_analyst.md	129	4	ok
prompts\technical_analyst.md	130	4	ok
prompts\technical_analyst.md	131	4	ok
prompts\technical_analyst.md	132	4	ok
prompts\technical_analyst.md	133	4	ok
prompts\technical_analyst.md	134	4	ok
prompts\technical_analyst.md	135	4	ok
prompts\technical_analyst.md	136	4	ok
prompts\technical_analyst.md	137	4	ok
prompts\technical_analyst.md	138	4	ok
prompts\technical_analyst.md	139	4	ok
prompts\technical_analyst.md	140	0	blank
prompts\technical_analyst.md	141	4	comment
prompts\technical_analyst.md	142	0	blank
prompts\technical_analyst.md	143	4	comment
prompts\technical_analyst.md	144	3	long_line
prompts\technical_analyst.md	145	3	long_line
prompts\technical_analyst.md	146	4	ok
prompts\technical_analyst.md	147	4	ok
prompts\technical_analyst.md	148	0	blank
prompts\technical_analyst.md	149	4	comment
prompts\technical_analyst.md	150	4	ok
prompts\technical_analyst.md	151	4	ok
prompts\technical_analyst.md	152	4	ok
prompts\technical_analyst.md	153	4	ok
prompts\technical_analyst.md	154	0	blank
prompts\technical_analyst.md	155	4	comment
prompts\technical_analyst.md	156	4	ok
prompts\technical_analyst.md	157	4	ok
prompts\technical_analyst.md	158	4	ok
prompts\technical_analyst.md	159	4	ok
pyproject.toml	1	4	ok
pyproject.toml	2	4	ok
pyproject.toml	3	4	ok
pyproject.toml	4	4	ok
pyproject.toml	5	4	ok
pyproject.toml	6	4	ok
pyproject.toml	7	4	ok
pyproject.toml	8	4	ok
pyproject.toml	9	4	ok
pyproject.toml	10	4	ok
pyproject.toml	11	4	ok
pyproject.toml	12	4	ok
pyproject.toml	13	4	ok
pyproject.toml	14	4	ok
pyproject.toml	15	4	ok
pyproject.toml	16	4	ok
pyproject.toml	17	4	ok
pyproject.toml	18	4	ok
pyproject.toml	19	0	blank
pyproject.toml	20	4	ok
pyproject.toml	21	4	ok
pyproject.toml	22	4	ok
pyproject.toml	23	4	ok
pyproject.toml	24	4	ok
pyproject.toml	25	4	ok
pyproject.toml	26	4	ok
pyproject.toml	27	4	ok
pyproject.toml	28	4	ok
pyproject.toml	29	4	ok
pyproject.toml	30	4	ok
pyproject.toml	31	4	ok
pyproject.toml	32	4	ok
pyproject.toml	33	4	ok
pyproject.toml	34	4	ok
pyproject.toml	35	4	ok
pyproject.toml	36	4	ok
pyproject.toml	37	4	ok
pyproject.toml	38	0	blank
pyproject.toml	39	4	ok
pyproject.toml	40	4	ok
pyproject.toml	41	4	ok
pyproject.toml	42	4	ok
pyproject.toml	43	4	ok
pyproject.toml	44	4	ok
pyproject.toml	45	4	ok
pyproject.toml	46	4	ok
pyproject.toml	47	0	blank
pyproject.toml	48	4	ok
pyproject.toml	49	4	ok
pyproject.toml	50	0	blank
pyproject.toml	51	4	ok
pyproject.toml	52	4	ok
pyproject.toml	53	4	ok
pyproject.toml	54	0	blank
pyproject.toml	55	4	ok
pyproject.toml	56	4	ok
pyproject.toml	57	0	blank
pyproject.toml	58	4	ok
pyproject.toml	59	4	ok
pyproject.toml	60	4	ok
pyproject.toml	61	0	blank
pyproject.toml	62	4	ok
pyproject.toml	63	4	ok
pyproject.toml	64	4	ok
pyproject.toml	65	4	ok
pyproject.toml	66	0	blank
pyproject.toml	67	4	ok
pyproject.toml	68	4	ok
pyproject.toml	69	4	ok
pyproject.toml	70	4	ok
pyproject.toml	71	0	blank
pyproject.toml	72	4	ok
pyproject.toml	73	4	ok
pyproject.toml	74	4	ok
requirements.txt	1	4	comment
requirements.txt	2	0	blank
requirements.txt	3	4	comment
requirements.txt	4	4	ok
requirements.txt	5	4	ok
requirements.txt	6	4	ok
requirements.txt	7	4	ok
requirements.txt	8	0	blank
requirements.txt	9	4	comment
requirements.txt	10	4	ok
requirements.txt	11	4	ok
requirements.txt	12	4	ok
requirements.txt	13	4	ok
requirements.txt	14	4	ok
requirements.txt	15	0	blank
requirements.txt	16	4	comment
requirements.txt	17	4	ok
requirements.txt	18	4	ok
requirements.txt	19	4	ok
requirements.txt	20	4	ok
requirements.txt	21	4	ok
requirements.txt	22	0	blank
requirements.txt	23	4	comment
requirements.txt	24	4	ok
requirements.txt	25	4	ok
requirements.txt	26	4	ok
requirements.txt	27	0	blank
requirements.txt	28	4	comment
requirements.txt	29	4	ok
requirements.txt	30	4	ok
requirements.txt	31	4	ok
requirements.txt	32	4	ok
requirements.txt	33	0	blank
requirements.txt	34	4	comment
requirements.txt	35	4	ok
requirements.txt	36	4	ok
requirements.txt	37	4	ok
requirements.txt	38	0	blank
requirements.txt	39	4	comment
requirements.txt	40	4	ok
requirements.txt	41	4	ok
requirements.txt	42	4	ok
requirements.txt	43	0	blank
requirements.txt	44	4	comment
requirements.txt	45	4	ok
requirements.txt	46	4	ok
requirements.txt	47	4	ok
requirements.txt	48	0	blank
requirements.txt	49	4	comment
requirements.txt	50	4	ok
requirements.txt	51	4	ok
requirements.txt	52	4	ok
run.bat	1	4	ok
run.bat	2	4	comment
run.bat	3	4	comment
run.bat	4	4	comment
run.bat	5	0	blank
run.bat	6	4	ok
run.bat	7	4	ok
run.bat	8	4	ok
run.bat	9	4	ok
run.bat	10	4	ok
run.bat	11	4	ok
run.bat	12	0	blank
run.bat	13	4	comment
run.bat	14	4	ok
run.bat	15	4	ok
run.bat	16	4	ok
run.bat	17	4	ok
run.bat	18	4	ok
run.bat	19	0	blank
run.bat	20	4	comment
run.bat	21	4	ok
run.bat	22	4	ok
run.bat	23	4	ok
run.bat	24	4	ok
run.bat	25	0	blank
run.bat	26	4	comment
run.bat	27	4	ok
run.bat	28	0	blank
run.bat	29	4	comment
run.bat	30	4	ok
run.bat	31	4	ok
run.bat	32	4	ok
run.bat	33	0	blank
run.bat	34	4	comment
run.bat	35	4	ok
run.bat	36	4	ok
run.bat	37	4	ok
run.bat	38	4	ok
run.bat	39	4	ok
run.bat	40	4	ok
run.bat	41	4	ok
run.bat	42	4	ok
run.bat	43	4	ok
run.bat	44	4	ok
run.bat	45	4	ok
run.bat	46	4	ok
run.bat	47	0	blank
run.bat	48	4	comment
run.bat	49	4	ok
run.bat	50	4	ok
run.bat	51	0	blank
run.bat	52	4	ok
run.bat	53	4	ok
run.bat	54	4	ok
run.bat	55	4	ok
run.bat	56	4	ok
run.bat	57	4	ok
run.bat	58	4	ok
run.bat	59	4	ok
run.bat	60	4	ok
run.bat	61	4	ok
run.bat	62	4	ok
run.bat	63	4	ok
run.bat	64	4	ok
run.bat	65	4	ok
run.bat	66	4	ok
run.bat	67	4	ok
run.bat	68	4	ok
run.bat	69	0	blank
run.bat	70	4	comment
run.bat	71	4	ok
run.bat	72	4	ok
run.bat	73	4	ok
run.bat	74	4	ok
run.bat	75	4	ok
run.bat	76	4	ok
run.bat	77	0	blank
run.bat	78	4	comment
run.bat	79	4	ok
run.bat	80	4	ok
run.bat	81	4	ok
run.bat	82	4	ok
run.bat	83	0	blank
run.bat	84	4	ok
run.bat	85	0	blank
run.bat	86	4	ok
run.sh	1	4	comment
run.sh	2	4	comment
run.sh	3	4	comment
run.sh	4	4	comment
run.sh	5	0	blank
run.sh	6	4	ok
run.sh	7	0	blank
run.sh	8	4	ok
run.sh	9	4	ok
run.sh	10	4	ok
run.sh	11	4	ok
run.sh	12	4	ok
run.sh	13	4	ok
run.sh	14	0	blank
run.sh	15	4	comment
run.sh	16	4	ok
run.sh	17	4	ok
run.sh	18	4	ok
run.sh	19	4	ok
run.sh	20	0	blank
run.sh	21	4	comment
run.sh	22	4	ok
run.sh	23	4	ok
run.sh	24	4	ok
run.sh	25	4	ok
run.sh	26	0	blank
run.sh	27	4	comment
run.sh	28	4	ok
run.sh	29	0	blank
run.sh	30	4	comment
run.sh	31	4	ok
run.sh	32	4	ok
run.sh	33	4	ok
run.sh	34	0	blank
run.sh	35	4	comment
run.sh	36	4	ok
run.sh	37	4	ok
run.sh	38	4	ok
run.sh	39	4	ok
run.sh	40	4	ok
run.sh	41	4	ok
run.sh	42	4	ok
run.sh	43	4	ok
run.sh	44	4	ok
run.sh	45	4	ok
run.sh	46	4	ok
run.sh	47	0	blank
run.sh	48	4	comment
run.sh	49	4	ok
run.sh	50	4	ok
run.sh	51	0	blank
run.sh	52	4	ok
run.sh	53	4	ok
run.sh	54	4	comment
run.sh	55	4	ok
run.sh	56	4	ok
run.sh	57	4	comment
run.sh	58	4	comment
run.sh	59	4	ok
run.sh	60	4	ok
run.sh	61	4	comment
run.sh	62	4	ok
run.sh	63	4	ok
run.sh	64	4	ok
run.sh	65	4	comment
run.sh	66	4	ok
run.sh	67	4	ok
run.sh	68	4	ok
run.sh	69	4	ok
run.sh	70	4	comment
run.sh	71	4	comment
run.sh	72	4	ok
run.sh	73	4	comment
run.sh	74	4	ok
run.sh	75	4	ok
run.sh	76	0	blank
run.sh	77	4	comment
run.sh	78	4	ok
run.sh	79	4	ok
run.sh	80	4	ok
run.sh	81	4	ok
run.sh	82	0	blank
run.sh	83	4	ok
src\__init__.py	1	4	docstring
src\__init__.py	2	4	docstring
src\__init__.py	3	4	docstring
src\__init__.py	4	4	docstring
src\__init__.py	5	0	blank
src\__init__.py	6	4	ok
src\__init__.py	7	4	ok
src\agents\__init__.py	1	4	docstring
src\agents\__init__.py	2	4	docstring
src\agents\__init__.py	3	4	docstring
src\agents\__init__.py	4	4	docstring
src\core\__init__.py	1	4	docstring
src\core\__init__.py	2	4	docstring
src\core\__init__.py	3	4	docstring
src\core\__init__.py	4	4	docstring
src\core\backtester.py	1	4	docstring
src\core\backtester.py	2	4	docstring
src\core\backtester.py	3	4	docstring
src\core\backtester.py	4	0	blank
src\core\backtester.py	5	4	docstring
src\core\backtester.py	6	4	docstring
src\core\backtester.py	7	4	docstring
src\core\backtester.py	8	4	docstring
src\core\backtester.py	9	4	docstring
src\core\backtester.py	10	4	docstring
src\core\backtester.py	11	0	blank
src\core\backtester.py	12	4	ok
src\core\backtester.py	13	4	ok
src\core\backtester.py	14	4	ok
src\core\backtester.py	15	4	ok
src\core\backtester.py	16	4	ok
src\core\backtester.py	17	4	ok
src\core\backtester.py	18	4	ok
src\core\backtester.py	19	0	blank
src\core\backtester.py	20	4	ok
src\core\backtester.py	21	0	blank
src\core\backtester.py	22	4	ok
src\core\backtester.py	23	0	blank
src\core\backtester.py	24	0	blank
src\core\backtester.py	25	4	ok
src\core\backtester.py	26	4	ok
src\core\backtester.py	27	4	docstring
src\core\backtester.py	28	4	ok
src\core\backtester.py	29	4	ok
src\core\backtester.py	30	4	ok
src\core\backtester.py	31	4	ok
src\core\backtester.py	32	0	blank
src\core\backtester.py	33	4	comment
src\core\backtester.py	34	4	ok
src\core\backtester.py	35	4	ok
src\core\backtester.py	36	4	ok
src\core\backtester.py	37	0	blank
src\core\backtester.py	38	4	comment
src\core\backtester.py	39	4	ok
src\core\backtester.py	40	4	ok
src\core\backtester.py	41	0	blank
src\core\backtester.py	42	0	blank
src\core\backtester.py	43	4	ok
src\core\backtester.py	44	4	ok
src\core\backtester.py	45	4	docstring
src\core\backtester.py	46	4	comment
src\core\backtester.py	47	4	ok
src\core\backtester.py	48	4	ok
src\core\backtester.py	49	4	ok
src\core\backtester.py	50	4	ok
src\core\backtester.py	51	4	ok
src\core\backtester.py	52	0	blank
src\core\backtester.py	53	4	comment
src\core\backtester.py	54	4	ok
src\core\backtester.py	55	4	ok
src\core\backtester.py	56	4	ok
src\core\backtester.py	57	4	ok
src\core\backtester.py	58	4	ok
src\core\backtester.py	59	4	ok
src\core\backtester.py	60	0	blank
src\core\backtester.py	61	4	comment
src\core\backtester.py	62	4	ok
src\core\backtester.py	63	4	ok
src\core\backtester.py	64	0	blank
src\core\backtester.py	65	4	comment
src\core\backtester.py	66	4	ok
src\core\backtester.py	67	4	ok
src\core\backtester.py	68	0	blank
src\core\backtester.py	69	5	typed_signature
src\core\backtester.py	70	4	docstring
src\core\backtester.py	71	4	docstring
src\core\backtester.py	72	4	docstring
src\core\backtester.py	73	4	docstring
src\core\backtester.py	74	4	docstring
src\core\backtester.py	75	4	docstring
src\core\backtester.py	76	4	docstring
src\core\backtester.py	77	4	docstring
src\core\backtester.py	78	4	docstring
src\core\backtester.py	79	4	docstring
src\core\backtester.py	80	4	docstring
src\core\backtester.py	81	4	docstring
src\core\backtester.py	82	4	docstring
src\core\backtester.py	83	4	docstring
src\core\backtester.py	84	4	docstring
src\core\backtester.py	85	4	docstring
src\core\backtester.py	86	4	docstring
src\core\backtester.py	87	4	docstring
src\core\backtester.py	88	4	docstring
src\core\backtester.py	89	4	docstring
src\core\backtester.py	90	0	blank
src\core\backtester.py	91	0	blank
src\core\backtester.py	92	4	ok
src\core\backtester.py	93	4	docstring
src\core\backtester.py	94	4	docstring
src\core\backtester.py	95	4	docstring
src\core\backtester.py	96	0	blank
src\core\backtester.py	97	5	typed_signature
src\core\backtester.py	98	4	ok
src\core\backtester.py	99	4	ok
src\core\backtester.py	100	4	ok
src\core\backtester.py	101	0	blank
src\core\backtester.py	102	4	ok
src\core\backtester.py	103	4	ok
src\core\backtester.py	104	4	ok
src\core\backtester.py	105	4	ok
src\core\backtester.py	106	4	ok
src\core\backtester.py	107	4	docstring
src\core\backtester.py	108	4	docstring
src\core\backtester.py	109	0	blank
src\core\backtester.py	110	4	docstring
src\core\backtester.py	111	4	docstring
src\core\backtester.py	112	4	ok
src\core\backtester.py	113	0	blank
src\core\backtester.py	114	4	comment
src\core\backtester.py	115	4	ok
src\core\backtester.py	116	4	ok
src\core\backtester.py	117	4	ok
src\core\backtester.py	118	4	ok
src\core\backtester.py	119	0	blank
src\core\backtester.py	120	4	comment
src\core\backtester.py	121	4	ok
src\core\backtester.py	122	4	ok
src\core\backtester.py	123	4	ok
src\core\backtester.py	124	4	ok
src\core\backtester.py	125	4	ok
src\core\backtester.py	126	4	ok
src\core\backtester.py	127	0	blank
src\core\backtester.py	128	4	ok
src\core\backtester.py	129	0	blank
src\core\backtester.py	130	4	ok
src\core\backtester.py	131	0	blank
src\core\backtester.py	132	4	ok
src\core\backtester.py	133	4	ok
src\core\backtester.py	134	4	ok
src\core\backtester.py	135	4	ok
src\core\backtester.py	136	4	ok
src\core\backtester.py	137	4	ok
src\core\backtester.py	138	4	docstring
src\core\backtester.py	139	4	docstring
src\core\backtester.py	140	0	blank
src\core\backtester.py	141	4	docstring
src\core\backtester.py	142	4	docstring
src\core\backtester.py	143	4	docstring
src\core\backtester.py	144	4	docstring
src\core\backtester.py	145	0	blank
src\core\backtester.py	146	4	docstring
src\core\backtester.py	147	4	docstring
src\core\backtester.py	148	4	docstring
src\core\backtester.py	149	4	ok
src\core\backtester.py	150	0	blank
src\core\backtester.py	151	4	comment
src\core\backtester.py	152	4	ok
src\core\backtester.py	153	4	ok
src\core\backtester.py	154	4	ok
src\core\backtester.py	155	4	ok
src\core\backtester.py	156	0	blank
src\core\backtester.py	157	4	ok
src\core\backtester.py	158	0	blank
src\core\backtester.py	159	4	comment
src\core\backtester.py	160	4	ok
src\core\backtester.py	161	4	ok
src\core\backtester.py	162	4	ok
src\core\backtester.py	163	4	ok
src\core\backtester.py	164	0	blank
src\core\backtester.py	165	4	comment
src\core\backtester.py	166	4	ok
src\core\backtester.py	167	0	blank
src\core\backtester.py	168	4	comment
src\core\backtester.py	169	4	ok
src\core\backtester.py	170	0	blank
src\core\backtester.py	171	4	comment
src\core\backtester.py	172	4	ok
src\core\backtester.py	173	4	ok
src\core\backtester.py	174	4	ok
src\core\backtester.py	175	4	ok
src\core\backtester.py	176	4	ok
src\core\backtester.py	177	0	blank
src\core\backtester.py	178	4	ok
src\core\backtester.py	179	4	ok
src\core\backtester.py	180	0	blank
src\core\backtester.py	181	4	comment
src\core\backtester.py	182	4	ok
src\core\backtester.py	183	4	ok
src\core\backtester.py	184	0	blank
src\core\backtester.py	185	4	comment
src\core\backtester.py	186	4	ok
src\core\backtester.py	187	4	ok
src\core\backtester.py	188	4	ok
src\core\backtester.py	189	4	ok
src\core\backtester.py	190	4	ok
src\core\backtester.py	191	4	ok
src\core\backtester.py	192	0	blank
src\core\backtester.py	193	4	comment
src\core\backtester.py	194	4	ok
src\core\backtester.py	195	0	blank
src\core\backtester.py	196	5	typed_signature
src\core\backtester.py	197	4	docstring
src\core\backtester.py	198	4	ok
src\core\backtester.py	199	4	ok
src\core\backtester.py	200	0	blank
src\core\backtester.py	201	4	ok
src\core\backtester.py	202	4	ok
src\core\backtester.py	203	4	ok
src\core\backtester.py	204	0	blank
src\core\backtester.py	205	4	comment
src\core\backtester.py	206	4	ok
src\core\backtester.py	207	4	ok
src\core\backtester.py	208	4	ok
src\core\backtester.py	209	4	ok
src\core\backtester.py	210	4	ok
src\core\backtester.py	211	4	ok
src\core\backtester.py	212	4	ok
src\core\backtester.py	213	4	ok
src\core\backtester.py	214	4	ok
src\core\backtester.py	215	4	ok
src\core\backtester.py	216	4	ok
src\core\backtester.py	217	0	blank
src\core\backtester.py	218	4	comment
src\core\backtester.py	219	4	ok
src\core\backtester.py	220	4	ok
src\core\backtester.py	221	4	ok
src\core\backtester.py	222	4	ok
src\core\backtester.py	223	4	ok
src\core\backtester.py	224	4	ok
src\core\backtester.py	225	4	ok
src\core\backtester.py	226	4	ok
src\core\backtester.py	227	4	ok
src\core\backtester.py	228	4	ok
src\core\backtester.py	229	4	ok
src\core\backtester.py	230	0	blank
src\core\backtester.py	231	4	ok
src\core\backtester.py	232	4	ok
src\core\backtester.py	233	4	ok
src\core\backtester.py	234	4	ok
src\core\backtester.py	235	4	ok
src\core\backtester.py	236	4	ok
src\core\backtester.py	237	4	ok
src\core\backtester.py	238	4	docstring
src\core\backtester.py	239	4	ok
src\core\backtester.py	240	4	ok
src\core\backtester.py	241	0	blank
src\core\backtester.py	242	4	ok
src\core\backtester.py	243	0	blank
src\core\backtester.py	244	4	comment
src\core\backtester.py	245	4	ok
src\core\backtester.py	246	0	blank
src\core\backtester.py	247	4	ok
src\core\backtester.py	248	4	ok
src\core\backtester.py	249	4	ok
src\core\backtester.py	250	4	ok
src\core\backtester.py	251	4	ok
src\core\backtester.py	252	0	blank
src\core\backtester.py	253	4	ok
src\core\backtester.py	254	4	ok
src\core\backtester.py	255	4	ok
src\core\backtester.py	256	4	ok
src\core\backtester.py	257	4	ok
src\core\backtester.py	258	0	blank
src\core\backtester.py	259	4	ok
src\core\backtester.py	260	4	ok
src\core\backtester.py	261	4	ok
src\core\backtester.py	262	4	ok
src\core\backtester.py	263	0	blank
src\core\backtester.py	264	4	ok
src\core\backtester.py	265	4	ok
src\core\backtester.py	266	0	blank
src\core\backtester.py	267	4	ok
src\core\backtester.py	268	4	ok
src\core\backtester.py	269	4	ok
src\core\backtester.py	270	4	ok
src\core\backtester.py	271	4	ok
src\core\backtester.py	272	4	ok
src\core\backtester.py	273	4	ok
src\core\backtester.py	274	4	ok
src\core\backtester.py	275	4	ok
src\core\backtester.py	276	0	blank
src\core\backtester.py	277	4	ok
src\core\backtester.py	278	4	ok
src\core\backtester.py	279	4	ok
src\core\backtester.py	280	4	ok
src\core\backtester.py	281	4	ok
src\core\backtester.py	282	0	blank
src\core\backtester.py	283	4	ok
src\core\backtester.py	284	4	ok
src\core\backtester.py	285	4	ok
src\core\backtester.py	286	4	ok
src\core\backtester.py	287	0	blank
src\core\backtester.py	288	4	ok
src\core\backtester.py	289	4	ok
src\core\backtester.py	290	0	blank
src\core\backtester.py	291	4	ok
src\core\backtester.py	292	4	ok
src\core\backtester.py	293	4	ok
src\core\backtester.py	294	4	ok
src\core\backtester.py	295	4	ok
src\core\backtester.py	296	4	ok
src\core\backtester.py	297	4	ok
src\core\backtester.py	298	4	ok
src\core\backtester.py	299	4	ok
src\core\backtester.py	300	0	blank
src\core\backtester.py	301	5	typed_signature
src\core\backtester.py	302	4	docstring
src\core\backtester.py	303	4	ok
src\core\backtester.py	304	4	ok
src\core\backtester.py	305	0	blank
src\core\backtester.py	306	4	comment
src\core\backtester.py	307	4	ok
src\core\backtester.py	308	4	ok
src\core\backtester.py	309	4	ok
src\core\backtester.py	310	4	ok
src\core\backtester.py	311	0	blank
src\core\backtester.py	312	4	comment
src\core\backtester.py	313	4	ok
src\core\backtester.py	314	0	blank
src\core\backtester.py	315	4	comment
src\core\backtester.py	316	4	ok
src\core\backtester.py	317	4	ok
src\core\backtester.py	318	4	ok
src\core\backtester.py	319	4	ok
src\core\backtester.py	320	0	blank
src\core\backtester.py	321	4	comment
src\core\backtester.py	322	4	ok
src\core\backtester.py	323	4	ok
src\core\backtester.py	324	0	blank
src\core\backtester.py	325	4	ok
src\core\backtester.py	326	4	ok
src\core\backtester.py	327	0	blank
src\core\backtester.py	328	4	comment
src\core\backtester.py	329	4	ok
src\core\backtester.py	330	4	ok
src\core\backtester.py	331	4	ok
src\core\backtester.py	332	4	ok
src\core\backtester.py	333	4	ok
src\core\backtester.py	334	0	blank
src\core\backtester.py	335	4	ok
src\core\backtester.py	336	4	ok
src\core\backtester.py	337	4	ok
src\core\backtester.py	338	4	ok
src\core\backtester.py	339	4	ok
src\core\backtester.py	340	4	ok
src\core\backtester.py	341	4	ok
src\core\backtester.py	342	4	ok
src\core\backtester.py	343	4	ok
src\core\backtester.py	344	4	ok
src\core\backtester.py	345	4	ok
src\core\backtester.py	346	4	ok
src\core\backtester.py	347	4	ok
src\core\backtester.py	348	4	ok
src\core\backtester.py	349	4	ok
src\core\backtester.py	350	4	ok
src\core\backtester.py	351	4	ok
src\core\backtester.py	352	0	blank
src\core\backtester.py	353	0	blank
src\core\backtester.py	354	4	comment
src\core\backtester.py	355	4	comment
src\core\backtester.py	356	4	comment
src\core\backtester.py	357	0	blank
src\core\backtester.py	358	4	ok
src\core\backtester.py	359	4	ok
src\core\backtester.py	360	4	ok
src\core\backtester.py	361	4	ok
src\core\backtester.py	362	4	ok
src\core\backtester.py	363	4	ok
src\core\backtester.py	364	4	ok
src\core\backtester.py	365	4	docstring
src\core\backtester.py	366	4	ok
src\core\backtester.py	367	4	ok
src\core\backtester.py	368	0	blank
src\core\backtester.py	369	4	ok
src\core\backtester.py	370	0	blank
src\core\backtester.py	371	4	ok
src\core\backtester.py	372	4	ok
src\core\backtester.py	373	0	blank
src\core\backtester.py	374	4	ok
src\core\backtester.py	375	4	ok
src\core\backtester.py	376	0	blank
src\core\backtester.py	377	4	comment
src\core\backtester.py	378	4	ok
src\core\backtester.py	379	4	ok
src\core\backtester.py	380	0	blank
src\core\backtester.py	381	4	comment
src\core\backtester.py	382	4	ok
src\core\backtester.py	383	4	ok
src\core\backtester.py	384	0	blank
src\core\backtester.py	385	4	ok
src\core\backtester.py	386	0	blank
src\core\backtester.py	387	0	blank
src\core\backtester.py	388	4	ok
src\core\backtester.py	389	4	ok
src\core\backtester.py	390	4	ok
src\core\backtester.py	391	4	ok
src\core\backtester.py	392	4	ok
src\core\backtester.py	393	4	ok
src\core\backtester.py	394	4	ok
src\core\backtester.py	395	4	ok
src\core\backtester.py	396	4	docstring
src\core\backtester.py	397	4	ok
src\core\backtester.py	398	4	ok
src\core\backtester.py	399	0	blank
src\core\backtester.py	400	4	ok
src\core\backtester.py	401	0	blank
src\core\backtester.py	402	4	comment
src\core\backtester.py	403	4	ok
src\core\backtester.py	404	4	ok
src\core\backtester.py	405	4	ok
src\core\backtester.py	406	0	blank
src\core\backtester.py	407	4	ok
src\core\backtester.py	408	4	ok
src\core\backtester.py	409	0	blank
src\core\backtester.py	410	4	ok
src\core\backtester.py	411	4	ok
src\core\backtester.py	412	0	blank
src\core\backtester.py	413	4	comment
src\core\backtester.py	414	4	ok
src\core\backtester.py	415	4	ok
src\core\backtester.py	416	0	blank
src\core\backtester.py	417	4	comment
src\core\backtester.py	418	4	ok
src\core\backtester.py	419	4	ok
src\core\backtester.py	420	0	blank
src\core\backtester.py	421	4	ok
src\core\backtester.py	422	0	blank
src\core\backtester.py	423	0	blank
src\core\backtester.py	424	4	ok
src\core\backtester.py	425	4	comment
src\core\backtester.py	426	4	ok
src\core\backtester.py	427	0	blank
src\core\backtester.py	428	4	ok
src\core\backtester.py	429	0	blank
src\core\backtester.py	430	4	comment
src\core\backtester.py	431	4	ok
src\core\backtester.py	432	4	ok
src\core\backtester.py	433	0	blank
src\core\backtester.py	434	4	ok
src\core\backtester.py	435	4	ok
src\core\backtester.py	436	4	ok
src\core\backtester.py	437	4	ok
src\core\backtester.py	438	4	ok
src\core\backtester.py	439	4	ok
src\core\backtester.py	440	4	ok
src\core\backtester.py	441	4	ok
src\core\backtester.py	442	0	blank
src\core\backtester.py	443	4	comment
src\core\backtester.py	444	4	ok
src\core\backtester.py	445	4	ok
src\core\backtester.py	446	4	ok
src\core\backtester.py	447	4	ok
src\core\backtester.py	448	4	ok
src\core\backtester.py	449	4	ok
src\core\backtester.py	450	0	blank
src\core\backtester.py	451	4	ok
src\core\backtester.py	452	4	ok
src\core\backtester.py	453	0	blank
src\core\backtester.py	454	3	print
src\core\council.py	1	4	docstring
src\core\council.py	2	4	docstring
src\core\council.py	3	4	docstring
src\core\council.py	4	0	blank
src\core\council.py	5	4	docstring
src\core\council.py	6	4	docstring
src\core\council.py	7	4	docstring
src\core\council.py	8	4	docstring
src\core\council.py	9	4	docstring
src\core\council.py	10	4	docstring
src\core\council.py	11	4	docstring
src\core\council.py	12	4	docstring
src\core\council.py	13	0	blank
src\core\council.py	14	4	ok
src\core\council.py	15	4	ok
src\core\council.py	16	4	ok
src\core\council.py	17	4	ok
src\core\council.py	18	4	ok
src\core\council.py	19	0	blank
src\core\council.py	20	4	ok
src\core\council.py	21	0	blank
src\core\council.py	22	4	ok
src\core\council.py	23	4	ok
src\core\council.py	24	4	ok
src\core\council.py	25	4	ok
src\core\council.py	26	4	ok
src\core\council.py	27	4	ok
src\core\council.py	28	0	blank
src\core\council.py	29	4	ok
src\core\council.py	30	0	blank
src\core\council.py	31	0	blank
src\core\council.py	32	4	comment
src\core\council.py	33	4	comment
src\core\council.py	34	4	comment
src\core\council.py	35	0	blank
src\core\council.py	36	4	ok
src\core\council.py	37	0	blank
src\core\council.py	38	5	typed_signature
src\core\council.py	39	4	docstring
src\core\council.py	40	4	docstring
src\core\council.py	41	4	docstring
src\core\council.py	42	4	docstring
src\core\council.py	43	4	ok
src\core\council.py	44	4	ok
src\core\council.py	45	0	blank
src\core\council.py	46	4	ok
src\core\council.py	47	0	blank
src\core\council.py	48	4	comment
src\core\council.py	49	4	ok
src\core\council.py	50	0	blank
src\core\council.py	51	4	comment
src\core\council.py	52	4	ok
src\core\council.py	53	4	ok
src\core\council.py	54	4	ok
src\core\council.py	55	4	ok
src\core\council.py	56	2	stub
src\core\council.py	57	0	blank
src\core\council.py	58	4	comment
src\core\council.py	59	4	ok
src\core\council.py	60	4	ok
src\core\council.py	61	4	ok
src\core\council.py	62	4	ok
src\core\council.py	63	4	ok
src\core\council.py	64	4	ok
src\core\council.py	65	4	ok
src\core\council.py	66	4	ok
src\core\council.py	67	4	ok
src\core\council.py	68	4	ok
src\core\council.py	69	4	ok
src\core\council.py	70	4	ok
src\core\council.py	71	0	blank
src\core\council.py	72	4	comment
src\core\council.py	73	4	ok
src\core\council.py	74	4	ok
src\core\council.py	75	4	ok
src\core\council.py	76	4	ok
src\core\council.py	77	4	ok
src\core\council.py	78	4	ok
src\core\council.py	79	4	ok
src\core\council.py	80	2	stub
src\core\council.py	81	0	blank
src\core\council.py	82	4	comment
src\core\council.py	83	4	ok
src\core\council.py	84	4	ok
src\core\council.py	85	4	ok
src\core\council.py	86	4	ok
src\core\council.py	87	0	blank
src\core\council.py	88	4	ok
src\core\council.py	89	4	ok
src\core\council.py	90	4	ok
src\core\council.py	91	4	ok
src\core\council.py	92	4	ok
src\core\council.py	93	4	ok
src\core\council.py	94	4	ok
src\core\council.py	95	4	ok
src\core\council.py	96	4	ok
src\core\council.py	97	4	ok
src\core\council.py	98	4	ok
src\core\council.py	99	4	ok
src\core\council.py	100	4	ok
src\core\council.py	101	4	ok
src\core\council.py	102	4	ok
src\core\council.py	103	4	ok
src\core\council.py	104	4	ok
src\core\council.py	105	4	ok
src\core\council.py	106	4	ok
src\core\council.py	107	4	ok
src\core\council.py	108	4	ok
src\core\council.py	109	0	blank
src\core\council.py	110	4	comment
src\core\council.py	111	4	comment
src\core\council.py	112	4	ok
src\core\council.py	113	4	ok
src\core\council.py	114	4	comment
src\core\council.py	115	4	ok
src\core\council.py	116	4	ok
src\core\council.py	117	4	comment
src\core\council.py	118	4	ok
src\core\council.py	119	4	ok
src\core\council.py	120	4	ok
src\core\council.py	121	2	stub
src\core\council.py	122	0	blank
src\core\council.py	123	4	ok
src\core\council.py	124	4	ok
src\core\council.py	125	4	ok
src\core\council.py	126	0	blank
src\core\council.py	127	0	blank
src\core\council.py	128	4	comment
src\core\council.py	129	4	comment
src\core\council.py	130	4	comment
src\core\council.py	131	0	blank
src\core\council.py	132	4	ok
src\core\council.py	133	4	docstring
src\core\council.py	134	4	comment
src\core\council.py	135	4	ok
src\core\council.py	136	4	ok
src\core\council.py	137	0	blank
src\core\council.py	138	4	comment
src\core\council.py	139	4	ok
src\core\council.py	140	4	ok
src\core\council.py	141	4	ok
src\core\council.py	142	4	ok
src\core\council.py	143	4	ok
src\core\council.py	144	0	blank
src\core\council.py	145	4	comment
src\core\council.py	146	4	ok
src\core\council.py	147	4	ok
src\core\council.py	148	4	ok
src\core\council.py	149	0	blank
src\core\council.py	150	4	comment
src\core\council.py	151	4	ok
src\core\council.py	152	4	ok
src\core\council.py	153	0	blank
src\core\council.py	154	4	comment
src\core\council.py	155	4	ok
src\core\council.py	156	4	ok
src\core\council.py	157	4	ok
src\core\council.py	158	0	blank
src\core\council.py	159	0	blank
src\core\council.py	160	4	ok
src\core\council.py	161	4	ok
src\core\council.py	162	4	docstring
src\core\council.py	163	4	ok
src\core\council.py	164	4	ok
src\core\council.py	165	4	ok
src\core\council.py	166	4	ok
src\core\council.py	167	4	ok
src\core\council.py	168	4	ok
src\core\council.py	169	0	blank
src\core\council.py	170	0	blank
src\core\council.py	171	4	comment
src\core\council.py	172	4	comment
src\core\council.py	173	4	comment
src\core\council.py	174	0	blank
src\core\council.py	175	4	ok
src\core\council.py	176	4	docstring
src\core\council.py	177	0	blank
src\core\council.py	178	5	typed_signature
src\core\council.py	179	4	ok
src\core\council.py	180	4	ok
src\core\council.py	181	4	ok
src\core\council.py	182	4	ok
src\core\council.py	183	4	ok
src\core\council.py	184	4	ok
src\core\council.py	185	4	ok
src\core\council.py	186	0	blank
src\core\council.py	187	4	ok
src\core\council.py	188	5	typed_signature
src\core\council.py	189	4	ok
src\core\council.py	190	4	ok
src\core\council.py	191	4	ok
src\core\council.py	192	4	ok
src\core\council.py	193	4	comment
src\core\council.py	194	4	ok
src\core\council.py	195	4	ok
src\core\council.py	196	0	blank
src\core\council.py	197	5	typed_signature
src\core\council.py	198	4	docstring
src\core\council.py	199	4	ok
src\core\council.py	200	0	blank
src\core\council.py	201	4	ok
src\core\council.py	202	4	docstring
src\core\council.py	203	4	ok
src\core\council.py	204	0	blank
src\core\council.py	205	4	comment
src\core\council.py	206	4	ok
src\core\council.py	207	0	blank
src\core\council.py	208	4	comment
src\core\council.py	209	4	comment
src\core\council.py	210	4	docstring
src\core\council.py	211	0	blank
src\core\council.py	212	4	docstring
src\core\council.py	213	4	docstring
src\core\council.py	214	4	docstring
src\core\council.py	215	0	blank
src\core\council.py	216	4	docstring
src\core\council.py	217	0	blank
src\core\council.py	218	4	docstring
src\core\council.py	219	4	docstring
src\core\council.py	220	4	docstring
src\core\council.py	221	4	docstring
src\core\council.py	222	4	docstring
src\core\council.py	223	0	blank
src\core\council.py	224	4	comment
src\core\council.py	225	4	ok
src\core\council.py	226	4	ok
src\core\council.py	227	4	ok
src\core\council.py	228	4	ok
src\core\council.py	229	4	ok
src\core\council.py	230	4	ok
src\core\council.py	231	4	ok
src\core\council.py	232	4	comment
src\core\council.py	233	4	ok
src\core\council.py	234	0	blank
src\core\council.py	235	4	comment
src\core\council.py	236	4	ok
src\core\council.py	237	4	ok
src\core\council.py	238	4	ok
src\core\council.py	239	4	ok
src\core\council.py	240	0	blank
src\core\council.py	241	4	comment
src\core\council.py	242	4	ok
src\core\council.py	243	4	ok
src\core\council.py	244	4	ok
src\core\council.py	245	4	ok
src\core\council.py	246	4	ok
src\core\council.py	247	4	ok
src\core\council.py	248	4	ok
src\core\council.py	249	4	ok
src\core\council.py	250	4	ok
src\core\council.py	251	4	ok
src\core\council.py	252	4	ok
src\core\council.py	253	0	blank
src\core\council.py	254	4	comment
src\core\council.py	255	4	ok
src\core\council.py	256	4	ok
src\core\council.py	257	4	ok
src\core\council.py	258	4	ok
src\core\council.py	259	0	blank
src\core\council.py	260	4	comment
src\core\council.py	261	4	ok
src\core\council.py	262	4	ok
src\core\council.py	263	4	ok
src\core\council.py	264	4	ok
src\core\council.py	265	4	ok
src\core\council.py	266	4	ok
src\core\council.py	267	4	ok
src\core\council.py	268	4	ok
src\core\council.py	269	4	ok
src\core\council.py	270	4	ok
src\core\council.py	271	4	ok
src\core\council.py	272	4	ok
src\core\council.py	273	4	ok
src\core\council.py	274	4	ok
src\core\council.py	275	4	ok
src\core\council.py	276	4	ok
src\core\council.py	277	4	ok
src\core\council.py	278	4	ok
src\core\council.py	279	4	ok
src\core\council.py	280	4	ok
src\core\council.py	281	0	blank
src\core\council.py	282	4	ok
src\core\council.py	283	4	ok
src\core\council.py	284	4	ok
src\core\council.py	285	4	ok
src\core\council.py	286	4	ok
src\core\council.py	287	4	ok
src\core\council.py	288	4	ok
src\core\council.py	289	4	ok
src\core\council.py	290	4	ok
src\core\council.py	291	0	blank
src\core\council.py	292	4	comment
src\core\council.py	293	4	comment
src\core\council.py	294	4	ok
src\core\council.py	295	4	ok
src\core\council.py	296	4	ok
src\core\council.py	297	4	ok
src\core\council.py	298	4	ok
src\core\council.py	299	0	blank
src\core\council.py	300	4	comment
src\core\council.py	301	4	ok
src\core\council.py	302	4	ok
src\core\council.py	303	4	ok
src\core\council.py	304	4	ok
src\core\council.py	305	4	ok
src\core\council.py	306	4	ok
src\core\council.py	307	4	ok
src\core\council.py	308	4	ok
src\core\council.py	309	4	ok
src\core\council.py	310	4	ok
src\core\council.py	311	4	ok
src\core\council.py	312	4	ok
src\core\council.py	313	0	blank
src\core\council.py	314	4	ok
src\core\council.py	315	4	ok
src\core\council.py	316	4	ok
src\core\council.py	317	4	ok
src\core\council.py	318	4	ok
src\core\council.py	319	4	ok
src\core\council.py	320	0	blank
src\core\council.py	321	4	comment
src\core\council.py	322	4	ok
src\core\council.py	323	4	ok
src\core\council.py	324	4	comment
src\core\council.py	325	4	ok
src\core\council.py	326	4	ok
src\core\council.py	327	4	ok
src\core\council.py	328	4	ok
src\core\council.py	329	4	ok
src\core\council.py	330	4	ok
src\core\council.py	331	4	ok
src\core\council.py	332	4	ok
src\core\council.py	333	0	blank
src\core\council.py	334	4	comment
src\core\council.py	335	4	ok
src\core\council.py	336	4	ok
src\core\council.py	337	4	ok
src\core\council.py	338	0	blank
src\core\council.py	339	4	comment
src\core\council.py	340	4	ok
src\core\council.py	341	4	ok
src\core\council.py	342	4	ok
src\core\council.py	343	0	blank
src\core\council.py	344	4	comment
src\core\council.py	345	4	ok
src\core\council.py	346	4	ok
src\core\council.py	347	4	ok
src\core\council.py	348	4	ok
src\core\council.py	349	3	long_line
src\core\council.py	350	0	blank
src\core\council.py	351	4	comment
src\core\council.py	352	4	ok
src\core\council.py	353	4	ok
src\core\council.py	354	4	ok
src\core\council.py	355	4	ok
src\core\council.py	356	3	long_line
src\core\council.py	357	0	blank
src\core\council.py	358	4	comment
src\core\council.py	359	4	ok
src\core\council.py	360	3	long_line
src\core\council.py	361	4	ok
src\core\council.py	362	0	blank
src\core\council.py	363	4	comment
src\core\council.py	364	4	ok
src\core\council.py	365	4	ok
src\core\council.py	366	4	ok
src\core\council.py	367	4	ok
src\core\council.py	368	0	blank
src\core\council.py	369	4	ok
src\core\council.py	370	4	ok
src\core\council.py	371	4	ok
src\core\council.py	372	4	ok
src\core\council.py	373	4	ok
src\core\council.py	374	2	bare_except
src\core\council.py	375	2	stub
src\core\council.py	376	4	ok
src\core\council.py	377	4	ok
src\core\council.py	378	4	ok
src\core\council.py	379	0	blank
src\core\council.py	380	4	ok
src\core\council.py	381	0	blank
src\core\council.py	382	0	blank
src\core\council.py	383	4	ok
src\core\council.py	384	4	docstring
src\core\council.py	385	0	blank
src\core\council.py	386	5	typed_signature
src\core\council.py	387	4	docstring
src\core\council.py	388	4	docstring
src\core\council.py	389	4	docstring
src\core\council.py	390	0	blank
src\core\council.py	391	4	docstring
src\core\council.py	392	4	docstring
src\core\council.py	393	4	docstring
src\core\council.py	394	4	docstring
src\core\council.py	395	4	docstring
src\core\council.py	396	0	blank
src\core\council.py	397	4	docstring
src\core\council.py	398	4	docstring
src\core\council.py	399	0	blank
src\core\council.py	400	4	docstring
src\core\council.py	401	4	docstring
src\core\council.py	402	0	blank
src\core\council.py	403	4	docstring
src\core\council.py	404	4	docstring
src\core\council.py	405	4	docstring
src\core\council.py	406	4	docstring
src\core\council.py	407	4	docstring
src\core\council.py	408	4	docstring
src\core\council.py	409	4	docstring
src\core\council.py	410	4	docstring
src\core\council.py	411	4	docstring
src\core\council.py	412	0	blank
src\core\council.py	413	0	blank
src\core\council.py	414	4	ok
src\core\council.py	415	4	docstring
src\core\council.py	416	0	blank
src\core\council.py	417	5	typed_signature
src\core\council.py	418	4	docstring
src\core\council.py	419	4	docstring
src\core\council.py	420	4	docstring
src\core\council.py	421	0	blank
src\core\council.py	422	4	docstring
src\core\council.py	423	4	docstring
src\core\council.py	424	4	docstring
src\core\council.py	425	4	docstring
src\core\council.py	426	4	docstring
src\core\council.py	427	0	blank
src\core\council.py	428	4	docstring
src\core\council.py	429	4	docstring
src\core\council.py	430	0	blank
src\core\council.py	431	4	docstring
src\core\council.py	432	4	docstring
src\core\council.py	433	0	blank
src\core\council.py	434	4	docstring
src\core\council.py	435	4	docstring
src\core\council.py	436	4	docstring
src\core\council.py	437	4	docstring
src\core\council.py	438	4	docstring
src\core\council.py	439	4	docstring
src\core\council.py	440	4	docstring
src\core\council.py	441	4	docstring
src\core\council.py	442	4	docstring
src\core\council.py	443	0	blank
src\core\council.py	444	0	blank
src\core\council.py	445	4	ok
src\core\council.py	446	4	docstring
src\core\council.py	447	0	blank
src\core\council.py	448	5	typed_signature
src\core\council.py	449	4	docstring
src\core\council.py	450	4	docstring
src\core\council.py	451	4	docstring
src\core\council.py	452	0	blank
src\core\council.py	453	4	docstring
src\core\council.py	454	4	docstring
src\core\council.py	455	4	docstring
src\core\council.py	456	4	docstring
src\core\council.py	457	4	docstring
src\core\council.py	458	4	docstring
src\core\council.py	459	4	docstring
src\core\council.py	460	0	blank
src\core\council.py	461	4	docstring
src\core\council.py	462	4	docstring
src\core\council.py	463	0	blank
src\core\council.py	464	4	docstring
src\core\council.py	465	4	docstring
src\core\council.py	466	4	docstring
src\core\council.py	467	4	docstring
src\core\council.py	468	4	docstring
src\core\council.py	469	4	docstring
src\core\council.py	470	4	docstring
src\core\council.py	471	4	docstring
src\core\council.py	472	4	docstring
src\core\council.py	473	4	docstring
src\core\council.py	474	4	docstring
src\core\council.py	475	4	docstring
src\core\council.py	476	4	docstring
src\core\council.py	477	4	docstring
src\core\council.py	478	0	blank
src\core\council.py	479	0	blank
src\core\council.py	480	4	ok
src\core\council.py	481	4	docstring
src\core\council.py	482	0	blank
src\core\council.py	483	5	typed_signature
src\core\council.py	484	4	docstring
src\core\council.py	485	4	docstring
src\core\council.py	486	0	blank
src\core\council.py	487	4	docstring
src\core\council.py	488	4	docstring
src\core\council.py	489	4	docstring
src\core\council.py	490	4	docstring
src\core\council.py	491	4	docstring
src\core\council.py	492	4	docstring
src\core\council.py	493	0	blank
src\core\council.py	494	4	docstring
src\core\council.py	495	4	docstring
src\core\council.py	496	0	blank
src\core\council.py	497	4	docstring
src\core\council.py	498	4	docstring
src\core\council.py	499	4	docstring
src\core\council.py	500	4	docstring
src\core\council.py	501	4	docstring
src\core\council.py	502	4	docstring
src\core\council.py	503	4	docstring
src\core\council.py	504	4	docstring
src\core\council.py	505	4	docstring
src\core\council.py	506	4	docstring
src\core\council.py	507	0	blank
src\core\council.py	508	0	blank
src\core\council.py	509	4	ok
src\core\council.py	510	4	docstring
src\core\council.py	511	0	blank
src\core\council.py	512	5	typed_signature
src\core\council.py	513	4	docstring
src\core\council.py	514	4	docstring
src\core\council.py	515	4	docstring
src\core\council.py	516	0	blank
src\core\council.py	517	4	docstring
src\core\council.py	518	4	docstring
src\core\council.py	519	0	blank
src\core\council.py	520	4	docstring
src\core\council.py	521	4	docstring
src\core\council.py	522	4	docstring
src\core\council.py	523	4	docstring
src\core\council.py	524	0	blank
src\core\council.py	525	4	docstring
src\core\council.py	526	4	docstring
src\core\council.py	527	4	docstring
src\core\council.py	528	4	docstring
src\core\council.py	529	4	docstring
src\core\council.py	530	4	docstring
src\core\council.py	531	4	docstring
src\core\council.py	532	0	blank
src\core\council.py	533	4	docstring
src\core\council.py	534	4	docstring
src\core\council.py	535	4	docstring
src\core\council.py	536	4	docstring
src\core\council.py	537	0	blank
src\core\council.py	538	4	docstring
src\core\council.py	539	4	docstring
src\core\council.py	540	4	docstring
src\core\council.py	541	4	docstring
src\core\council.py	542	0	blank
src\core\council.py	543	4	docstring
src\core\council.py	544	4	docstring
src\core\council.py	545	4	docstring
src\core\council.py	546	0	blank
src\core\council.py	547	4	docstring
src\core\council.py	548	4	docstring
src\core\council.py	549	4	docstring
src\core\council.py	550	4	docstring
src\core\council.py	551	0	blank
src\core\council.py	552	4	docstring
src\core\council.py	553	4	docstring
src\core\council.py	554	4	docstring
src\core\council.py	555	4	docstring
src\core\council.py	556	4	docstring
src\core\council.py	557	4	docstring
src\core\council.py	558	0	blank
src\core\council.py	559	4	docstring
src\core\council.py	560	4	docstring
src\core\council.py	561	0	blank
src\core\council.py	562	4	docstring
src\core\council.py	563	4	docstring
src\core\council.py	564	0	blank
src\core\council.py	565	4	docstring
src\core\council.py	566	4	docstring
src\core\council.py	567	0	blank
src\core\council.py	568	4	docstring
src\core\council.py	569	4	docstring
src\core\council.py	570	4	docstring
src\core\council.py	571	4	docstring
src\core\council.py	572	4	docstring
src\core\council.py	573	4	docstring
src\core\council.py	574	4	docstring
src\core\council.py	575	4	docstring
src\core\council.py	576	4	docstring
src\core\council.py	577	4	docstring
src\core\council.py	578	4	docstring
src\core\council.py	579	4	docstring
src\core\council.py	580	4	docstring
src\core\council.py	581	4	docstring
src\core\council.py	582	0	blank
src\core\council.py	583	4	ok
src\core\council.py	584	4	docstring
src\core\council.py	585	0	blank
src\core\council.py	586	4	comment
src\core\council.py	587	4	ok
src\core\council.py	588	4	ok
src\core\council.py	589	4	ok
src\core\council.py	590	4	ok
src\core\council.py	591	4	ok
src\core\council.py	592	4	ok
src\core\council.py	593	4	ok
src\core\council.py	594	4	ok
src\core\council.py	595	4	ok
src\core\council.py	596	4	ok
src\core\council.py	597	4	ok
src\core\council.py	598	0	blank
src\core\council.py	599	4	comment
src\core\council.py	600	4	ok
src\core\council.py	601	4	ok
src\core\council.py	602	4	ok
src\core\council.py	603	4	ok
src\core\council.py	604	4	ok
src\core\council.py	605	4	ok
src\core\council.py	606	4	ok
src\core\council.py	607	0	blank
src\core\council.py	608	4	comment
src\core\council.py	609	4	ok
src\core\council.py	610	4	ok
src\core\council.py	611	4	ok
src\core\council.py	612	0	blank
src\core\council.py	613	4	comment
src\core\council.py	614	4	ok
src\core\council.py	615	4	ok
src\core\council.py	616	4	ok
src\core\council.py	617	0	blank
src\core\council.py	618	4	comment
src\core\council.py	619	4	ok
src\core\council.py	620	4	ok
src\core\council.py	621	0	blank
src\core\council.py	622	4	comment
src\core\council.py	623	4	ok
src\core\council.py	624	0	blank
src\core\council.py	625	4	ok
src\core\council.py	626	4	ok
src\core\council.py	627	4	ok
src\core\council.py	628	0	blank
src\core\council.py	629	4	ok
src\core\council.py	630	4	ok
src\core\council.py	631	4	ok
src\core\council.py	632	0	blank
src\core\council.py	633	4	ok
src\core\council.py	634	4	ok
src\core\council.py	635	0	blank
src\core\council.py	636	4	comment
src\core\council.py	637	0	blank
src\core\council.py	638	4	comment
src\core\council.py	639	4	ok
src\core\council.py	640	4	ok
src\core\council.py	641	4	ok
src\core\council.py	642	4	ok
src\core\council.py	643	4	ok
src\core\council.py	644	0	blank
src\core\council.py	645	4	ok
src\core\council.py	646	4	ok
src\core\council.py	647	4	ok
src\core\council.py	648	0	blank
src\core\council.py	649	4	comment
src\core\council.py	650	4	ok
src\core\council.py	651	4	ok
src\core\council.py	652	4	ok
src\core\council.py	653	4	ok
src\core\council.py	654	0	blank
src\core\council.py	655	4	ok
src\core\council.py	656	4	ok
src\core\council.py	657	4	ok
src\core\council.py	658	0	blank
src\core\council.py	659	4	comment
src\core\council.py	660	4	ok
src\core\council.py	661	4	ok
src\core\council.py	662	4	ok
src\core\council.py	663	4	ok
src\core\council.py	664	3	long_line
src\core\council.py	665	0	blank
src\core\council.py	666	4	comment
src\core\council.py	667	4	ok
src\core\council.py	668	4	ok
src\core\council.py	669	4	ok
src\core\council.py	670	4	ok
src\core\council.py	671	4	ok
src\core\council.py	672	4	ok
src\core\council.py	673	4	ok
src\core\council.py	674	0	blank
src\core\council.py	675	4	comment
src\core\council.py	676	4	ok
src\core\council.py	677	4	ok
src\core\council.py	678	4	ok
src\core\council.py	679	0	blank
src\core\council.py	680	4	comment
src\core\council.py	681	0	blank
src\core\council.py	682	4	comment
src\core\council.py	683	4	ok
src\core\council.py	684	4	ok
src\core\council.py	685	4	ok
src\core\council.py	686	0	blank
src\core\council.py	687	4	comment
src\core\council.py	688	4	ok
src\core\council.py	689	4	ok
src\core\council.py	690	4	ok
src\core\council.py	691	0	blank
src\core\council.py	692	4	comment
src\core\council.py	693	4	ok
src\core\council.py	694	4	ok
src\core\council.py	695	4	ok
src\core\council.py	696	0	blank
src\core\council.py	697	4	comment
src\core\council.py	698	4	ok
src\core\council.py	699	4	ok
src\core\council.py	700	4	ok
src\core\council.py	701	4	ok
src\core\council.py	702	4	ok
src\core\council.py	703	4	ok
src\core\council.py	704	4	ok
src\core\council.py	705	4	ok
src\core\council.py	706	0	blank
src\core\council.py	707	4	comment
src\core\council.py	708	4	ok
src\core\council.py	709	3	long_line
src\core\council.py	710	4	ok
src\core\council.py	711	4	ok
src\core\council.py	712	4	ok
src\core\council.py	713	4	ok
src\core\council.py	714	4	ok
src\core\council.py	715	3	long_line
src\core\council.py	716	4	ok
src\core\council.py	717	4	ok
src\core\council.py	718	4	ok
src\core\council.py	719	4	comment
src\core\council.py	720	4	ok
src\core\council.py	721	4	ok
src\core\council.py	722	3	long_line
src\core\council.py	723	4	ok
src\core\council.py	724	4	ok
src\core\council.py	725	4	ok
src\core\council.py	726	4	ok
src\core\council.py	727	4	ok
src\core\council.py	728	0	blank
src\core\council.py	729	0	blank
src\core\council.py	730	4	comment
src\core\council.py	731	4	ok
src\core\council.py	732	4	ok
src\core\council.py	733	4	ok
src\core\council.py	734	4	ok
src\core\council.py	735	4	ok
src\core\council.py	736	4	ok
src\core\council.py	737	4	ok
src\core\council.py	738	4	ok
src\core\council.py	739	4	ok
src\core\council.py	740	4	comment
src\core\council.py	741	4	ok
src\core\council.py	742	4	ok
src\core\council.py	743	4	ok
src\core\council.py	744	4	ok
src\core\council.py	745	4	ok
src\core\council.py	746	4	ok
src\core\council.py	747	4	ok
src\core\council.py	748	0	blank
src\core\council.py	749	4	comment
src\core\council.py	750	4	comment
src\core\council.py	751	4	ok
src\core\council.py	752	4	ok
src\core\council.py	753	4	ok
src\core\council.py	754	4	ok
src\core\council.py	755	4	ok
src\core\council.py	756	4	ok
src\core\council.py	757	4	ok
src\core\council.py	758	4	ok
src\core\council.py	759	4	ok
src\core\council.py	760	4	ok
src\core\council.py	761	0	blank
src\core\council.py	762	4	ok
src\core\council.py	763	4	ok
src\core\council.py	764	4	ok
src\core\council.py	765	4	ok
src\core\council.py	766	4	ok
src\core\council.py	767	4	ok
src\core\council.py	768	0	blank
src\core\council.py	769	4	comment
src\core\council.py	770	4	docstring
src\core\council.py	771	4	docstring
src\core\council.py	772	4	docstring
src\core\council.py	773	4	docstring
src\core\council.py	774	0	blank
src\core\council.py	775	4	ok
src\core\council.py	776	4	ok
src\core\council.py	777	4	ok
src\core\council.py	778	4	ok
src\core\council.py	779	4	ok
src\core\council.py	780	4	ok
src\core\council.py	781	4	ok
src\core\council.py	782	4	ok
src\core\council.py	783	0	blank
src\core\council.py	784	4	ok
src\core\council.py	785	4	ok
src\core\council.py	786	0	blank
src\core\council.py	787	4	comment
src\core\council.py	788	4	ok
src\core\council.py	789	4	ok
src\core\council.py	790	0	blank
src\core\council.py	791	4	comment
src\core\council.py	792	4	ok
src\core\council.py	793	0	blank
src\core\council.py	794	4	comment
src\core\council.py	795	4	ok
src\core\council.py	796	4	ok
src\core\council.py	797	0	blank
src\core\council.py	798	4	ok
src\core\council.py	799	4	ok
src\core\council.py	800	0	blank
src\core\council.py	801	4	ok
src\core\council.py	802	4	ok
src\core\council.py	803	4	ok
src\core\council.py	804	4	comment
src\core\council.py	805	4	ok
src\core\council.py	806	3	long_line
src\core\council.py	807	0	blank
src\core\council.py	808	4	ok
src\core\council.py	809	4	ok
src\core\council.py	810	4	comment
src\core\council.py	811	3	long_line
src\core\council.py	812	0	blank
src\core\council.py	813	0	blank
src\core\council.py	814	4	ok
src\core\council.py	815	4	docstring
src\core\council.py	816	0	blank
src\core\council.py	817	5	typed_signature
src\core\council.py	818	4	docstring
src\core\council.py	819	0	blank
src\core\council.py	820	4	docstring
src\core\council.py	821	4	docstring
src\core\council.py	822	4	docstring
src\core\council.py	823	4	docstring
src\core\council.py	824	4	docstring
src\core\council.py	825	4	docstring
src\core\council.py	826	0	blank
src\core\council.py	827	4	docstring
src\core\council.py	828	4	docstring
src\core\council.py	829	4	docstring
src\core\council.py	830	0	blank
src\core\council.py	831	4	docstring
src\core\council.py	832	4	docstring
src\core\council.py	833	4	docstring
src\core\council.py	834	4	docstring
src\core\council.py	835	0	blank
src\core\council.py	836	4	docstring
src\core\council.py	837	4	docstring
src\core\council.py	838	4	docstring
src\core\council.py	839	4	docstring
src\core\council.py	840	0	blank
src\core\council.py	841	4	docstring
src\core\council.py	842	4	docstring
src\core\council.py	843	4	docstring
src\core\council.py	844	4	docstring
src\core\council.py	845	4	docstring
src\core\council.py	846	4	docstring
src\core\council.py	847	0	blank
src\core\council.py	848	4	docstring
src\core\council.py	849	4	docstring
src\core\council.py	850	4	docstring
src\core\council.py	851	4	docstring
src\core\council.py	852	4	docstring
src\core\council.py	853	0	blank
src\core\council.py	854	4	docstring
src\core\council.py	855	4	docstring
src\core\council.py	856	0	blank
src\core\council.py	857	4	docstring
src\core\council.py	858	4	docstring
src\core\council.py	859	0	blank
src\core\council.py	860	4	docstring
src\core\council.py	861	4	docstring
src\core\council.py	862	4	docstring
src\core\council.py	863	4	docstring
src\core\council.py	864	0	blank
src\core\council.py	865	4	docstring
src\core\council.py	866	4	docstring
src\core\council.py	867	4	docstring
src\core\council.py	868	4	docstring
src\core\council.py	869	4	docstring
src\core\council.py	870	4	docstring
src\core\council.py	871	0	blank
src\core\council.py	872	4	docstring
src\core\council.py	873	4	docstring
src\core\council.py	874	4	docstring
src\core\council.py	875	4	docstring
src\core\council.py	876	4	docstring
src\core\council.py	877	4	docstring
src\core\council.py	878	4	docstring
src\core\council.py	879	4	docstring
src\core\council.py	880	4	docstring
src\core\council.py	881	4	docstring
src\core\council.py	882	4	docstring
src\core\council.py	883	4	docstring
src\core\council.py	884	4	docstring
src\core\council.py	885	4	docstring
src\core\council.py	886	4	docstring
src\core\council.py	887	4	docstring
src\core\council.py	888	4	docstring
src\core\council.py	889	4	docstring
src\core\council.py	890	4	docstring
src\core\council.py	891	0	blank
src\core\council.py	892	4	docstring
src\core\council.py	893	4	docstring
src\core\council.py	894	4	docstring
src\core\council.py	895	4	docstring
src\core\council.py	896	4	docstring
src\core\council.py	897	4	docstring
src\core\council.py	898	0	blank
src\core\council.py	899	4	ok
src\core\council.py	900	4	docstring
src\core\council.py	901	4	comment
src\core\council.py	902	4	ok
src\core\council.py	903	4	ok
src\core\council.py	904	4	ok
src\core\council.py	905	4	ok
src\core\council.py	906	4	ok
src\core\council.py	907	4	ok
src\core\council.py	908	4	ok
src\core\council.py	909	4	ok
src\core\council.py	910	4	ok
src\core\council.py	911	0	blank
src\core\council.py	912	4	comment
src\core\council.py	913	4	ok
src\core\council.py	914	4	ok
src\core\council.py	915	4	ok
src\core\council.py	916	4	ok
src\core\council.py	917	4	ok
src\core\council.py	918	4	ok
src\core\council.py	919	4	ok
src\core\council.py	920	4	ok
src\core\council.py	921	4	ok
src\core\council.py	922	4	ok
src\core\council.py	923	4	ok
src\core\council.py	924	4	ok
src\core\council.py	925	4	ok
src\core\council.py	926	0	blank
src\core\council.py	927	4	comment
src\core\council.py	928	4	ok
src\core\council.py	929	4	ok
src\core\council.py	930	4	ok
src\core\council.py	931	4	ok
src\core\council.py	932	4	ok
src\core\council.py	933	4	ok
src\core\council.py	934	4	ok
src\core\council.py	935	4	ok
src\core\council.py	936	4	ok
src\core\council.py	937	4	ok
src\core\council.py	938	4	ok
src\core\council.py	939	4	ok
src\core\council.py	940	2	stub
src\core\council.py	941	0	blank
src\core\council.py	942	4	comment
src\core\council.py	943	4	ok
src\core\council.py	944	4	ok
src\core\council.py	945	4	ok
src\core\council.py	946	0	blank
src\core\council.py	947	4	ok
src\core\council.py	948	4	ok
src\core\council.py	949	4	ok
src\core\council.py	950	4	ok
src\core\council.py	951	4	ok
src\core\council.py	952	4	ok
src\core\council.py	953	4	ok
src\core\council.py	954	4	ok
src\core\council.py	955	4	ok
src\core\council.py	956	4	ok
src\core\council.py	957	4	ok
src\core\council.py	958	0	blank
src\core\council.py	959	4	comment
src\core\council.py	960	4	ok
src\core\council.py	961	4	ok
src\core\council.py	962	0	blank
src\core\council.py	963	4	comment
src\core\council.py	964	4	docstring
src\core\council.py	965	4	docstring
src\core\council.py	966	4	docstring
src\core\council.py	967	4	docstring
src\core\council.py	968	0	blank
src\core\council.py	969	4	ok
src\core\council.py	970	4	ok
src\core\council.py	971	4	ok
src\core\council.py	972	4	ok
src\core\council.py	973	4	ok
src\core\council.py	974	4	ok
src\core\council.py	975	4	ok
src\core\council.py	976	4	ok
src\core\council.py	977	0	blank
src\core\council.py	978	4	ok
src\core\council.py	979	4	ok
src\core\council.py	980	4	ok
src\core\council.py	981	4	comment
src\core\council.py	982	4	ok
src\core\council.py	983	4	ok
src\core\council.py	984	4	ok
src\core\council.py	985	4	ok
src\core\council.py	986	4	ok
src\core\council.py	987	4	ok
src\core\council.py	988	4	ok
src\core\council.py	989	4	ok
src\core\council.py	990	4	ok
src\core\council.py	991	4	ok
src\core\council.py	992	4	ok
src\core\council.py	993	4	ok
src\core\council.py	994	4	ok
src\core\council.py	995	4	ok
src\core\council.py	996	0	blank
src\core\council.py	997	4	comment
src\core\council.py	998	4	ok
src\core\council.py	999	4	ok
src\core\council.py	1000	3	long_line
src\core\council.py	1001	4	ok
src\core\council.py	1002	4	ok
src\core\council.py	1003	4	ok
src\core\council.py	1004	4	ok
src\core\council.py	1005	4	ok
src\core\council.py	1006	0	blank
src\core\council.py	1007	4	ok
src\core\council.py	1008	4	ok
src\core\council.py	1009	4	comment
src\core\council.py	1010	4	ok
src\core\council.py	1011	4	ok
src\core\council.py	1012	4	ok
src\core\council.py	1013	4	comment
src\core\council.py	1014	3	long_line
src\core\council.py	1015	4	ok
src\core\council.py	1016	4	ok
src\core\council.py	1017	4	ok
src\core\council.py	1018	4	ok
src\core\council.py	1019	4	ok
src\core\council.py	1020	4	ok
src\core\council.py	1021	4	ok
src\core\council.py	1022	4	ok
src\core\council.py	1023	4	ok
src\core\council.py	1024	4	ok
src\core\council.py	1025	4	ok
src\core\council.py	1026	4	ok
src\core\council.py	1027	4	ok
src\core\council.py	1028	4	ok
src\core\council.py	1029	4	ok
src\core\council.py	1030	4	ok
src\core\council.py	1031	4	ok
src\core\council.py	1032	4	ok
src\core\council.py	1033	4	ok
src\core\council.py	1034	4	ok
src\core\council.py	1035	0	blank
src\core\council.py	1036	0	blank
src\core\council.py	1037	4	comment
src\core\council.py	1038	4	comment
src\core\council.py	1039	4	comment
src\core\council.py	1040	0	blank
src\core\council.py	1041	4	ok
src\core\council.py	1042	4	docstring
src\core\council.py	1043	4	docstring
src\core\council.py	1044	4	docstring
src\core\council.py	1045	4	docstring
src\core\council.py	1046	0	blank
src\core\council.py	1047	5	typed_signature
src\core\council.py	1048	4	ok
src\core\council.py	1049	4	ok
src\core\council.py	1050	0	blank
src\core\council.py	1051	4	comment
src\core\council.py	1052	4	ok
src\core\council.py	1053	4	ok
src\core\council.py	1054	0	blank
src\core\council.py	1055	4	comment
src\core\council.py	1056	4	ok
src\core\council.py	1057	4	ok
src\core\council.py	1058	0	blank
src\core\council.py	1059	4	comment
src\core\council.py	1060	4	ok
src\core\council.py	1061	4	ok
src\core\council.py	1062	0	blank
src\core\council.py	1063	4	comment
src\core\council.py	1064	4	ok
src\core\council.py	1065	4	ok
src\core\council.py	1066	4	ok
src\core\council.py	1067	4	ok
src\core\council.py	1068	4	ok
src\core\council.py	1069	4	ok
src\core\council.py	1070	4	ok
src\core\council.py	1071	4	ok
src\core\council.py	1072	4	ok
src\core\council.py	1073	4	ok
src\core\council.py	1074	4	ok
src\core\council.py	1075	4	ok
src\core\council.py	1076	4	ok
src\core\council.py	1077	4	ok
src\core\council.py	1078	4	ok
src\core\council.py	1079	0	blank
src\core\council.py	1080	4	ok
src\core\council.py	1081	4	ok
src\core\council.py	1082	4	ok
src\core\council.py	1083	4	ok
src\core\council.py	1084	4	ok
src\core\council.py	1085	4	ok
src\core\council.py	1086	4	ok
src\core\council.py	1087	4	ok
src\core\council.py	1088	4	ok
src\core\council.py	1089	4	ok
src\core\council.py	1090	4	ok
src\core\council.py	1091	4	ok
src\core\council.py	1092	4	ok
src\core\council.py	1093	4	ok
src\core\council.py	1094	4	ok
src\core\council.py	1095	0	blank
src\core\council.py	1096	4	ok
src\core\council.py	1097	4	ok
src\core\council.py	1098	4	ok
src\core\council.py	1099	4	ok
src\core\council.py	1100	4	ok
src\core\council.py	1101	4	ok
src\core\council.py	1102	4	ok
src\core\council.py	1103	4	ok
src\core\council.py	1104	4	ok
src\core\council.py	1105	4	ok
src\core\council.py	1106	4	ok
src\core\council.py	1107	4	ok
src\core\council.py	1108	4	ok
src\core\council.py	1109	4	ok
src\core\council.py	1110	4	ok
src\core\council.py	1111	0	blank
src\core\council.py	1112	4	ok
src\core\council.py	1113	4	ok
src\core\council.py	1114	4	ok
src\core\council.py	1115	4	ok
src\core\council.py	1116	4	ok
src\core\council.py	1117	4	ok
src\core\council.py	1118	4	ok
src\core\council.py	1119	4	ok
src\core\council.py	1120	4	ok
src\core\council.py	1121	4	ok
src\core\council.py	1122	4	ok
src\core\council.py	1123	4	ok
src\core\council.py	1124	4	ok
src\core\council.py	1125	4	ok
src\core\council.py	1126	4	ok
src\core\council.py	1127	0	blank
src\core\council.py	1128	4	ok
src\core\council.py	1129	4	ok
src\core\council.py	1130	4	ok
src\core\council.py	1131	4	ok
src\core\council.py	1132	4	ok
src\core\council.py	1133	4	ok
src\core\council.py	1134	4	ok
src\core\council.py	1135	4	ok
src\core\council.py	1136	4	ok
src\core\council.py	1137	4	ok
src\core\council.py	1138	4	ok
src\core\council.py	1139	4	ok
src\core\council.py	1140	4	ok
src\core\council.py	1141	0	blank
src\core\council.py	1142	4	ok
src\core\council.py	1143	4	ok
src\core\council.py	1144	4	ok
src\core\council.py	1145	4	ok
src\core\council.py	1146	4	ok
src\core\council.py	1147	4	ok
src\core\council.py	1148	4	ok
src\core\council.py	1149	4	ok
src\core\council.py	1150	4	ok
src\core\council.py	1151	4	ok
src\core\council.py	1152	4	ok
src\core\council.py	1153	4	ok
src\core\council.py	1154	4	ok
src\core\council.py	1155	0	blank
src\core\council.py	1156	4	ok
src\core\council.py	1157	4	docstring
src\core\council.py	1158	4	docstring
src\core\council.py	1159	0	blank
src\core\council.py	1160	4	docstring
src\core\council.py	1161	4	docstring
src\core\council.py	1162	0	blank
src\core\council.py	1163	4	docstring
src\core\council.py	1164	4	docstring
src\core\council.py	1165	4	docstring
src\core\council.py	1166	4	comment
src\core\council.py	1167	4	ok
src\core\council.py	1168	4	ok
src\core\council.py	1169	4	ok
src\core\council.py	1170	4	ok
src\core\council.py	1171	4	ok
src\core\council.py	1172	4	ok
src\core\council.py	1173	4	ok
src\core\council.py	1174	4	ok
src\core\council.py	1175	4	ok
src\core\council.py	1176	4	ok
src\core\council.py	1177	4	ok
src\core\council.py	1178	4	ok
src\core\council.py	1179	4	ok
src\core\council.py	1180	4	ok
src\core\council.py	1181	4	ok
src\core\council.py	1182	4	ok
src\core\council.py	1183	4	ok
src\core\council.py	1184	0	blank
src\core\council.py	1185	4	ok
src\core\council.py	1186	0	blank
src\core\council.py	1187	4	comment
src\core\council.py	1188	4	ok
src\core\council.py	1189	0	blank
src\core\council.py	1190	4	ok
src\core\council.py	1191	4	ok
src\core\council.py	1192	4	ok
src\core\council.py	1193	4	ok
src\core\council.py	1194	4	ok
src\core\council.py	1195	4	ok
src\core\council.py	1196	4	ok
src\core\council.py	1197	0	blank
src\core\council.py	1198	4	comment
src\core\council.py	1199	4	ok
src\core\council.py	1200	4	ok
src\core\council.py	1201	4	ok
src\core\council.py	1202	4	ok
src\core\council.py	1203	4	ok
src\core\council.py	1204	4	ok
src\core\council.py	1205	4	ok
src\core\council.py	1206	4	comment
src\core\council.py	1207	4	ok
src\core\council.py	1208	4	ok
src\core\council.py	1209	0	blank
src\core\council.py	1210	4	ok
src\core\council.py	1211	4	ok
src\core\council.py	1212	4	ok
src\core\council.py	1213	4	ok
src\core\council.py	1214	0	blank
src\core\council.py	1215	4	comment
src\core\council.py	1216	4	ok
src\core\council.py	1217	4	ok
src\core\council.py	1218	4	ok
src\core\council.py	1219	4	ok
src\core\council.py	1220	4	ok
src\core\council.py	1221	4	ok
src\core\council.py	1222	4	ok
src\core\council.py	1223	0	blank
src\core\council.py	1224	4	comment
src\core\council.py	1225	4	ok
src\core\council.py	1226	4	ok
src\core\council.py	1227	4	ok
src\core\council.py	1228	4	ok
src\core\council.py	1229	4	ok
src\core\council.py	1230	4	ok
src\core\council.py	1231	4	ok
src\core\council.py	1232	0	blank
src\core\council.py	1233	4	comment
src\core\council.py	1234	4	ok
src\core\council.py	1235	4	ok
src\core\council.py	1236	4	ok
src\core\council.py	1237	4	ok
src\core\council.py	1238	4	ok
src\core\council.py	1239	4	ok
src\core\council.py	1240	4	ok
src\core\council.py	1241	0	blank
src\core\council.py	1242	4	comment
src\core\council.py	1243	4	ok
src\core\council.py	1244	3	long_line
src\core\council.py	1245	4	ok
src\core\council.py	1246	4	ok
src\core\council.py	1247	4	ok
src\core\council.py	1248	4	ok
src\core\council.py	1249	4	ok
src\core\council.py	1250	4	ok
src\core\council.py	1251	0	blank
src\core\council.py	1252	4	ok
src\core\council.py	1253	4	ok
src\core\council.py	1254	4	ok
src\core\council.py	1255	0	blank
src\core\council.py	1256	4	comment
src\core\council.py	1257	4	ok
src\core\council.py	1258	4	ok
src\core\council.py	1259	4	ok
src\core\council.py	1260	0	blank
src\core\council.py	1261	4	comment
src\core\council.py	1262	4	ok
src\core\council.py	1263	0	blank
src\core\council.py	1264	4	comment
src\core\council.py	1265	4	ok
src\core\council.py	1266	4	ok
src\core\council.py	1267	4	ok
src\core\council.py	1268	4	ok
src\core\council.py	1269	4	ok
src\core\council.py	1270	0	blank
src\core\council.py	1271	4	comment
src\core\council.py	1272	4	ok
src\core\council.py	1273	0	blank
src\core\council.py	1274	4	ok
src\core\council.py	1275	4	ok
src\core\council.py	1276	4	ok
src\core\council.py	1277	4	ok
src\core\council.py	1278	4	ok
src\core\council.py	1279	4	ok
src\core\council.py	1280	4	ok
src\core\council.py	1281	4	ok
src\core\council.py	1282	4	ok
src\core\council.py	1283	4	ok
src\core\council.py	1284	0	blank
src\core\council.py	1285	4	ok
src\core\council.py	1286	0	blank
src\core\council.py	1287	4	ok
src\core\council.py	1288	4	ok
src\core\council.py	1289	4	ok
src\core\council.py	1290	4	ok
src\core\council.py	1291	4	ok
src\core\council.py	1292	4	ok
src\core\council.py	1293	4	ok
src\core\council.py	1294	4	ok
src\core\council.py	1295	4	ok
src\core\council.py	1296	4	ok
src\core\council.py	1297	0	blank
src\core\council.py	1298	0	blank
src\core\council.py	1299	4	ok
src\core\council.py	1300	4	docstring
src\core\council.py	1301	4	ok
src\core\council.py	1302	0	blank
src\core\council.py	1303	4	comment
src\core\council.py	1304	4	ok
src\core\council.py	1305	4	ok
src\core\council.py	1306	4	ok
src\core\council.py	1307	4	ok
src\core\council.py	1308	4	ok
src\core\council.py	1309	4	ok
src\core\council.py	1310	4	ok
src\core\council.py	1311	4	ok
src\core\council.py	1312	4	ok
src\core\council.py	1313	4	ok
src\core\council.py	1314	4	ok
src\core\council.py	1315	4	ok
src\core\council.py	1316	4	ok
src\core\council.py	1317	4	ok
src\core\council.py	1318	4	ok
src\core\council.py	1319	4	ok
src\core\council.py	1320	0	blank
src\core\council.py	1321	4	ok
src\core\council.py	1322	4	ok
src\core\council.py	1323	4	ok
src\core\council.py	1324	0	blank
src\core\council.py	1325	3	print
src\core\council.py	1326	3	print
src\core\council.py	1327	3	print
src\core\council.py	1328	3	print
src\core\council.py	1329	0	blank
src\core\council.py	1330	0	blank
src\core\council.py	1331	4	ok
src\core\council.py	1332	4	ok
src\core\executor.py	1	4	docstring
src\core\executor.py	2	4	docstring
src\core\executor.py	3	4	docstring
src\core\executor.py	4	0	blank
src\core\executor.py	5	4	docstring
src\core\executor.py	6	4	docstring
src\core\executor.py	7	4	docstring
src\core\executor.py	8	4	docstring
src\core\executor.py	9	4	docstring
src\core\executor.py	10	4	docstring
src\core\executor.py	11	0	blank
src\core\executor.py	12	4	ok
src\core\executor.py	13	4	ok
src\core\executor.py	14	4	ok
src\core\executor.py	15	4	ok
src\core\executor.py	16	4	ok
src\core\executor.py	17	4	ok
src\core\executor.py	18	4	ok
src\core\executor.py	19	0	blank
src\core\executor.py	20	4	ok
src\core\executor.py	21	0	blank
src\core\executor.py	22	4	ok
src\core\executor.py	23	4	ok
src\core\executor.py	24	4	ok
src\core\executor.py	25	4	ok
src\core\executor.py	26	4	ok
src\core\executor.py	27	4	ok
src\core\executor.py	28	4	ok
src\core\executor.py	29	0	blank
src\core\executor.py	30	0	blank
src\core\executor.py	31	4	ok
src\core\executor.py	32	4	ok
src\core\executor.py	33	4	ok
src\core\executor.py	34	0	blank
src\core\executor.py	35	0	blank
src\core\executor.py	36	4	ok
src\core\executor.py	37	4	ok
src\core\executor.py	38	4	ok
src\core\executor.py	39	4	ok
src\core\executor.py	40	4	ok
src\core\executor.py	41	0	blank
src\core\executor.py	42	0	blank
src\core\executor.py	43	4	ok
src\core\executor.py	44	4	ok
src\core\executor.py	45	4	ok
src\core\executor.py	46	4	ok
src\core\executor.py	47	4	ok
src\core\executor.py	48	4	ok
src\core\executor.py	49	0	blank
src\core\executor.py	50	0	blank
src\core\executor.py	51	4	ok
src\core\executor.py	52	4	ok
src\core\executor.py	53	4	ok
src\core\executor.py	54	0	blank
src\core\executor.py	55	0	blank
src\core\executor.py	56	4	ok
src\core\executor.py	57	4	ok
src\core\executor.py	58	4	docstring
src\core\executor.py	59	4	ok
src\core\executor.py	60	4	ok
src\core\executor.py	61	4	ok
src\core\executor.py	62	4	ok
src\core\executor.py	63	4	ok
src\core\executor.py	64	4	ok
src\core\executor.py	65	4	ok
src\core\executor.py	66	4	ok
src\core\executor.py	67	4	ok
src\core\executor.py	68	4	ok
src\core\executor.py	69	4	ok
src\core\executor.py	70	4	ok
src\core\executor.py	71	4	ok
src\core\executor.py	72	0	blank
src\core\executor.py	73	0	blank
src\core\executor.py	74	4	ok
src\core\executor.py	75	4	ok
src\core\executor.py	76	4	docstring
src\core\executor.py	77	4	ok
src\core\executor.py	78	4	ok
src\core\executor.py	79	4	ok
src\core\executor.py	80	4	ok
src\core\executor.py	81	4	ok
src\core\executor.py	82	4	ok
src\core\executor.py	83	4	ok
src\core\executor.py	84	4	ok
src\core\executor.py	85	4	ok
src\core\executor.py	86	4	ok
src\core\executor.py	87	0	blank
src\core\executor.py	88	4	ok
src\core\executor.py	89	5	typed_signature
src\core\executor.py	90	4	ok
src\core\executor.py	91	4	ok
src\core\executor.py	92	4	ok
src\core\executor.py	93	4	ok
src\core\executor.py	94	4	ok
src\core\executor.py	95	4	ok
src\core\executor.py	96	0	blank
src\core\executor.py	97	0	blank
src\core\executor.py	98	4	ok
src\core\executor.py	99	4	ok
src\core\executor.py	100	4	docstring
src\core\executor.py	101	4	ok
src\core\executor.py	102	4	ok
src\core\executor.py	103	4	ok
src\core\executor.py	104	4	ok
src\core\executor.py	105	0	blank
src\core\executor.py	106	0	blank
src\core\executor.py	107	4	ok
src\core\executor.py	108	4	docstring
src\core\executor.py	109	4	docstring
src\core\executor.py	110	4	docstring
src\core\executor.py	111	4	docstring
src\core\executor.py	112	0	blank
src\core\executor.py	113	4	ok
src\core\executor.py	114	4	ok
src\core\executor.py	115	4	ok
src\core\executor.py	116	4	ok
src\core\executor.py	117	4	ok
src\core\executor.py	118	4	ok
src\core\executor.py	119	4	ok
src\core\executor.py	120	4	ok
src\core\executor.py	121	4	ok
src\core\executor.py	122	4	ok
src\core\executor.py	123	0	blank
src\core\executor.py	124	4	ok
src\core\executor.py	125	4	ok
src\core\executor.py	126	4	ok
src\core\executor.py	127	0	blank
src\core\executor.py	128	4	comment
src\core\executor.py	129	4	ok
src\core\executor.py	130	4	ok
src\core\executor.py	131	0	blank
src\core\executor.py	132	4	comment
src\core\executor.py	133	4	ok
src\core\executor.py	134	0	blank
src\core\executor.py	135	4	ok
src\core\executor.py	136	4	ok
src\core\executor.py	137	4	ok
src\core\executor.py	138	4	ok
src\core\executor.py	139	4	ok
src\core\executor.py	140	4	ok
src\core\executor.py	141	4	ok
src\core\executor.py	142	4	ok
src\core\executor.py	143	0	blank
src\core\executor.py	144	4	ok
src\core\executor.py	145	4	ok
src\core\executor.py	146	4	ok
src\core\executor.py	147	4	ok
src\core\executor.py	148	4	ok
src\core\executor.py	149	4	ok
src\core\executor.py	150	4	ok
src\core\executor.py	151	4	ok
src\core\executor.py	152	0	blank
src\core\executor.py	153	4	ok
src\core\executor.py	154	4	ok
src\core\executor.py	155	4	ok
src\core\executor.py	156	4	ok
src\core\executor.py	157	0	blank
src\core\executor.py	158	4	ok
src\core\executor.py	159	4	docstring
src\core\executor.py	160	4	ok
src\core\executor.py	161	4	ok
src\core\executor.py	162	0	blank
src\core\executor.py	163	4	ok
src\core\executor.py	164	4	docstring
src\core\executor.py	165	4	ok
src\core\executor.py	166	0	blank
src\core\executor.py	167	4	ok
src\core\executor.py	168	4	docstring
src\core\executor.py	169	4	ok
src\core\executor.py	170	4	ok
src\core\executor.py	171	4	ok
src\core\executor.py	172	4	ok
src\core\executor.py	173	4	ok
src\core\executor.py	174	4	ok
src\core\executor.py	175	4	ok
src\core\executor.py	176	0	blank
src\core\executor.py	177	4	ok
src\core\executor.py	178	4	docstring
src\core\executor.py	179	4	ok
src\core\executor.py	180	0	blank
src\core\executor.py	181	4	ok
src\core\executor.py	182	4	docstring
src\core\executor.py	183	4	ok
src\core\executor.py	184	4	ok
src\core\executor.py	185	0	blank
src\core\executor.py	186	4	ok
src\core\executor.py	187	4	ok
src\core\executor.py	188	4	ok
src\core\executor.py	189	4	ok
src\core\executor.py	190	4	ok
src\core\executor.py	191	4	ok
src\core\executor.py	192	4	ok
src\core\executor.py	193	4	ok
src\core\executor.py	194	4	ok
src\core\executor.py	195	4	ok
src\core\executor.py	196	0	blank
src\core\executor.py	197	4	ok
src\core\executor.py	198	4	ok
src\core\executor.py	199	0	blank
src\core\executor.py	200	4	ok
src\core\executor.py	201	0	blank
src\core\executor.py	202	4	ok
src\core\executor.py	203	4	docstring
src\core\executor.py	204	4	ok
src\core\executor.py	205	4	ok
src\core\executor.py	206	0	blank
src\core\executor.py	207	4	ok
src\core\executor.py	208	4	ok
src\core\executor.py	209	4	ok
src\core\executor.py	210	4	ok
src\core\executor.py	211	4	ok
src\core\executor.py	212	4	ok
src\core\executor.py	213	4	ok
src\core\executor.py	214	4	ok
src\core\executor.py	215	4	ok
src\core\executor.py	216	4	ok
src\core\executor.py	217	4	ok
src\core\executor.py	218	3	long_line
src\core\executor.py	219	4	ok
src\core\executor.py	220	4	ok
src\core\executor.py	221	4	ok
src\core\executor.py	222	4	ok
src\core\executor.py	223	0	blank
src\core\executor.py	224	4	ok
src\core\executor.py	225	0	blank
src\core\executor.py	226	4	ok
src\core\executor.py	227	4	ok
src\core\executor.py	228	4	ok
src\core\executor.py	229	0	blank
src\core\executor.py	230	4	ok
src\core\executor.py	231	4	docstring
src\core\executor.py	232	4	ok
src\core\executor.py	233	4	ok
src\core\executor.py	234	4	ok
src\core\executor.py	235	4	ok
src\core\executor.py	236	4	ok
src\core\executor.py	237	4	ok
src\core\executor.py	238	4	ok
src\core\executor.py	239	0	blank
src\core\executor.py	240	4	ok
src\core\executor.py	241	4	ok
src\core\executor.py	242	4	ok
src\core\executor.py	243	4	ok
src\core\executor.py	244	4	ok
src\core\executor.py	245	4	ok
src\core\executor.py	246	4	ok
src\core\executor.py	247	4	ok
src\core\executor.py	248	4	ok
src\core\executor.py	249	4	ok
src\core\executor.py	250	4	ok
src\core\executor.py	251	4	ok
src\core\executor.py	252	4	docstring
src\core\executor.py	253	4	docstring
src\core\executor.py	254	0	blank
src\core\executor.py	255	4	docstring
src\core\executor.py	256	4	docstring
src\core\executor.py	257	4	docstring
src\core\executor.py	258	4	docstring
src\core\executor.py	259	4	docstring
src\core\executor.py	260	4	docstring
src\core\executor.py	261	4	docstring
src\core\executor.py	262	4	docstring
src\core\executor.py	263	4	docstring
src\core\executor.py	264	4	docstring
src\core\executor.py	265	0	blank
src\core\executor.py	266	4	docstring
src\core\executor.py	267	4	docstring
src\core\executor.py	268	4	docstring
src\core\executor.py	269	4	ok
src\core\executor.py	270	0	blank
src\core\executor.py	271	4	ok
src\core\executor.py	272	4	ok
src\core\executor.py	273	4	ok
src\core\executor.py	274	4	ok
src\core\executor.py	275	4	ok
src\core\executor.py	276	4	ok
src\core\executor.py	277	4	ok
src\core\executor.py	278	4	ok
src\core\executor.py	279	4	ok
src\core\executor.py	280	0	blank
src\core\executor.py	281	4	ok
src\core\executor.py	282	4	comment
src\core\executor.py	283	4	ok
src\core\executor.py	284	4	ok
src\core\executor.py	285	4	ok
src\core\executor.py	286	4	ok
src\core\executor.py	287	0	blank
src\core\executor.py	288	4	comment
src\core\executor.py	289	4	ok
src\core\executor.py	290	4	ok
src\core\executor.py	291	4	ok
src\core\executor.py	292	0	blank
src\core\executor.py	293	4	comment
src\core\executor.py	294	4	ok
src\core\executor.py	295	4	ok
src\core\executor.py	296	4	ok
src\core\executor.py	297	4	ok
src\core\executor.py	298	4	ok
src\core\executor.py	299	4	ok
src\core\executor.py	300	4	ok
src\core\executor.py	301	4	ok
src\core\executor.py	302	4	ok
src\core\executor.py	303	4	ok
src\core\executor.py	304	4	ok
src\core\executor.py	305	4	ok
src\core\executor.py	306	4	ok
src\core\executor.py	307	4	ok
src\core\executor.py	308	4	ok
src\core\executor.py	309	4	ok
src\core\executor.py	310	4	ok
src\core\executor.py	311	4	ok
src\core\executor.py	312	4	ok
src\core\executor.py	313	0	blank
src\core\executor.py	314	4	comment
src\core\executor.py	315	4	ok
src\core\executor.py	316	4	ok
src\core\executor.py	317	4	ok
src\core\executor.py	318	4	ok
src\core\executor.py	319	4	ok
src\core\executor.py	320	0	blank
src\core\executor.py	321	4	ok
src\core\executor.py	322	4	ok
src\core\executor.py	323	4	ok
src\core\executor.py	324	4	ok
src\core\executor.py	325	4	ok
src\core\executor.py	326	0	blank
src\core\executor.py	327	4	comment
src\core\executor.py	328	4	ok
src\core\executor.py	329	4	ok
src\core\executor.py	330	4	ok
src\core\executor.py	331	4	ok
src\core\executor.py	332	4	ok
src\core\executor.py	333	4	ok
src\core\executor.py	334	4	ok
src\core\executor.py	335	4	ok
src\core\executor.py	336	0	blank
src\core\executor.py	337	4	comment
src\core\executor.py	338	4	ok
src\core\executor.py	339	4	ok
src\core\executor.py	340	4	ok
src\core\executor.py	341	4	ok
src\core\executor.py	342	4	ok
src\core\executor.py	343	4	ok
src\core\executor.py	344	4	ok
src\core\executor.py	345	4	ok
src\core\executor.py	346	0	blank
src\core\executor.py	347	4	ok
src\core\executor.py	348	4	ok
src\core\executor.py	349	4	ok
src\core\executor.py	350	4	ok
src\core\executor.py	351	0	blank
src\core\executor.py	352	4	ok
src\core\executor.py	353	4	ok
src\core\executor.py	354	0	blank
src\core\executor.py	355	4	ok
src\core\executor.py	356	4	ok
src\core\executor.py	357	4	ok
src\core\executor.py	358	4	ok
src\core\executor.py	359	4	ok
src\core\executor.py	360	4	ok
src\core\executor.py	361	4	ok
src\core\executor.py	362	4	ok
src\core\executor.py	363	4	docstring
src\core\executor.py	364	4	ok
src\core\executor.py	365	4	ok
src\core\executor.py	366	4	ok
src\core\executor.py	367	4	ok
src\core\executor.py	368	4	ok
src\core\executor.py	369	0	blank
src\core\executor.py	370	4	ok
src\core\executor.py	371	4	ok
src\core\executor.py	372	4	ok
src\core\executor.py	373	4	ok
src\core\executor.py	374	4	ok
src\core\executor.py	375	4	ok
src\core\executor.py	376	4	ok
src\core\executor.py	377	4	ok
src\core\executor.py	378	0	blank
src\core\executor.py	379	4	ok
src\core\executor.py	380	4	ok
src\core\executor.py	381	0	blank
src\core\executor.py	382	4	ok
src\core\executor.py	383	4	docstring
src\core\executor.py	384	4	ok
src\core\executor.py	385	4	ok
src\core\executor.py	386	4	ok
src\core\executor.py	387	4	ok
src\core\executor.py	388	4	ok
src\core\executor.py	389	4	ok
src\core\executor.py	390	4	ok
src\core\executor.py	391	4	ok
src\core\executor.py	392	4	ok
src\core\executor.py	393	4	ok
src\core\executor.py	394	4	ok
src\core\executor.py	395	0	blank
src\core\executor.py	396	4	ok
src\core\executor.py	397	4	docstring
src\core\executor.py	398	4	ok
src\core\executor.py	399	4	ok
src\core\executor.py	400	4	comment
src\core\executor.py	401	4	ok
src\core\executor.py	402	4	ok
src\core\executor.py	403	0	blank
src\core\executor.py	404	4	ok
src\core\executor.py	405	4	ok
src\core\executor.py	406	4	ok
src\core\executor.py	407	4	ok
src\core\executor.py	408	4	ok
src\core\executor.py	409	4	ok
src\core\executor.py	410	4	ok
src\core\executor.py	411	4	ok
src\core\executor.py	412	4	ok
src\core\executor.py	413	0	blank
src\core\executor.py	414	4	ok
src\core\executor.py	415	0	blank
src\core\executor.py	416	4	ok
src\core\executor.py	417	4	docstring
src\core\executor.py	418	4	ok
src\core\executor.py	419	4	ok
src\core\executor.py	420	4	ok
src\core\executor.py	421	4	ok
src\core\executor.py	422	4	ok
src\core\executor.py	423	4	ok
src\core\executor.py	424	4	ok
src\core\executor.py	425	4	ok
src\core\executor.py	426	4	ok
src\core\executor.py	427	4	ok
src\core\executor.py	428	4	ok
src\core\executor.py	429	4	ok
src\core\executor.py	430	4	ok
src\core\executor.py	431	0	blank
src\core\executor.py	432	0	blank
src\core\executor.py	433	4	ok
src\core\executor.py	434	4	docstring
src\core\executor.py	435	4	docstring
src\core\executor.py	436	4	docstring
src\core\executor.py	437	4	docstring
src\core\executor.py	438	0	blank
src\core\executor.py	439	4	ok
src\core\executor.py	440	4	ok
src\core\executor.py	441	4	ok
src\core\executor.py	442	4	ok
src\core\executor.py	443	4	ok
src\core\executor.py	444	4	ok
src\core\executor.py	445	4	ok
src\core\executor.py	446	4	ok
src\core\executor.py	447	4	ok
src\core\executor.py	448	4	ok
src\core\executor.py	449	4	ok
src\core\executor.py	450	0	blank
src\core\executor.py	451	4	ok
src\core\executor.py	452	4	ok
src\core\executor.py	453	4	ok
src\core\executor.py	454	4	ok
src\core\executor.py	455	4	ok
src\core\executor.py	456	0	blank
src\core\executor.py	457	4	ok
src\core\executor.py	458	4	docstring
src\core\executor.py	459	4	ok
src\core\executor.py	460	0	blank
src\core\executor.py	461	4	ok
src\core\executor.py	462	4	docstring
src\core\executor.py	463	2	stub
src\core\executor.py	464	0	blank
src\core\executor.py	465	5	typed_signature
src\core\executor.py	466	4	docstring
src\core\executor.py	467	4	ok
src\core\executor.py	468	0	blank
src\core\executor.py	469	4	comment
src\core\executor.py	470	4	ok
src\core\executor.py	471	4	ok
src\core\executor.py	472	4	ok
src\core\executor.py	473	4	ok
src\core\executor.py	474	4	ok
src\core\executor.py	475	4	ok
src\core\executor.py	476	4	ok
src\core\executor.py	477	0	blank
src\core\executor.py	478	4	ok
src\core\executor.py	479	4	docstring
src\core\executor.py	480	4	ok
src\core\executor.py	481	4	ok
src\core\executor.py	482	4	ok
src\core\executor.py	483	4	ok
src\core\executor.py	484	4	ok
src\core\executor.py	485	4	ok
src\core\executor.py	486	4	ok
src\core\executor.py	487	0	blank
src\core\executor.py	488	4	ok
src\core\executor.py	489	4	docstring
src\core\executor.py	490	4	ok
src\core\executor.py	491	0	blank
src\core\executor.py	492	4	ok
src\core\executor.py	493	4	ok
src\core\executor.py	494	4	ok
src\core\executor.py	495	4	ok
src\core\executor.py	496	4	ok
src\core\executor.py	497	4	ok
src\core\executor.py	498	4	ok
src\core\executor.py	499	4	ok
src\core\executor.py	500	4	comment
src\core\executor.py	501	4	ok
src\core\executor.py	502	4	docstring
src\core\executor.py	503	4	ok
src\core\executor.py	504	4	ok
src\core\executor.py	505	0	blank
src\core\executor.py	506	4	comment
src\core\executor.py	507	4	ok
src\core\executor.py	508	4	ok
src\core\executor.py	509	4	ok
src\core\executor.py	510	4	ok
src\core\executor.py	511	4	ok
src\core\executor.py	512	4	ok
src\core\executor.py	513	4	ok
src\core\executor.py	514	4	ok
src\core\executor.py	515	4	ok
src\core\executor.py	516	4	ok
src\core\executor.py	517	4	ok
src\core\executor.py	518	4	ok
src\core\executor.py	519	0	blank
src\core\executor.py	520	4	comment
src\core\executor.py	521	4	ok
src\core\executor.py	522	4	ok
src\core\executor.py	523	4	ok
src\core\executor.py	524	4	ok
src\core\executor.py	525	4	ok
src\core\executor.py	526	0	blank
src\core\executor.py	527	4	comment
src\core\executor.py	528	4	ok
src\core\executor.py	529	0	blank
src\core\executor.py	530	4	comment
src\core\executor.py	531	4	ok
src\core\executor.py	532	4	ok
src\core\executor.py	533	0	blank
src\core\executor.py	534	4	ok
src\core\executor.py	535	4	ok
src\core\executor.py	536	4	ok
src\core\executor.py	537	4	ok
src\core\executor.py	538	4	ok
src\core\executor.py	539	4	ok
src\core\executor.py	540	4	ok
src\core\executor.py	541	4	ok
src\core\executor.py	542	4	ok
src\core\executor.py	543	4	ok
src\core\executor.py	544	4	ok
src\core\executor.py	545	0	blank
src\core\executor.py	546	4	comment
src\core\executor.py	547	4	ok
src\core\executor.py	548	0	blank
src\core\executor.py	549	4	ok
src\core\executor.py	550	4	ok
src\core\executor.py	551	4	ok
src\core\executor.py	552	4	ok
src\core\executor.py	553	4	comment
src\core\executor.py	554	4	ok
src\core\executor.py	555	4	ok
src\core\executor.py	556	4	ok
src\core\executor.py	557	4	ok
src\core\executor.py	558	4	ok
src\core\executor.py	559	4	comment
src\core\executor.py	560	4	ok
src\core\executor.py	561	4	comment
src\core\executor.py	562	4	ok
src\core\executor.py	563	4	ok
src\core\executor.py	564	4	ok
src\core\executor.py	565	4	ok
src\core\executor.py	566	4	comment
src\core\executor.py	567	4	ok
src\core\executor.py	568	4	ok
src\core\executor.py	569	4	ok
src\core\executor.py	570	4	comment
src\core\executor.py	571	4	ok
src\core\executor.py	572	4	ok
src\core\executor.py	573	4	ok
src\core\executor.py	574	4	ok
src\core\executor.py	575	4	ok
src\core\executor.py	576	4	ok
src\core\executor.py	577	4	ok
src\core\executor.py	578	4	ok
src\core\executor.py	579	4	ok
src\core\executor.py	580	4	ok
src\core\executor.py	581	4	ok
src\core\executor.py	582	0	blank
src\core\executor.py	583	4	ok
src\core\executor.py	584	4	ok
src\core\executor.py	585	4	ok
src\core\executor.py	586	4	ok
src\core\executor.py	587	4	ok
src\core\executor.py	588	4	ok
src\core\executor.py	589	4	ok
src\core\executor.py	590	4	ok
src\core\executor.py	591	4	ok
src\core\executor.py	592	4	ok
src\core\executor.py	593	4	ok
src\core\executor.py	594	0	blank
src\core\executor.py	595	4	ok
src\core\executor.py	596	0	blank
src\core\executor.py	597	4	ok
src\core\executor.py	598	4	ok
src\core\executor.py	599	4	ok
src\core\executor.py	600	4	ok
src\core\executor.py	601	0	blank
src\core\executor.py	602	4	ok
src\core\executor.py	603	0	blank
src\core\executor.py	604	4	ok
src\core\executor.py	605	4	docstring
src\core\executor.py	606	4	ok
src\core\executor.py	607	4	ok
src\core\executor.py	608	4	ok
src\core\executor.py	609	4	ok
src\core\executor.py	610	4	ok
src\core\executor.py	611	4	ok
src\core\executor.py	612	4	ok
src\core\executor.py	613	4	ok
src\core\executor.py	614	4	ok
src\core\executor.py	615	0	blank
src\core\executor.py	616	5	typed_signature
src\core\executor.py	617	4	docstring
src\core\executor.py	618	4	ok
src\core\executor.py	619	4	ok
src\core\executor.py	620	4	ok
src\core\executor.py	621	4	ok
src\core\executor.py	622	4	ok
src\core\executor.py	623	4	ok
src\core\executor.py	624	4	ok
src\core\executor.py	625	4	ok
src\core\executor.py	626	4	ok
src\core\executor.py	627	4	ok
src\core\executor.py	628	0	blank
src\core\executor.py	629	0	blank
src\core\executor.py	630	4	ok
src\core\executor.py	631	4	docstring
src\core\executor.py	632	4	comment
src\core\executor.py	633	4	ok
src\core\executor.py	634	4	ok
src\core\executor.py	635	0	blank
src\core\executor.py	636	4	comment
src\core\executor.py	637	4	ok
src\core\executor.py	638	0	blank
src\core\executor.py	639	4	comment
src\core\executor.py	640	4	ok
src\core\executor.py	641	4	ok
src\core\executor.py	642	4	ok
src\core\executor.py	643	4	ok
src\core\executor.py	644	4	ok
src\core\executor.py	645	4	ok
src\core\executor.py	646	0	blank
src\core\executor.py	647	3	print
src\core\executor.py	648	3	print
src\core\executor.py	649	0	blank
src\core\executor.py	650	4	comment
src\core\executor.py	651	4	ok
src\core\executor.py	652	4	ok
src\core\executor.py	653	3	print
src\core\executor.py	654	3	print
src\core\executor.py	655	0	blank
src\core\executor.py	656	4	comment
src\core\executor.py	657	4	ok
src\core\executor.py	658	3	print
src\core\executor.py	659	0	blank
src\core\executor.py	660	0	blank
src\core\executor.py	661	4	ok
src\core\executor.py	662	4	ok
src\core\llm_client.py	1	4	docstring
src\core\llm_client.py	2	4	docstring
src\core\llm_client.py	3	4	docstring
src\core\llm_client.py	4	0	blank
src\core\llm_client.py	5	4	docstring
src\core\llm_client.py	6	4	docstring
src\core\llm_client.py	7	4	docstring
src\core\llm_client.py	8	4	docstring
src\core\llm_client.py	9	4	docstring
src\core\llm_client.py	10	0	blank
src\core\llm_client.py	11	4	ok
src\core\llm_client.py	12	4	ok
src\core\llm_client.py	13	4	ok
src\core\llm_client.py	14	4	ok
src\core\llm_client.py	15	4	ok
src\core\llm_client.py	16	4	ok
src\core\llm_client.py	17	0	blank
src\core\llm_client.py	18	4	ok
src\core\llm_client.py	19	4	ok
src\core\llm_client.py	20	4	ok
src\core\llm_client.py	21	0	blank
src\core\llm_client.py	22	4	comment
src\core\llm_client.py	23	4	ok
src\core\llm_client.py	24	4	ok
src\core\llm_client.py	25	4	ok
src\core\llm_client.py	26	4	ok
src\core\llm_client.py	27	4	ok
src\core\llm_client.py	28	4	ok
src\core\llm_client.py	29	4	ok
src\core\llm_client.py	30	4	ok
src\core\llm_client.py	31	4	ok
src\core\llm_client.py	32	4	ok
src\core\llm_client.py	33	4	ok
src\core\llm_client.py	34	0	blank
src\core\llm_client.py	35	0	blank
src\core\llm_client.py	36	4	ok
src\core\llm_client.py	37	4	docstring
src\core\llm_client.py	38	4	ok
src\core\llm_client.py	39	4	ok
src\core\llm_client.py	40	4	ok
src\core\llm_client.py	41	4	ok
src\core\llm_client.py	42	4	ok
src\core\llm_client.py	43	0	blank
src\core\llm_client.py	44	0	blank
src\core\llm_client.py	45	4	ok
src\core\llm_client.py	46	4	docstring
src\core\llm_client.py	47	4	docstring
src\core\llm_client.py	48	4	docstring
src\core\llm_client.py	49	4	docstring
src\core\llm_client.py	50	0	blank
src\core\llm_client.py	51	4	ok
src\core\llm_client.py	52	4	ok
src\core\llm_client.py	53	4	ok
src\core\llm_client.py	54	4	ok
src\core\llm_client.py	55	4	ok
src\core\llm_client.py	56	4	ok
src\core\llm_client.py	57	4	ok
src\core\llm_client.py	58	4	ok
src\core\llm_client.py	59	4	comment
src\core\llm_client.py	60	3	long_line
src\core\llm_client.py	61	4	ok
src\core\llm_client.py	62	4	ok
src\core\llm_client.py	63	4	ok
src\core\llm_client.py	64	4	ok
src\core\llm_client.py	65	0	blank
src\core\llm_client.py	66	4	comment
src\core\llm_client.py	67	4	ok
src\core\llm_client.py	68	0	blank
src\core\llm_client.py	69	4	ok
src\core\llm_client.py	70	0	blank
src\core\llm_client.py	71	4	ok
src\core\llm_client.py	72	4	docstring
src\core\llm_client.py	73	4	ok
src\core\llm_client.py	74	4	ok
src\core\llm_client.py	75	4	ok
src\core\llm_client.py	76	4	ok
src\core\llm_client.py	77	4	ok
src\core\llm_client.py	78	0	blank
src\core\llm_client.py	79	4	ok
src\core\llm_client.py	80	4	docstring
src\core\llm_client.py	81	4	ok
src\core\llm_client.py	82	4	ok
src\core\llm_client.py	83	0	blank
src\core\llm_client.py	84	4	ok
src\core\llm_client.py	85	5	typed_signature
src\core\llm_client.py	86	4	docstring
src\core\llm_client.py	87	4	ok
src\core\llm_client.py	88	4	ok
src\core\llm_client.py	89	4	ok
src\core\llm_client.py	90	4	ok
src\core\llm_client.py	91	4	ok
src\core\llm_client.py	92	0	blank
src\core\llm_client.py	93	5	typed_signature
src\core\llm_client.py	94	4	docstring
src\core\llm_client.py	95	4	ok
src\core\llm_client.py	96	4	ok
src\core\llm_client.py	97	4	ok
src\core\llm_client.py	98	4	ok
src\core\llm_client.py	99	0	blank
src\core\llm_client.py	100	4	ok
src\core\llm_client.py	101	4	ok
src\core\llm_client.py	102	4	ok
src\core\llm_client.py	103	4	ok
src\core\llm_client.py	104	4	ok
src\core\llm_client.py	105	4	ok
src\core\llm_client.py	106	4	ok
src\core\llm_client.py	107	4	ok
src\core\llm_client.py	108	4	ok
src\core\llm_client.py	109	4	docstring
src\core\llm_client.py	110	4	docstring
src\core\llm_client.py	111	0	blank
src\core\llm_client.py	112	4	docstring
src\core\llm_client.py	113	4	docstring
src\core\llm_client.py	114	4	docstring
src\core\llm_client.py	115	4	docstring
src\core\llm_client.py	116	4	docstring
src\core\llm_client.py	117	4	docstring
src\core\llm_client.py	118	4	docstring
src\core\llm_client.py	119	0	blank
src\core\llm_client.py	120	4	docstring
src\core\llm_client.py	121	4	docstring
src\core\llm_client.py	122	4	docstring
src\core\llm_client.py	123	4	ok
src\core\llm_client.py	124	0	blank
src\core\llm_client.py	125	4	ok
src\core\llm_client.py	126	0	blank
src\core\llm_client.py	127	4	comment
src\core\llm_client.py	128	4	ok
src\core\llm_client.py	129	4	ok
src\core\llm_client.py	130	4	ok
src\core\llm_client.py	131	4	ok
src\core\llm_client.py	132	0	blank
src\core\llm_client.py	133	4	comment
src\core\llm_client.py	134	4	ok
src\core\llm_client.py	135	4	ok
src\core\llm_client.py	136	4	ok
src\core\llm_client.py	137	4	ok
src\core\llm_client.py	138	4	ok
src\core\llm_client.py	139	4	ok
src\core\llm_client.py	140	0	blank
src\core\llm_client.py	141	4	ok
src\core\llm_client.py	142	4	ok
src\core\llm_client.py	143	0	blank
src\core\llm_client.py	144	4	ok
src\core\llm_client.py	145	4	ok
src\core\llm_client.py	146	4	ok
src\core\llm_client.py	147	4	ok
src\core\llm_client.py	148	4	ok
src\core\llm_client.py	149	4	ok
src\core\llm_client.py	150	4	ok
src\core\llm_client.py	151	4	ok
src\core\llm_client.py	152	0	blank
src\core\llm_client.py	153	4	ok
src\core\llm_client.py	154	4	ok
src\core\llm_client.py	155	0	blank
src\core\llm_client.py	156	4	comment
src\core\llm_client.py	157	4	ok
src\core\llm_client.py	158	4	ok
src\core\llm_client.py	159	0	blank
src\core\llm_client.py	160	4	ok
src\core\llm_client.py	161	4	ok
src\core\llm_client.py	162	0	blank
src\core\llm_client.py	163	4	ok
src\core\llm_client.py	164	4	ok
src\core\llm_client.py	165	0	blank
src\core\llm_client.py	166	4	ok
src\core\llm_client.py	167	0	blank
src\core\llm_client.py	168	4	ok
src\core\llm_client.py	169	4	ok
src\core\llm_client.py	170	4	ok
src\core\llm_client.py	171	4	ok
src\core\llm_client.py	172	4	ok
src\core\llm_client.py	173	4	ok
src\core\llm_client.py	174	4	ok
src\core\llm_client.py	175	0	blank
src\core\llm_client.py	176	4	ok
src\core\llm_client.py	177	4	ok
src\core\llm_client.py	178	4	ok
src\core\llm_client.py	179	4	ok
src\core\llm_client.py	180	4	ok
src\core\llm_client.py	181	0	blank
src\core\llm_client.py	182	4	ok
src\core\llm_client.py	183	4	ok
src\core\llm_client.py	184	4	ok
src\core\llm_client.py	185	4	ok
src\core\llm_client.py	186	4	ok
src\core\llm_client.py	187	0	blank
src\core\llm_client.py	188	4	ok
src\core\llm_client.py	189	0	blank
src\core\llm_client.py	190	4	ok
src\core\llm_client.py	191	4	ok
src\core\llm_client.py	192	4	ok
src\core\llm_client.py	193	4	ok
src\core\llm_client.py	194	4	ok
src\core\llm_client.py	195	4	ok
src\core\llm_client.py	196	4	ok
src\core\llm_client.py	197	4	docstring
src\core\llm_client.py	198	4	docstring
src\core\llm_client.py	199	0	blank
src\core\llm_client.py	200	4	docstring
src\core\llm_client.py	201	4	docstring
src\core\llm_client.py	202	4	docstring
src\core\llm_client.py	203	4	ok
src\core\llm_client.py	204	4	ok
src\core\llm_client.py	205	4	ok
src\core\llm_client.py	206	4	ok
src\core\llm_client.py	207	4	ok
src\core\llm_client.py	208	4	ok
src\core\llm_client.py	209	4	ok
src\core\llm_client.py	210	0	blank
src\core\llm_client.py	211	4	ok
src\core\llm_client.py	212	4	ok
src\core\llm_client.py	213	4	ok
src\core\llm_client.py	214	0	blank
src\core\llm_client.py	215	4	comment
src\core\llm_client.py	216	4	ok
src\core\llm_client.py	217	4	ok
src\core\llm_client.py	218	4	ok
src\core\llm_client.py	219	4	ok
src\core\llm_client.py	220	4	ok
src\core\llm_client.py	221	0	blank
src\core\llm_client.py	222	4	ok
src\core\llm_client.py	223	0	blank
src\core\llm_client.py	224	4	ok
src\core\llm_client.py	225	4	docstring
src\core\llm_client.py	226	4	ok
src\core\llm_client.py	227	4	ok
src\core\llm_client.py	228	4	ok
src\core\llm_client.py	229	4	ok
src\core\llm_client.py	230	4	ok
src\core\llm_client.py	231	0	blank
src\core\llm_client.py	232	4	ok
src\core\llm_client.py	233	4	comment
src\core\llm_client.py	234	4	ok
src\core\llm_client.py	235	4	ok
src\core\llm_client.py	236	4	ok
src\core\llm_client.py	237	4	ok
src\core\llm_client.py	238	0	blank
src\core\llm_client.py	239	4	ok
src\core\llm_client.py	240	4	ok
src\core\llm_client.py	241	4	ok
src\core\llm_client.py	242	4	ok
src\core\llm_client.py	243	4	ok
src\core\llm_client.py	244	4	ok
src\core\llm_client.py	245	4	comment
src\core\llm_client.py	246	4	ok
src\core\llm_client.py	247	4	ok
src\core\llm_client.py	248	4	ok
src\core\llm_client.py	249	4	ok
src\core\llm_client.py	250	4	ok
src\core\llm_client.py	251	4	ok
src\core\llm_client.py	252	4	ok
src\core\llm_client.py	253	4	ok
src\core\llm_client.py	254	2	stub
src\core\llm_client.py	255	0	blank
src\core\llm_client.py	256	4	ok
src\core\llm_client.py	257	4	ok
src\core\llm_client.py	258	4	ok
src\core\llm_client.py	259	0	blank
src\core\llm_client.py	260	4	ok
src\core\llm_client.py	261	0	blank
src\core\llm_client.py	262	0	blank
src\core\llm_client.py	263	5	typed_signature
src\core\llm_client.py	264	4	docstring
src\core\llm_client.py	265	4	ok
src\core\llm_client.py	266	4	ok
src\core\llm_client.py	267	0	blank
src\core\llm_client.py	268	4	ok
src\core\llm_client.py	269	0	blank
src\core\llm_client.py	270	4	ok
src\core\llm_client.py	271	4	ok
src\core\llm_client.py	272	0	blank
src\core\llm_client.py	273	4	ok
src\core\llm_client.py	274	0	blank
src\core\llm_client.py	275	0	blank
src\core\llm_client.py	276	5	typed_signature
src\core\llm_client.py	277	4	docstring
src\core\llm_client.py	278	4	ok
src\core\llm_client.py	279	4	ok
src\core\llm_client.py	280	4	ok
src\core\llm_client.py	281	4	ok
src\core\llm_client.py	282	4	ok
src\core\llm_client.py	283	0	blank
src\core\llm_client.py	284	0	blank
src\core\llm_client.py	285	4	ok
src\core\llm_client.py	286	4	docstring
src\core\llm_client.py	287	4	ok
src\core\llm_client.py	288	4	comment
src\core\llm_client.py	289	4	ok
src\core\llm_client.py	290	4	ok
src\core\llm_client.py	291	0	blank
src\core\llm_client.py	292	4	ok
src\core\llm_client.py	293	4	comment
src\core\llm_client.py	294	4	ok
src\core\llm_client.py	295	4	ok
src\core\llm_client.py	296	4	ok
src\core\llm_client.py	297	4	ok
src\core\llm_client.py	298	4	ok
src\core\llm_client.py	299	4	ok
src\core\llm_client.py	300	4	ok
src\core\llm_client.py	301	4	ok
src\core\llm_client.py	302	4	ok
src\core\llm_client.py	303	4	ok
src\core\llm_client.py	304	4	ok
src\core\llm_client.py	305	0	blank
src\core\llm_client.py	306	0	blank
src\core\llm_client.py	307	4	ok
src\core\llm_client.py	308	4	ok
src\core\portfolio.py	1	4	docstring
src\core\portfolio.py	2	4	docstring
src\core\portfolio.py	3	4	docstring
src\core\portfolio.py	4	0	blank
src\core\portfolio.py	5	4	docstring
src\core\portfolio.py	6	4	docstring
src\core\portfolio.py	7	4	docstring
src\core\portfolio.py	8	4	docstring
src\core\portfolio.py	9	4	docstring
src\core\portfolio.py	10	4	docstring
src\core\portfolio.py	11	0	blank
src\core\portfolio.py	12	4	ok
src\core\portfolio.py	13	4	ok
src\core\portfolio.py	14	4	ok
src\core\portfolio.py	15	4	ok
src\core\portfolio.py	16	4	ok
src\core\portfolio.py	17	4	ok
src\core\portfolio.py	18	4	ok
src\core\portfolio.py	19	0	blank
src\core\portfolio.py	20	4	ok
src\core\portfolio.py	21	0	blank
src\core\portfolio.py	22	0	blank
src\core\portfolio.py	23	4	ok
src\core\portfolio.py	24	4	ok
src\core\portfolio.py	25	4	ok
src\core\portfolio.py	26	0	blank
src\core\portfolio.py	27	0	blank
src\core\portfolio.py	28	4	ok
src\core\portfolio.py	29	4	ok
src\core\portfolio.py	30	4	docstring
src\core\portfolio.py	31	4	ok
src\core\portfolio.py	32	4	ok
src\core\portfolio.py	33	4	ok
src\core\portfolio.py	34	4	ok
src\core\portfolio.py	35	4	ok
src\core\portfolio.py	36	4	ok
src\core\portfolio.py	37	4	ok
src\core\portfolio.py	38	4	ok
src\core\portfolio.py	39	4	ok
src\core\portfolio.py	40	4	ok
src\core\portfolio.py	41	0	blank
src\core\portfolio.py	42	4	ok
src\core\portfolio.py	43	5	typed_signature
src\core\portfolio.py	44	4	ok
src\core\portfolio.py	45	4	ok
src\core\portfolio.py	46	0	blank
src\core\portfolio.py	47	4	ok
src\core\portfolio.py	48	5	typed_signature
src\core\portfolio.py	49	4	ok
src\core\portfolio.py	50	0	blank
src\core\portfolio.py	51	4	ok
src\core\portfolio.py	52	5	typed_signature
src\core\portfolio.py	53	4	ok
src\core\portfolio.py	54	4	ok
src\core\portfolio.py	55	4	ok
src\core\portfolio.py	56	4	ok
src\core\portfolio.py	57	4	ok
src\core\portfolio.py	58	4	ok
src\core\portfolio.py	59	0	blank
src\core\portfolio.py	60	4	ok
src\core\portfolio.py	61	5	typed_signature
src\core\portfolio.py	62	4	ok
src\core\portfolio.py	63	4	ok
src\core\portfolio.py	64	4	ok
src\core\portfolio.py	65	4	ok
src\core\portfolio.py	66	0	blank
src\core\portfolio.py	67	0	blank
src\core\portfolio.py	68	4	ok
src\core\portfolio.py	69	4	ok
src\core\portfolio.py	70	4	docstring
src\core\portfolio.py	71	4	ok
src\core\portfolio.py	72	4	ok
src\core\portfolio.py	73	4	ok
src\core\portfolio.py	74	4	ok
src\core\portfolio.py	75	4	ok
src\core\portfolio.py	76	4	ok
src\core\portfolio.py	77	4	ok
src\core\portfolio.py	78	4	ok
src\core\portfolio.py	79	4	ok
src\core\portfolio.py	80	4	ok
src\core\portfolio.py	81	4	ok
src\core\portfolio.py	82	4	ok
src\core\portfolio.py	83	4	ok
src\core\portfolio.py	84	4	ok
src\core\portfolio.py	85	4	ok
src\core\portfolio.py	86	4	ok
src\core\portfolio.py	87	0	blank
src\core\portfolio.py	88	0	blank
src\core\portfolio.py	89	4	ok
src\core\portfolio.py	90	4	ok
src\core\portfolio.py	91	4	docstring
src\core\portfolio.py	92	4	comment
src\core\portfolio.py	93	4	ok
src\core\portfolio.py	94	4	ok
src\core\portfolio.py	95	0	blank
src\core\portfolio.py	96	4	comment
src\core\portfolio.py	97	4	ok
src\core\portfolio.py	98	0	blank
src\core\portfolio.py	99	4	comment
src\core\portfolio.py	100	4	ok
src\core\portfolio.py	101	4	ok
src\core\portfolio.py	102	0	blank
src\core\portfolio.py	103	4	comment
src\core\portfolio.py	104	4	ok
src\core\portfolio.py	105	4	ok
src\core\portfolio.py	106	0	blank
src\core\portfolio.py	107	4	ok
src\core\portfolio.py	108	5	typed_signature
src\core\portfolio.py	109	4	docstring
src\core\portfolio.py	110	4	ok
src\core\portfolio.py	111	4	ok
src\core\portfolio.py	112	4	ok
src\core\portfolio.py	113	0	blank
src\core\portfolio.py	114	4	ok
src\core\portfolio.py	115	5	typed_signature
src\core\portfolio.py	116	4	docstring
src\core\portfolio.py	117	4	ok
src\core\portfolio.py	118	0	blank
src\core\portfolio.py	119	4	ok
src\core\portfolio.py	120	5	typed_signature
src\core\portfolio.py	121	4	docstring
src\core\portfolio.py	122	4	ok
src\core\portfolio.py	123	4	ok
src\core\portfolio.py	124	4	ok
src\core\portfolio.py	125	0	blank
src\core\portfolio.py	126	4	ok
src\core\portfolio.py	127	5	typed_signature
src\core\portfolio.py	128	4	docstring
src\core\portfolio.py	129	4	ok
src\core\portfolio.py	130	0	blank
src\core\portfolio.py	131	4	ok
src\core\portfolio.py	132	5	typed_signature
src\core\portfolio.py	133	4	docstring
src\core\portfolio.py	134	4	ok
src\core\portfolio.py	135	0	blank
src\core\portfolio.py	136	4	ok
src\core\portfolio.py	137	5	typed_signature
src\core\portfolio.py	138	4	docstring
src\core\portfolio.py	139	4	ok
src\core\portfolio.py	140	0	blank
src\core\portfolio.py	141	4	ok
src\core\portfolio.py	142	5	typed_signature
src\core\portfolio.py	143	4	docstring
src\core\portfolio.py	144	4	ok
src\core\portfolio.py	145	0	blank
src\core\portfolio.py	146	4	ok
src\core\portfolio.py	147	5	typed_signature
src\core\portfolio.py	148	4	docstring
src\core\portfolio.py	149	4	ok
src\core\portfolio.py	150	4	ok
src\core\portfolio.py	151	4	ok
src\core\portfolio.py	152	4	ok
src\core\portfolio.py	153	0	blank
src\core\portfolio.py	154	0	blank
src\core\portfolio.py	155	4	ok
src\core\portfolio.py	156	4	docstring
src\core\portfolio.py	157	4	docstring
src\core\portfolio.py	158	4	docstring
src\core\portfolio.py	159	0	blank
src\core\portfolio.py	160	4	ok
src\core\portfolio.py	161	4	ok
src\core\portfolio.py	162	4	ok
src\core\portfolio.py	163	4	ok
src\core\portfolio.py	164	4	ok
src\core\portfolio.py	165	4	ok
src\core\portfolio.py	166	4	ok
src\core\portfolio.py	167	4	ok
src\core\portfolio.py	168	4	ok
src\core\portfolio.py	169	4	ok
src\core\portfolio.py	170	4	ok
src\core\portfolio.py	171	0	blank
src\core\portfolio.py	172	4	comment
src\core\portfolio.py	173	4	ok
src\core\portfolio.py	174	4	ok
src\core\portfolio.py	175	4	ok
src\core\portfolio.py	176	4	ok
src\core\portfolio.py	177	4	ok
src\core\portfolio.py	178	0	blank
src\core\portfolio.py	179	4	comment
src\core\portfolio.py	180	4	ok
src\core\portfolio.py	181	0	blank
src\core\portfolio.py	182	5	typed_signature
src\core\portfolio.py	183	4	docstring
src\core\portfolio.py	184	4	ok
src\core\portfolio.py	185	4	ok
src\core\portfolio.py	186	4	ok
src\core\portfolio.py	187	0	blank
src\core\portfolio.py	188	4	ok
src\core\portfolio.py	189	4	docstring
src\core\portfolio.py	190	4	ok
src\core\portfolio.py	191	0	blank
src\core\portfolio.py	192	4	comment
src\core\portfolio.py	193	4	ok
src\core\portfolio.py	194	4	ok
src\core\portfolio.py	195	0	blank
src\core\portfolio.py	196	4	ok
src\core\portfolio.py	197	4	ok
src\core\portfolio.py	198	0	blank
src\core\portfolio.py	199	4	comment
src\core\portfolio.py	200	4	ok
src\core\portfolio.py	201	4	ok
src\core\portfolio.py	202	4	ok
src\core\portfolio.py	203	4	ok
src\core\portfolio.py	204	0	blank
src\core\portfolio.py	205	4	comment
src\core\portfolio.py	206	4	ok
src\core\portfolio.py	207	4	ok
src\core\portfolio.py	208	4	ok
src\core\portfolio.py	209	0	blank
src\core\portfolio.py	210	4	ok
src\core\portfolio.py	211	0	blank
src\core\portfolio.py	212	4	ok
src\core\portfolio.py	213	4	ok
src\core\portfolio.py	214	4	ok
src\core\portfolio.py	215	4	ok
src\core\portfolio.py	216	4	ok
src\core\portfolio.py	217	4	ok
src\core\portfolio.py	218	4	ok
src\core\portfolio.py	219	4	ok
src\core\portfolio.py	220	4	ok
src\core\portfolio.py	221	4	ok
src\core\portfolio.py	222	4	ok
src\core\portfolio.py	223	4	docstring
src\core\portfolio.py	224	4	comment
src\core\portfolio.py	225	4	ok
src\core\portfolio.py	226	4	ok
src\core\portfolio.py	227	4	ok
src\core\portfolio.py	228	0	blank
src\core\portfolio.py	229	4	comment
src\core\portfolio.py	230	4	ok
src\core\portfolio.py	231	4	ok
src\core\portfolio.py	232	0	blank
src\core\portfolio.py	233	4	comment
src\core\portfolio.py	234	4	ok
src\core\portfolio.py	235	4	ok
src\core\portfolio.py	236	4	ok
src\core\portfolio.py	237	0	blank
src\core\portfolio.py	238	4	comment
src\core\portfolio.py	239	4	ok
src\core\portfolio.py	240	4	ok
src\core\portfolio.py	241	4	ok
src\core\portfolio.py	242	4	ok
src\core\portfolio.py	243	4	ok
src\core\portfolio.py	244	4	ok
src\core\portfolio.py	245	4	ok
src\core\portfolio.py	246	4	ok
src\core\portfolio.py	247	4	ok
src\core\portfolio.py	248	4	ok
src\core\portfolio.py	249	4	ok
src\core\portfolio.py	250	4	ok
src\core\portfolio.py	251	0	blank
src\core\portfolio.py	252	4	comment
src\core\portfolio.py	253	4	ok
src\core\portfolio.py	254	4	ok
src\core\portfolio.py	255	0	blank
src\core\portfolio.py	256	4	ok
src\core\portfolio.py	257	4	ok
src\core\portfolio.py	258	4	ok
src\core\portfolio.py	259	4	ok
src\core\portfolio.py	260	0	blank
src\core\portfolio.py	261	4	ok
src\core\portfolio.py	262	0	blank
src\core\portfolio.py	263	4	ok
src\core\portfolio.py	264	4	ok
src\core\portfolio.py	265	4	ok
src\core\portfolio.py	266	4	ok
src\core\portfolio.py	267	4	ok
src\core\portfolio.py	268	4	ok
src\core\portfolio.py	269	4	ok
src\core\portfolio.py	270	4	ok
src\core\portfolio.py	271	4	ok
src\core\portfolio.py	272	4	ok
src\core\portfolio.py	273	4	docstring
src\core\portfolio.py	274	4	docstring
src\core\portfolio.py	275	0	blank
src\core\portfolio.py	276	4	docstring
src\core\portfolio.py	277	4	docstring
src\core\portfolio.py	278	4	docstring
src\core\portfolio.py	279	4	docstring
src\core\portfolio.py	280	4	docstring
src\core\portfolio.py	281	4	ok
src\core\portfolio.py	282	4	ok
src\core\portfolio.py	283	4	ok
src\core\portfolio.py	284	0	blank
src\core\portfolio.py	285	4	comment
src\core\portfolio.py	286	4	ok
src\core\portfolio.py	287	4	ok
src\core\portfolio.py	288	0	blank
src\core\portfolio.py	289	4	ok
src\core\portfolio.py	290	4	ok
src\core\portfolio.py	291	0	blank
src\core\portfolio.py	292	4	comment
src\core\portfolio.py	293	4	ok
src\core\portfolio.py	294	4	ok
src\core\portfolio.py	295	0	blank
src\core\portfolio.py	296	4	comment
src\core\portfolio.py	297	4	ok
src\core\portfolio.py	298	4	ok
src\core\portfolio.py	299	4	ok
src\core\portfolio.py	300	4	ok
src\core\portfolio.py	301	0	blank
src\core\portfolio.py	302	4	ok
src\core\portfolio.py	303	4	ok
src\core\portfolio.py	304	4	ok
src\core\portfolio.py	305	4	ok
src\core\portfolio.py	306	0	blank
src\core\portfolio.py	307	4	comment
src\core\portfolio.py	308	4	ok
src\core\portfolio.py	309	4	ok
src\core\portfolio.py	310	4	ok
src\core\portfolio.py	311	4	ok
src\core\portfolio.py	312	4	ok
src\core\portfolio.py	313	4	ok
src\core\portfolio.py	314	4	ok
src\core\portfolio.py	315	4	ok
src\core\portfolio.py	316	4	ok
src\core\portfolio.py	317	4	ok
src\core\portfolio.py	318	4	ok
src\core\portfolio.py	319	4	ok
src\core\portfolio.py	320	4	ok
src\core\portfolio.py	321	4	ok
src\core\portfolio.py	322	4	ok
src\core\portfolio.py	323	4	ok
src\core\portfolio.py	324	4	ok
src\core\portfolio.py	325	4	ok
src\core\portfolio.py	326	4	ok
src\core\portfolio.py	327	0	blank
src\core\portfolio.py	328	4	comment
src\core\portfolio.py	329	4	ok
src\core\portfolio.py	330	4	ok
src\core\portfolio.py	331	0	blank
src\core\portfolio.py	332	4	ok
src\core\portfolio.py	333	4	comment
src\core\portfolio.py	334	4	ok
src\core\portfolio.py	335	4	ok
src\core\portfolio.py	336	4	ok
src\core\portfolio.py	337	4	comment
src\core\portfolio.py	338	4	ok
src\core\portfolio.py	339	0	blank
src\core\portfolio.py	340	4	comment
src\core\portfolio.py	341	4	ok
src\core\portfolio.py	342	4	ok
src\core\portfolio.py	343	4	ok
src\core\portfolio.py	344	4	ok
src\core\portfolio.py	345	4	ok
src\core\portfolio.py	346	0	blank
src\core\portfolio.py	347	4	ok
src\core\portfolio.py	348	0	blank
src\core\portfolio.py	349	4	ok
src\core\portfolio.py	350	4	ok
src\core\portfolio.py	351	4	ok
src\core\portfolio.py	352	4	ok
src\core\portfolio.py	353	4	ok
src\core\portfolio.py	354	4	ok
src\core\portfolio.py	355	0	blank
src\core\portfolio.py	356	4	comment
src\core\portfolio.py	357	4	ok
src\core\portfolio.py	358	4	ok
src\core\portfolio.py	359	4	ok
src\core\portfolio.py	360	4	ok
src\core\portfolio.py	361	4	ok
src\core\portfolio.py	362	0	blank
src\core\portfolio.py	363	4	ok
src\core\portfolio.py	364	0	blank
src\core\portfolio.py	365	5	typed_signature
src\core\portfolio.py	366	4	docstring
src\core\portfolio.py	367	4	ok
src\core\portfolio.py	368	4	ok
src\core\portfolio.py	369	4	ok
src\core\portfolio.py	370	0	blank
src\core\portfolio.py	371	4	ok
src\core\portfolio.py	372	4	ok
src\core\portfolio.py	373	0	blank
src\core\portfolio.py	374	4	ok
src\core\portfolio.py	375	4	comment
src\core\portfolio.py	376	4	ok
src\core\portfolio.py	377	4	ok
src\core\portfolio.py	378	4	ok
src\core\portfolio.py	379	4	ok
src\core\portfolio.py	380	4	ok
src\core\portfolio.py	381	0	blank
src\core\portfolio.py	382	4	comment
src\core\portfolio.py	383	4	ok
src\core\portfolio.py	384	4	ok
src\core\portfolio.py	385	4	ok
src\core\portfolio.py	386	4	ok
src\core\portfolio.py	387	4	ok
src\core\portfolio.py	388	0	blank
src\core\portfolio.py	389	4	comment
src\core\portfolio.py	390	4	ok
src\core\portfolio.py	391	4	ok
src\core\portfolio.py	392	4	ok
src\core\portfolio.py	393	0	blank
src\core\portfolio.py	394	4	comment
src\core\portfolio.py	395	4	ok
src\core\portfolio.py	396	4	ok
src\core\portfolio.py	397	4	ok
src\core\portfolio.py	398	4	ok
src\core\portfolio.py	399	4	ok
src\core\portfolio.py	400	4	ok
src\core\portfolio.py	401	4	ok
src\core\portfolio.py	402	4	ok
src\core\portfolio.py	403	0	blank
src\core\portfolio.py	404	4	comment
src\core\portfolio.py	405	4	ok
src\core\portfolio.py	406	4	ok
src\core\portfolio.py	407	0	blank
src\core\portfolio.py	408	5	typed_signature
src\core\portfolio.py	409	4	docstring
src\core\portfolio.py	410	4	ok
src\core\portfolio.py	411	4	ok
src\core\portfolio.py	412	0	blank
src\core\portfolio.py	413	4	comment
src\core\portfolio.py	414	4	ok
src\core\portfolio.py	415	4	ok
src\core\portfolio.py	416	0	blank
src\core\portfolio.py	417	4	comment
src\core\portfolio.py	418	4	ok
src\core\portfolio.py	419	4	ok
src\core\portfolio.py	420	0	blank
src\core\portfolio.py	421	4	comment
src\core\portfolio.py	422	4	ok
src\core\portfolio.py	423	4	ok
src\core\portfolio.py	424	0	blank
src\core\portfolio.py	425	4	comment
src\core\portfolio.py	426	4	ok
src\core\portfolio.py	427	4	ok
src\core\portfolio.py	428	0	blank
src\core\portfolio.py	429	4	ok
src\core\portfolio.py	430	0	blank
src\core\portfolio.py	431	5	typed_signature
src\core\portfolio.py	432	4	docstring
src\core\portfolio.py	433	4	ok
src\core\portfolio.py	434	4	ok
src\core\portfolio.py	435	4	ok
src\core\portfolio.py	436	0	blank
src\core\portfolio.py	437	4	ok
src\core\portfolio.py	438	4	ok
src\core\portfolio.py	439	4	ok
src\core\portfolio.py	440	4	ok
src\core\portfolio.py	441	4	ok
src\core\portfolio.py	442	4	ok
src\core\portfolio.py	443	4	ok
src\core\portfolio.py	444	4	ok
src\core\portfolio.py	445	4	ok
src\core\portfolio.py	446	4	ok
src\core\portfolio.py	447	4	ok
src\core\portfolio.py	448	4	ok
src\core\portfolio.py	449	4	ok
src\core\portfolio.py	450	4	ok
src\core\portfolio.py	451	4	ok
src\core\portfolio.py	452	4	ok
src\core\portfolio.py	453	4	ok
src\core\portfolio.py	454	4	ok
src\core\portfolio.py	455	4	ok
src\core\portfolio.py	456	4	ok
src\core\portfolio.py	457	4	ok
src\core\portfolio.py	458	4	ok
src\core\portfolio.py	459	4	ok
src\core\portfolio.py	460	4	ok
src\core\portfolio.py	461	4	ok
src\core\portfolio.py	462	4	ok
src\core\portfolio.py	463	4	ok
src\core\portfolio.py	464	4	ok
src\core\portfolio.py	465	4	ok
src\core\portfolio.py	466	4	ok
src\core\portfolio.py	467	4	ok
src\core\portfolio.py	468	4	ok
src\core\portfolio.py	469	4	ok
src\core\portfolio.py	470	4	ok
src\core\portfolio.py	471	4	ok
src\core\portfolio.py	472	4	ok
src\core\portfolio.py	473	4	ok
src\core\portfolio.py	474	4	ok
src\core\portfolio.py	475	4	ok
src\core\portfolio.py	476	4	ok
src\core\portfolio.py	477	4	ok
src\core\portfolio.py	478	4	ok
src\core\portfolio.py	479	4	ok
src\core\portfolio.py	480	4	ok
src\core\portfolio.py	481	0	blank
src\core\portfolio.py	482	4	ok
src\core\portfolio.py	483	4	ok
src\core\portfolio.py	484	4	ok
src\core\portfolio.py	485	0	blank
src\core\portfolio.py	486	4	ok
src\core\portfolio.py	487	0	blank
src\core\portfolio.py	488	4	ok
src\core\portfolio.py	489	5	typed_signature
src\core\portfolio.py	490	4	docstring
src\core\portfolio.py	491	4	ok
src\core\portfolio.py	492	4	ok
src\core\portfolio.py	493	0	blank
src\core\portfolio.py	494	4	ok
src\core\portfolio.py	495	4	ok
src\core\portfolio.py	496	0	blank
src\core\portfolio.py	497	4	comment
src\core\portfolio.py	498	4	ok
src\core\portfolio.py	499	4	ok
src\core\portfolio.py	500	4	ok
src\core\portfolio.py	501	4	ok
src\core\portfolio.py	502	4	ok
src\core\portfolio.py	503	4	ok
src\core\portfolio.py	504	4	ok
src\core\portfolio.py	505	4	ok
src\core\portfolio.py	506	4	ok
src\core\portfolio.py	507	4	ok
src\core\portfolio.py	508	4	ok
src\core\portfolio.py	509	4	ok
src\core\portfolio.py	510	0	blank
src\core\portfolio.py	511	4	comment
src\core\portfolio.py	512	4	ok
src\core\portfolio.py	513	4	ok
src\core\portfolio.py	514	4	ok
src\core\portfolio.py	515	4	ok
src\core\portfolio.py	516	4	ok
src\core\portfolio.py	517	4	ok
src\core\portfolio.py	518	4	ok
src\core\portfolio.py	519	4	ok
src\core\portfolio.py	520	4	ok
src\core\portfolio.py	521	4	ok
src\core\portfolio.py	522	4	ok
src\core\portfolio.py	523	4	ok
src\core\portfolio.py	524	4	ok
src\core\portfolio.py	525	4	ok
src\core\portfolio.py	526	4	ok
src\core\portfolio.py	527	4	ok
src\core\portfolio.py	528	4	ok
src\core\portfolio.py	529	4	ok
src\core\portfolio.py	530	0	blank
src\core\portfolio.py	531	4	comment
src\core\portfolio.py	532	4	ok
src\core\portfolio.py	533	4	ok
src\core\portfolio.py	534	4	ok
src\core\portfolio.py	535	4	ok
src\core\portfolio.py	536	4	ok
src\core\portfolio.py	537	0	blank
src\core\portfolio.py	538	4	ok
src\core\portfolio.py	539	4	ok
src\core\portfolio.py	540	0	blank
src\core\portfolio.py	541	0	blank
src\core\portfolio.py	542	4	ok
src\core\portfolio.py	543	4	comment
src\core\portfolio.py	544	4	ok
src\core\portfolio.py	545	0	blank
src\core\portfolio.py	546	4	comment
src\core\portfolio.py	547	4	ok
src\core\portfolio.py	548	4	ok
src\core\portfolio.py	549	4	ok
src\core\portfolio.py	550	4	ok
src\core\portfolio.py	551	4	ok
src\core\portfolio.py	552	4	ok
src\core\portfolio.py	553	4	ok
src\core\portfolio.py	554	4	ok
src\core\portfolio.py	555	4	ok
src\core\portfolio.py	556	0	blank
src\core\portfolio.py	557	4	comment
src\core\portfolio.py	558	4	ok
src\core\portfolio.py	559	0	blank
src\core\portfolio.py	560	3	print
src\core\portfolio.py	561	3	print
src\core\portfolio.py	562	3	print
src\core\portfolio.py	563	0	blank
src\core\portfolio.py	564	4	ok
src\core\portfolio.py	565	4	ok
src\core\portfolio.py	566	4	ok
src\core\portfolio.py	567	3	print
src\core\portfolio.py	568	4	ok
src\core\portfolio.py	569	3	print
src\core\portfolio.py	570	0	blank
src\core\portfolio.py	571	4	comment
src\core\portfolio.py	572	4	ok
src\core\portfolio.py	573	0	blank
src\core\portfolio.py	574	3	print
src\core\portfolio.py	575	3	print
src\core\portfolio.py	576	3	print
src\core\portfolio.py	577	0	blank
src\core\portfolio.py	578	4	ok
src\core\portfolio.py	579	3	print
src\core\portfolio.py	580	3	print
src\dashboard\__init__.py	1	4	docstring
src\dashboard\__init__.py	2	4	ok
src\dashboard\__init__.py	3	4	ok
src\dashboard\__init__.py	4	4	ok
src\dashboard\__init__.py	5	4	ok
src\dashboard\__init__.py	6	4	ok
src\dashboard\__init__.py	7	4	ok
src\dashboard\__init__.py	8	0	blank
src\dashboard\__init__.py	9	4	ok
src\dashboard\__init__.py	10	4	ok
src\dashboard\__init__.py	11	4	ok
src\dashboard\__init__.py	12	4	ok
src\dashboard\__init__.py	13	4	ok
src\dashboard\__init__.py	14	4	ok
src\dashboard\server.py	1	4	docstring
src\dashboard\server.py	2	4	docstring
src\dashboard\server.py	3	4	docstring
src\dashboard\server.py	4	4	docstring
src\dashboard\server.py	5	4	ok
src\dashboard\server.py	6	4	ok
src\dashboard\server.py	7	4	ok
src\dashboard\server.py	8	4	ok
src\dashboard\server.py	9	4	ok
src\dashboard\server.py	10	4	ok
src\dashboard\server.py	11	4	ok
src\dashboard\server.py	12	0	blank
src\dashboard\server.py	13	4	comment
src\dashboard\server.py	14	4	ok
src\dashboard\server.py	15	4	ok
src\dashboard\server.py	16	4	ok
src\dashboard\server.py	17	0	blank
src\dashboard\server.py	18	4	ok
src\dashboard\server.py	19	4	ok
src\dashboard\server.py	20	0	blank
src\dashboard\server.py	21	4	comment
src\dashboard\server.py	22	4	ok
src\dashboard\server.py	23	4	ok
src\dashboard\server.py	24	4	ok
src\dashboard\server.py	25	4	ok
src\dashboard\server.py	26	4	ok
src\dashboard\server.py	27	4	ok
src\dashboard\server.py	28	4	ok
src\dashboard\server.py	29	4	ok
src\dashboard\server.py	30	4	ok
src\dashboard\server.py	31	4	ok
src\dashboard\server.py	32	4	ok
src\dashboard\server.py	33	4	ok
src\dashboard\server.py	34	4	ok
src\dashboard\server.py	35	4	ok
src\dashboard\server.py	36	4	ok
src\dashboard\server.py	37	4	ok
src\dashboard\server.py	38	0	blank
src\dashboard\server.py	39	0	blank
src\dashboard\server.py	40	4	ok
src\dashboard\server.py	41	4	docstring
src\dashboard\server.py	42	4	ok
src\dashboard\server.py	43	4	ok
src\dashboard\server.py	44	4	ok
src\dashboard\server.py	45	4	ok
src\dashboard\server.py	46	4	ok
src\dashboard\server.py	47	4	ok
src\dashboard\server.py	48	3	print
src\dashboard\server.py	49	4	ok
src\dashboard\server.py	50	0	blank
src\dashboard\server.py	51	0	blank
src\dashboard\server.py	52	4	ok
src\dashboard\server.py	53	4	docstring
src\dashboard\server.py	54	4	ok
src\dashboard\server.py	55	4	ok
src\dashboard\server.py	56	4	ok
src\dashboard\server.py	57	4	ok
src\dashboard\server.py	58	4	ok
src\dashboard\server.py	59	4	ok
src\dashboard\server.py	60	4	ok
src\dashboard\server.py	61	3	print
src\dashboard\server.py	62	4	ok
src\dashboard\server.py	63	0	blank
src\dashboard\server.py	64	0	blank
src\dashboard\server.py	65	4	ok
src\dashboard\server.py	66	4	docstring
src\dashboard\server.py	67	4	ok
src\dashboard\server.py	68	4	ok
src\dashboard\server.py	69	4	ok
src\dashboard\server.py	70	4	ok
src\dashboard\server.py	71	4	ok
src\dashboard\server.py	72	4	ok
src\dashboard\server.py	73	3	print
src\dashboard\server.py	74	4	ok
src\dashboard\server.py	75	0	blank
src\dashboard\server.py	76	0	blank
src\dashboard\server.py	77	4	ok
src\dashboard\server.py	78	4	docstring
src\dashboard\server.py	79	4	ok
src\dashboard\server.py	80	4	ok
src\dashboard\server.py	81	4	ok
src\dashboard\server.py	82	4	ok
src\dashboard\server.py	83	4	ok
src\dashboard\server.py	84	4	ok
src\dashboard\server.py	85	4	comment
src\dashboard\server.py	86	4	ok
src\dashboard\server.py	87	4	ok
src\dashboard\server.py	88	4	ok
src\dashboard\server.py	89	4	ok
src\dashboard\server.py	90	4	ok
src\dashboard\server.py	91	4	ok
src\dashboard\server.py	92	4	ok
src\dashboard\server.py	93	4	ok
src\dashboard\server.py	94	4	ok
src\dashboard\server.py	95	4	ok
src\dashboard\server.py	96	3	print
src\dashboard\server.py	97	4	ok
src\dashboard\server.py	98	0	blank
src\dashboard\server.py	99	0	blank
src\dashboard\server.py	100	4	ok
src\dashboard\server.py	101	4	docstring
src\dashboard\server.py	102	4	ok
src\dashboard\server.py	103	4	ok
src\dashboard\server.py	104	4	ok
src\dashboard\server.py	105	4	ok
src\dashboard\server.py	106	4	ok
src\dashboard\server.py	107	4	ok
src\dashboard\server.py	108	4	ok
src\dashboard\server.py	109	4	ok
src\dashboard\server.py	110	4	ok
src\dashboard\server.py	111	4	ok
src\dashboard\server.py	112	4	ok
src\dashboard\server.py	113	3	print
src\dashboard\server.py	114	4	ok
src\dashboard\server.py	115	0	blank
src\dashboard\server.py	116	0	blank
src\dashboard\server.py	117	4	ok
src\dashboard\server.py	118	4	docstring
src\dashboard\server.py	119	4	ok
src\dashboard\server.py	120	4	ok
src\dashboard\server.py	121	4	ok
src\dashboard\server.py	122	4	ok
src\dashboard\server.py	123	0	blank
src\dashboard\server.py	124	4	comment
src\dashboard\server.py	125	4	ok
src\dashboard\server.py	126	4	ok
src\dashboard\server.py	127	0	blank
src\dashboard\server.py	128	4	comment
src\dashboard\server.py	129	4	ok
src\dashboard\server.py	130	4	ok
src\dashboard\server.py	131	4	ok
src\dashboard\server.py	132	4	ok
src\dashboard\server.py	133	4	ok
src\dashboard\server.py	134	4	ok
src\dashboard\server.py	135	4	ok
src\dashboard\server.py	136	4	ok
src\dashboard\server.py	137	2	bare_except
src\dashboard\server.py	138	2	stub
src\dashboard\server.py	139	0	blank
src\dashboard\server.py	140	4	ok
src\dashboard\server.py	141	4	ok
src\dashboard\server.py	142	4	ok
src\dashboard\server.py	143	4	ok
src\dashboard\server.py	144	4	ok
src\dashboard\server.py	145	4	ok
src\dashboard\server.py	146	4	ok
src\dashboard\server.py	147	4	ok
src\dashboard\server.py	148	4	ok
src\dashboard\server.py	149	4	ok
src\dashboard\server.py	150	4	ok
src\dashboard\server.py	151	4	ok
src\dashboard\server.py	152	4	ok
src\dashboard\server.py	153	4	ok
src\dashboard\server.py	154	4	ok
src\dashboard\server.py	155	4	ok
src\dashboard\server.py	156	4	ok
src\dashboard\server.py	157	4	ok
src\dashboard\server.py	158	4	ok
src\dashboard\server.py	159	4	ok
src\dashboard\server.py	160	4	ok
src\dashboard\server.py	161	4	ok
src\dashboard\server.py	162	4	ok
src\dashboard\server.py	163	4	ok
src\dashboard\server.py	164	4	ok
src\dashboard\server.py	165	4	ok
src\dashboard\server.py	166	4	ok
src\dashboard\server.py	167	4	ok
src\dashboard\server.py	168	4	ok
src\dashboard\server.py	169	4	ok
src\dashboard\server.py	170	4	ok
src\dashboard\server.py	171	4	ok
src\dashboard\server.py	172	4	ok
src\dashboard\server.py	173	4	ok
src\dashboard\server.py	174	4	ok
src\dashboard\server.py	175	0	blank
src\dashboard\server.py	176	0	blank
src\dashboard\server.py	177	5	typed_signature
src\dashboard\server.py	178	4	docstring
src\dashboard\server.py	179	4	ok
src\dashboard\server.py	180	4	ok
src\dashboard\server.py	181	4	ok
src\dashboard\server.py	182	0	blank
src\dashboard\server.py	183	4	comment
src\dashboard\server.py	184	4	ok
src\dashboard\server.py	185	3	print
src\dashboard\server.py	186	0	blank
src\dashboard\server.py	187	4	comment
src\dashboard\server.py	188	4	ok
src\dashboard\server.py	189	4	ok
src\dashboard\server.py	190	4	ok
src\dashboard\server.py	191	4	ok
src\dashboard\server.py	192	4	ok
src\dashboard\server.py	193	3	print
src\dashboard\server.py	194	0	blank
src\dashboard\server.py	195	4	comment
src\dashboard\server.py	196	4	ok
src\dashboard\server.py	197	0	blank
src\dashboard\server.py	198	0	blank
src\dashboard\server.py	199	4	ok
src\dashboard\server.py	200	4	ok
src\dashboard\server.py	201	4	docstring
src\dashboard\server.py	202	4	ok
src\dashboard\server.py	203	0	blank
src\dashboard\server.py	204	4	ok
src\dashboard\server.py	205	4	ok
src\dashboard\server.py	206	4	docstring
src\dashboard\server.py	207	4	ok
src\dashboard\server.py	208	0	blank
src\dashboard\server.py	209	4	comment
src\dashboard\server.py	210	4	ok
src\dashboard\server.py	211	4	ok
src\dashboard\server.py	212	3	print
src\dashboard\server.py	213	4	ok
src\dashboard\server.py	214	4	ok
src\dashboard\server.py	215	4	ok
src\dashboard\server.py	216	3	print
src\dashboard\server.py	217	4	ok
src\dashboard\server.py	218	4	ok
src\dashboard\server.py	219	3	print
src\dashboard\server.py	220	0	blank
src\dashboard\server.py	221	4	comment
src\dashboard\server.py	222	4	ok
src\dashboard\server.py	223	4	ok
src\dashboard\server.py	224	4	ok
src\dashboard\server.py	225	4	ok
src\dashboard\server.py	226	0	blank
src\dashboard\server.py	227	4	comment
src\dashboard\server.py	228	4	ok
src\dashboard\server.py	229	4	ok
src\dashboard\server.py	230	4	ok
src\dashboard\server.py	231	0	blank
src\dashboard\server.py	232	4	comment
src\dashboard\server.py	233	4	ok
src\dashboard\server.py	234	4	ok
src\dashboard\server.py	235	0	blank
src\dashboard\server.py	236	4	ok
src\dashboard\server.py	237	0	blank
src\dashboard\server.py	238	0	blank
src\dashboard\server.py	239	4	ok
src\dashboard\server.py	240	4	ok
src\dashboard\server.py	241	4	docstring
src\dashboard\server.py	242	4	ok
src\dashboard\server.py	243	0	blank
src\dashboard\server.py	244	0	blank
src\dashboard\server.py	245	4	ok
src\dashboard\server.py	246	4	ok
src\dashboard\server.py	247	4	docstring
src\dashboard\server.py	248	4	ok
src\dashboard\server.py	249	4	ok
src\dashboard\server.py	250	4	ok
src\dashboard\server.py	251	4	ok
src\dashboard\server.py	252	4	ok
src\dashboard\server.py	253	4	ok
src\dashboard\server.py	254	4	ok
src\dashboard\server.py	255	4	ok
src\dashboard\server.py	256	4	ok
src\dashboard\server.py	257	0	blank
src\dashboard\server.py	258	0	blank
src\dashboard\server.py	259	4	ok
src\dashboard\server.py	260	4	ok
src\dashboard\server.py	261	4	docstring
src\dashboard\server.py	262	4	ok
src\dashboard\server.py	263	0	blank
src\dashboard\server.py	264	0	blank
src\dashboard\server.py	265	4	ok
src\dashboard\server.py	266	4	ok
src\dashboard\server.py	267	4	docstring
src\dashboard\server.py	268	4	ok
src\dashboard\server.py	269	0	blank
src\dashboard\server.py	270	0	blank
src\dashboard\server.py	271	4	ok
src\dashboard\server.py	272	4	ok
src\dashboard\server.py	273	4	docstring
src\dashboard\server.py	274	4	ok
src\dashboard\server.py	275	0	blank
src\dashboard\server.py	276	0	blank
src\dashboard\server.py	277	4	ok
src\dashboard\server.py	278	4	ok
src\dashboard\server.py	279	4	docstring
src\dashboard\server.py	280	4	ok
src\dashboard\server.py	281	0	blank
src\dashboard\server.py	282	0	blank
src\dashboard\server.py	283	4	ok
src\dashboard\server.py	284	4	ok
src\dashboard\server.py	285	4	docstring
src\dashboard\server.py	286	3	print
src\dashboard\server.py	287	4	comment
src\dashboard\server.py	288	4	ok
src\dashboard\server.py	289	4	ok
src\dashboard\server.py	290	4	ok
src\dashboard\server.py	291	0	blank
src\dashboard\server.py	292	0	blank
src\dashboard\server.py	293	4	ok
src\dashboard\server.py	294	4	ok
src\dashboard\server.py	295	4	docstring
src\dashboard\server.py	296	3	print
src\dashboard\server.py	297	0	blank
src\dashboard\server.py	298	0	blank
src\dashboard\server.py	299	4	ok
src\dashboard\server.py	300	4	docstring
src\dashboard\server.py	301	3	print
src\dashboard\server.py	302	4	comment
src\dashboard\server.py	303	4	ok
src\dashboard\server.py	304	0	blank
src\dashboard\server.py	305	0	blank
src\dashboard\server.py	306	4	ok
src\dashboard\server.py	307	4	docstring
src\dashboard\server.py	308	4	ok
src\dashboard\server.py	309	4	ok
src\dashboard\server.py	310	4	ok
src\dashboard\server.py	311	0	blank
src\dashboard\server.py	312	0	blank
src\dashboard\server.py	313	4	comment
src\dashboard\server.py	314	4	ok
src\dashboard\server.py	315	0	blank
src\dashboard\server.py	316	4	ok
src\dashboard\server.py	317	4	docstring
src\dashboard\server.py	318	4	ok
src\dashboard\server.py	319	0	blank
src\dashboard\server.py	320	0	blank
src\dashboard\server.py	321	4	ok
src\dashboard\server.py	322	4	ok
src\dashboard\templates\index.html	1	4	ok
src\dashboard\templates\index.html	2	4	ok
src\dashboard\templates\index.html	3	0	blank
src\dashboard\templates\index.html	4	4	ok
src\dashboard\templates\index.html	5	4	ok
src\dashboard\templates\index.html	6	4	ok
src\dashboard\templates\index.html	7	4	ok
src\dashboard\templates\index.html	8	4	ok
src\dashboard\templates\index.html	9	4	ok
src\dashboard\templates\index.html	10	4	ok
src\dashboard\templates\index.html	11	4	ok
src\dashboard\templates\index.html	12	4	comment
src\dashboard\templates\index.html	13	4	comment
src\dashboard\templates\index.html	14	4	comment
src\dashboard\templates\index.html	15	4	comment
src\dashboard\templates\index.html	16	4	comment
src\dashboard\templates\index.html	17	4	comment
src\dashboard\templates\index.html	18	4	comment
src\dashboard\templates\index.html	19	4	comment
src\dashboard\templates\index.html	20	4	comment
src\dashboard\templates\index.html	21	4	comment
src\dashboard\templates\index.html	22	4	comment
src\dashboard\templates\index.html	23	4	comment
src\dashboard\templates\index.html	24	4	comment
src\dashboard\templates\index.html	25	4	comment
src\dashboard\templates\index.html	26	4	comment
src\dashboard\templates\index.html	27	4	comment
src\dashboard\templates\index.html	28	4	comment
src\dashboard\templates\index.html	29	4	comment
src\dashboard\templates\index.html	30	4	comment
src\dashboard\templates\index.html	31	4	comment
src\dashboard\templates\index.html	32	4	comment
src\dashboard\templates\index.html	33	4	comment
src\dashboard\templates\index.html	34	4	ok
src\dashboard\templates\index.html	35	0	blank
src\dashboard\templates\index.html	36	4	comment
src\dashboard\templates\index.html	37	4	ok
src\dashboard\templates\index.html	38	4	ok
src\dashboard\templates\index.html	39	4	ok
src\dashboard\templates\index.html	40	4	ok
src\dashboard\templates\index.html	41	0	blank
src\dashboard\templates\index.html	42	4	ok
src\dashboard\templates\index.html	43	4	ok
src\dashboard\templates\index.html	44	4	ok
src\dashboard\templates\index.html	45	0	blank
src\dashboard\templates\index.html	46	4	ok
src\dashboard\templates\index.html	47	4	ok
src\dashboard\templates\index.html	48	4	ok
src\dashboard\templates\index.html	49	4	ok
src\dashboard\templates\index.html	50	4	ok
src\dashboard\templates\index.html	51	4	ok
src\dashboard\templates\index.html	52	4	ok
src\dashboard\templates\index.html	53	4	ok
src\dashboard\templates\index.html	54	0	blank
src\dashboard\templates\index.html	55	4	comment
src\dashboard\templates\index.html	56	4	ok
src\dashboard\templates\index.html	57	4	ok
src\dashboard\templates\index.html	58	4	ok
src\dashboard\templates\index.html	59	4	ok
src\dashboard\templates\index.html	60	4	ok
src\dashboard\templates\index.html	61	4	ok
src\dashboard\templates\index.html	62	4	ok
src\dashboard\templates\index.html	63	4	ok
src\dashboard\templates\index.html	64	4	ok
src\dashboard\templates\index.html	65	4	ok
src\dashboard\templates\index.html	66	0	blank
src\dashboard\templates\index.html	67	4	ok
src\dashboard\templates\index.html	68	4	ok
src\dashboard\templates\index.html	69	4	ok
src\dashboard\templates\index.html	70	4	ok
src\dashboard\templates\index.html	71	4	ok
src\dashboard\templates\index.html	72	4	ok
src\dashboard\templates\index.html	73	4	ok
src\dashboard\templates\index.html	74	4	ok
src\dashboard\templates\index.html	75	4	ok
src\dashboard\templates\index.html	76	4	ok
src\dashboard\templates\index.html	77	4	ok
src\dashboard\templates\index.html	78	0	blank
src\dashboard\templates\index.html	79	4	ok
src\dashboard\templates\index.html	80	0	blank
src\dashboard\templates\index.html	81	4	ok
src\dashboard\templates\index.html	82	4	ok
src\dashboard\templates\index.html	83	4	ok
src\dashboard\templates\index.html	84	4	ok
src\dashboard\templates\index.html	85	0	blank
src\dashboard\templates\index.html	86	4	ok
src\dashboard\templates\index.html	87	4	ok
src\dashboard\templates\index.html	88	4	ok
src\dashboard\templates\index.html	89	4	ok
src\dashboard\templates\index.html	90	0	blank
src\dashboard\templates\index.html	91	4	comment
src\dashboard\templates\index.html	92	4	ok
src\dashboard\templates\index.html	93	4	ok
src\dashboard\templates\index.html	94	4	ok
src\dashboard\templates\index.html	95	4	ok
src\dashboard\templates\index.html	96	4	ok
src\dashboard\templates\index.html	97	4	ok
src\dashboard\templates\index.html	98	4	ok
src\dashboard\templates\index.html	99	4	ok
src\dashboard\templates\index.html	100	4	ok
src\dashboard\templates\index.html	101	0	blank
src\dashboard\templates\index.html	102	4	ok
src\dashboard\templates\index.html	103	4	ok
src\dashboard\templates\index.html	104	4	ok
src\dashboard\templates\index.html	105	4	ok
src\dashboard\templates\index.html	106	4	ok
src\dashboard\templates\index.html	107	4	ok
src\dashboard\templates\index.html	108	4	ok
src\dashboard\templates\index.html	109	0	blank
src\dashboard\templates\index.html	110	4	ok
src\dashboard\templates\index.html	111	4	ok
src\dashboard\templates\index.html	112	4	ok
src\dashboard\templates\index.html	113	4	ok
src\dashboard\templates\index.html	114	4	ok
src\dashboard\templates\index.html	115	0	blank
src\dashboard\templates\index.html	116	4	ok
src\dashboard\templates\index.html	117	4	ok
src\dashboard\templates\index.html	118	4	ok
src\dashboard\templates\index.html	119	4	ok
src\dashboard\templates\index.html	120	4	ok
src\dashboard\templates\index.html	121	4	ok
src\dashboard\templates\index.html	122	4	ok
src\dashboard\templates\index.html	123	4	ok
src\dashboard\templates\index.html	124	4	ok
src\dashboard\templates\index.html	125	4	ok
src\dashboard\templates\index.html	126	4	ok
src\dashboard\templates\index.html	127	0	blank
src\dashboard\templates\index.html	128	4	ok
src\dashboard\templates\index.html	129	4	ok
src\dashboard\templates\index.html	130	4	ok
src\dashboard\templates\index.html	131	4	ok
src\dashboard\templates\index.html	132	4	ok
src\dashboard\templates\index.html	133	4	ok
src\dashboard\templates\index.html	134	4	ok
src\dashboard\templates\index.html	135	4	ok
src\dashboard\templates\index.html	136	0	blank
src\dashboard\templates\index.html	137	4	ok
src\dashboard\templates\index.html	138	4	ok
src\dashboard\templates\index.html	139	4	ok
src\dashboard\templates\index.html	140	4	ok
src\dashboard\templates\index.html	141	4	ok
src\dashboard\templates\index.html	142	4	ok
src\dashboard\templates\index.html	143	4	ok
src\dashboard\templates\index.html	144	0	blank
src\dashboard\templates\index.html	145	4	ok
src\dashboard\templates\index.html	146	4	ok
src\dashboard\templates\index.html	147	4	ok
src\dashboard\templates\index.html	148	4	ok
src\dashboard\templates\index.html	149	4	ok
src\dashboard\templates\index.html	150	0	blank
src\dashboard\templates\index.html	151	4	ok
src\dashboard\templates\index.html	152	4	ok
src\dashboard\templates\index.html	153	4	ok
src\dashboard\templates\index.html	154	0	blank
src\dashboard\templates\index.html	155	4	ok
src\dashboard\templates\index.html	156	4	ok
src\dashboard\templates\index.html	157	4	ok
src\dashboard\templates\index.html	158	4	ok
src\dashboard\templates\index.html	159	4	ok
src\dashboard\templates\index.html	160	4	ok
src\dashboard\templates\index.html	161	0	blank
src\dashboard\templates\index.html	162	4	ok
src\dashboard\templates\index.html	163	4	ok
src\dashboard\templates\index.html	164	4	ok
src\dashboard\templates\index.html	165	4	ok
src\dashboard\templates\index.html	166	4	ok
src\dashboard\templates\index.html	167	0	blank
src\dashboard\templates\index.html	168	4	ok
src\dashboard\templates\index.html	169	4	ok
src\dashboard\templates\index.html	170	4	ok
src\dashboard\templates\index.html	171	4	ok
src\dashboard\templates\index.html	172	4	ok
src\dashboard\templates\index.html	173	4	ok
src\dashboard\templates\index.html	174	4	ok
src\dashboard\templates\index.html	175	4	ok
src\dashboard\templates\index.html	176	4	ok
src\dashboard\templates\index.html	177	4	ok
src\dashboard\templates\index.html	178	4	ok
src\dashboard\templates\index.html	179	4	ok
src\dashboard\templates\index.html	180	0	blank
src\dashboard\templates\index.html	181	4	ok
src\dashboard\templates\index.html	182	4	ok
src\dashboard\templates\index.html	183	4	ok
src\dashboard\templates\index.html	184	4	ok
src\dashboard\templates\index.html	185	4	ok
src\dashboard\templates\index.html	186	0	blank
src\dashboard\templates\index.html	187	4	ok
src\dashboard\templates\index.html	188	4	ok
src\dashboard\templates\index.html	189	4	ok
src\dashboard\templates\index.html	190	4	ok
src\dashboard\templates\index.html	191	4	ok
src\dashboard\templates\index.html	192	4	ok
src\dashboard\templates\index.html	193	4	ok
src\dashboard\templates\index.html	194	4	ok
src\dashboard\templates\index.html	195	0	blank
src\dashboard\templates\index.html	196	4	ok
src\dashboard\templates\index.html	197	4	ok
src\dashboard\templates\index.html	198	4	ok
src\dashboard\templates\index.html	199	4	ok
src\dashboard\templates\index.html	200	0	blank
src\dashboard\templates\index.html	201	4	ok
src\dashboard\templates\index.html	202	0	blank
src\dashboard\templates\index.html	203	4	ok
src\dashboard\templates\index.html	204	4	ok
src\dashboard\templates\index.html	205	4	ok
src\dashboard\templates\index.html	206	4	ok
src\dashboard\templates\index.html	207	4	ok
src\dashboard\templates\index.html	208	0	blank
src\dashboard\templates\index.html	209	4	ok
src\dashboard\templates\index.html	210	4	ok
src\dashboard\templates\index.html	211	4	ok
src\dashboard\templates\index.html	212	4	ok
src\dashboard\templates\index.html	213	4	ok
src\dashboard\templates\index.html	214	0	blank
src\dashboard\templates\index.html	215	4	comment
src\dashboard\templates\index.html	216	4	ok
src\dashboard\templates\index.html	217	4	ok
src\dashboard\templates\index.html	218	4	ok
src\dashboard\templates\index.html	219	4	ok
src\dashboard\templates\index.html	220	4	ok
src\dashboard\templates\index.html	221	0	blank
src\dashboard\templates\index.html	222	4	comment
src\dashboard\templates\index.html	223	4	ok
src\dashboard\templates\index.html	224	4	ok
src\dashboard\templates\index.html	225	4	ok
src\dashboard\templates\index.html	226	4	ok
src\dashboard\templates\index.html	227	4	ok
src\dashboard\templates\index.html	228	0	blank
src\dashboard\templates\index.html	229	4	ok
src\dashboard\templates\index.html	230	4	ok
src\dashboard\templates\index.html	231	4	ok
src\dashboard\templates\index.html	232	0	blank
src\dashboard\templates\index.html	233	4	ok
src\dashboard\templates\index.html	234	4	ok
src\dashboard\templates\index.html	235	4	ok
src\dashboard\templates\index.html	236	0	blank
src\dashboard\templates\index.html	237	4	ok
src\dashboard\templates\index.html	238	4	ok
src\dashboard\templates\index.html	239	4	ok
src\dashboard\templates\index.html	240	0	blank
src\dashboard\templates\index.html	241	4	ok
src\dashboard\templates\index.html	242	4	ok
src\dashboard\templates\index.html	243	4	ok
src\dashboard\templates\index.html	244	0	blank
src\dashboard\templates\index.html	245	4	ok
src\dashboard\templates\index.html	246	4	ok
src\dashboard\templates\index.html	247	4	ok
src\dashboard\templates\index.html	248	0	blank
src\dashboard\templates\index.html	249	4	ok
src\dashboard\templates\index.html	250	0	blank
src\dashboard\templates\index.html	251	4	ok
src\dashboard\templates\index.html	252	4	ok
src\dashboard\templates\index.html	253	4	ok
src\dashboard\templates\index.html	254	4	ok
src\dashboard\templates\index.html	255	0	blank
src\dashboard\templates\index.html	256	4	ok
src\dashboard\templates\index.html	257	4	ok
src\dashboard\templates\index.html	258	4	ok
src\dashboard\templates\index.html	259	4	ok
src\dashboard\templates\index.html	260	0	blank
src\dashboard\templates\index.html	261	4	ok
src\dashboard\templates\index.html	262	0	blank
src\dashboard\templates\index.html	263	4	ok
src\dashboard\templates\index.html	264	4	ok
src\dashboard\templates\index.html	265	4	ok
src\dashboard\templates\index.html	266	4	ok
src\dashboard\templates\index.html	267	4	ok
src\dashboard\templates\index.html	268	4	ok
src\dashboard\templates\index.html	269	0	blank
src\dashboard\templates\index.html	270	4	ok
src\dashboard\templates\index.html	271	4	ok
src\dashboard\templates\index.html	272	4	ok
src\dashboard\templates\index.html	273	0	blank
src\dashboard\templates\index.html	274	4	ok
src\dashboard\templates\index.html	275	4	ok
src\dashboard\templates\index.html	276	4	ok
src\dashboard\templates\index.html	277	4	ok
src\dashboard\templates\index.html	278	0	blank
src\dashboard\templates\index.html	279	4	comment
src\dashboard\templates\index.html	280	4	ok
src\dashboard\templates\index.html	281	4	ok
src\dashboard\templates\index.html	282	4	ok
src\dashboard\templates\index.html	283	4	ok
src\dashboard\templates\index.html	284	4	ok
src\dashboard\templates\index.html	285	4	ok
src\dashboard\templates\index.html	286	4	ok
src\dashboard\templates\index.html	287	4	ok
src\dashboard\templates\index.html	288	4	ok
src\dashboard\templates\index.html	289	4	ok
src\dashboard\templates\index.html	290	0	blank
src\dashboard\templates\index.html	291	4	ok
src\dashboard\templates\index.html	292	4	ok
src\dashboard\templates\index.html	293	4	ok
src\dashboard\templates\index.html	294	4	ok
src\dashboard\templates\index.html	295	4	ok
src\dashboard\templates\index.html	296	4	ok
src\dashboard\templates\index.html	297	4	ok
src\dashboard\templates\index.html	298	4	ok
src\dashboard\templates\index.html	299	4	ok
src\dashboard\templates\index.html	300	4	ok
src\dashboard\templates\index.html	301	4	ok
src\dashboard\templates\index.html	302	0	blank
src\dashboard\templates\index.html	303	4	ok
src\dashboard\templates\index.html	304	4	ok
src\dashboard\templates\index.html	305	4	ok
src\dashboard\templates\index.html	306	4	ok
src\dashboard\templates\index.html	307	4	ok
src\dashboard\templates\index.html	308	0	blank
src\dashboard\templates\index.html	309	4	ok
src\dashboard\templates\index.html	310	4	ok
src\dashboard\templates\index.html	311	4	ok
src\dashboard\templates\index.html	312	0	blank
src\dashboard\templates\index.html	313	4	ok
src\dashboard\templates\index.html	314	4	ok
src\dashboard\templates\index.html	315	4	ok
src\dashboard\templates\index.html	316	4	ok
src\dashboard\templates\index.html	317	4	ok
src\dashboard\templates\index.html	318	4	ok
src\dashboard\templates\index.html	319	0	blank
src\dashboard\templates\index.html	320	4	ok
src\dashboard\templates\index.html	321	4	ok
src\dashboard\templates\index.html	322	4	ok
src\dashboard\templates\index.html	323	4	ok
src\dashboard\templates\index.html	324	4	ok
src\dashboard\templates\index.html	325	4	ok
src\dashboard\templates\index.html	326	4	ok
src\dashboard\templates\index.html	327	4	ok
src\dashboard\templates\index.html	328	4	ok
src\dashboard\templates\index.html	329	4	ok
src\dashboard\templates\index.html	330	0	blank
src\dashboard\templates\index.html	331	4	ok
src\dashboard\templates\index.html	332	4	ok
src\dashboard\templates\index.html	333	4	ok
src\dashboard\templates\index.html	334	0	blank
src\dashboard\templates\index.html	335	4	ok
src\dashboard\templates\index.html	336	4	ok
src\dashboard\templates\index.html	337	4	ok
src\dashboard\templates\index.html	338	4	ok
src\dashboard\templates\index.html	339	4	ok
src\dashboard\templates\index.html	340	4	ok
src\dashboard\templates\index.html	341	4	ok
src\dashboard\templates\index.html	342	4	ok
src\dashboard\templates\index.html	343	0	blank
src\dashboard\templates\index.html	344	4	comment
src\dashboard\templates\index.html	345	4	ok
src\dashboard\templates\index.html	346	4	ok
src\dashboard\templates\index.html	347	4	ok
src\dashboard\templates\index.html	348	4	ok
src\dashboard\templates\index.html	349	4	ok
src\dashboard\templates\index.html	350	0	blank
src\dashboard\templates\index.html	351	4	ok
src\dashboard\templates\index.html	352	4	ok
src\dashboard\templates\index.html	353	4	ok
src\dashboard\templates\index.html	354	4	ok
src\dashboard\templates\index.html	355	4	ok
src\dashboard\templates\index.html	356	4	ok
src\dashboard\templates\index.html	357	4	ok
src\dashboard\templates\index.html	358	4	ok
src\dashboard\templates\index.html	359	0	blank
src\dashboard\templates\index.html	360	4	ok
src\dashboard\templates\index.html	361	4	ok
src\dashboard\templates\index.html	362	4	ok
src\dashboard\templates\index.html	363	4	ok
src\dashboard\templates\index.html	364	0	blank
src\dashboard\templates\index.html	365	4	ok
src\dashboard\templates\index.html	366	4	ok
src\dashboard\templates\index.html	367	4	ok
src\dashboard\templates\index.html	368	4	ok
src\dashboard\templates\index.html	369	4	ok
src\dashboard\templates\index.html	370	4	ok
src\dashboard\templates\index.html	371	4	ok
src\dashboard\templates\index.html	372	4	ok
src\dashboard\templates\index.html	373	0	blank
src\dashboard\templates\index.html	374	4	ok
src\dashboard\templates\index.html	375	4	ok
src\dashboard\templates\index.html	376	4	ok
src\dashboard\templates\index.html	377	4	ok
src\dashboard\templates\index.html	378	0	blank
src\dashboard\templates\index.html	379	4	ok
src\dashboard\templates\index.html	380	4	ok
src\dashboard\templates\index.html	381	4	ok
src\dashboard\templates\index.html	382	4	ok
src\dashboard\templates\index.html	383	0	blank
src\dashboard\templates\index.html	384	4	ok
src\dashboard\templates\index.html	385	4	ok
src\dashboard\templates\index.html	386	4	ok
src\dashboard\templates\index.html	387	4	ok
src\dashboard\templates\index.html	388	4	ok
src\dashboard\templates\index.html	389	4	ok
src\dashboard\templates\index.html	390	0	blank
src\dashboard\templates\index.html	391	4	comment
src\dashboard\templates\index.html	392	4	ok
src\dashboard\templates\index.html	393	4	ok
src\dashboard\templates\index.html	394	4	ok
src\dashboard\templates\index.html	395	4	ok
src\dashboard\templates\index.html	396	4	ok
src\dashboard\templates\index.html	397	4	ok
src\dashboard\templates\index.html	398	0	blank
src\dashboard\templates\index.html	399	4	ok
src\dashboard\templates\index.html	400	4	ok
src\dashboard\templates\index.html	401	4	ok
src\dashboard\templates\index.html	402	4	ok
src\dashboard\templates\index.html	403	4	ok
src\dashboard\templates\index.html	404	0	blank
src\dashboard\templates\index.html	405	4	ok
src\dashboard\templates\index.html	406	4	ok
src\dashboard\templates\index.html	407	4	ok
src\dashboard\templates\index.html	408	4	ok
src\dashboard\templates\index.html	409	4	ok
src\dashboard\templates\index.html	410	4	ok
src\dashboard\templates\index.html	411	4	ok
src\dashboard\templates\index.html	412	4	ok
src\dashboard\templates\index.html	413	4	ok
src\dashboard\templates\index.html	414	0	blank
src\dashboard\templates\index.html	415	4	ok
src\dashboard\templates\index.html	416	4	ok
src\dashboard\templates\index.html	417	4	ok
src\dashboard\templates\index.html	418	4	ok
src\dashboard\templates\index.html	419	0	blank
src\dashboard\templates\index.html	420	4	ok
src\dashboard\templates\index.html	421	4	ok
src\dashboard\templates\index.html	422	4	ok
src\dashboard\templates\index.html	423	4	ok
src\dashboard\templates\index.html	424	0	blank
src\dashboard\templates\index.html	425	4	comment
src\dashboard\templates\index.html	426	4	ok
src\dashboard\templates\index.html	427	4	ok
src\dashboard\templates\index.html	428	4	ok
src\dashboard\templates\index.html	429	4	ok
src\dashboard\templates\index.html	430	4	ok
src\dashboard\templates\index.html	431	4	ok
src\dashboard\templates\index.html	432	0	blank
src\dashboard\templates\index.html	433	4	ok
src\dashboard\templates\index.html	434	4	ok
src\dashboard\templates\index.html	435	4	ok
src\dashboard\templates\index.html	436	4	ok
src\dashboard\templates\index.html	437	4	ok
src\dashboard\templates\index.html	438	4	ok
src\dashboard\templates\index.html	439	0	blank
src\dashboard\templates\index.html	440	4	ok
src\dashboard\templates\index.html	441	4	ok
src\dashboard\templates\index.html	442	4	ok
src\dashboard\templates\index.html	443	4	ok
src\dashboard\templates\index.html	444	4	ok
src\dashboard\templates\index.html	445	4	ok
src\dashboard\templates\index.html	446	0	blank
src\dashboard\templates\index.html	447	4	ok
src\dashboard\templates\index.html	448	4	ok
src\dashboard\templates\index.html	449	4	ok
src\dashboard\templates\index.html	450	4	ok
src\dashboard\templates\index.html	451	0	blank
src\dashboard\templates\index.html	452	4	ok
src\dashboard\templates\index.html	453	4	ok
src\dashboard\templates\index.html	454	4	ok
src\dashboard\templates\index.html	455	4	ok
src\dashboard\templates\index.html	456	4	ok
src\dashboard\templates\index.html	457	4	ok
src\dashboard\templates\index.html	458	4	ok
src\dashboard\templates\index.html	459	0	blank
src\dashboard\templates\index.html	460	4	ok
src\dashboard\templates\index.html	461	4	ok
src\dashboard\templates\index.html	462	4	ok
src\dashboard\templates\index.html	463	4	ok
src\dashboard\templates\index.html	464	4	ok
src\dashboard\templates\index.html	465	0	blank
src\dashboard\templates\index.html	466	4	comment
src\dashboard\templates\index.html	467	4	ok
src\dashboard\templates\index.html	468	4	ok
src\dashboard\templates\index.html	469	4	ok
src\dashboard\templates\index.html	470	4	ok
src\dashboard\templates\index.html	471	4	ok
src\dashboard\templates\index.html	472	4	ok
src\dashboard\templates\index.html	473	4	ok
src\dashboard\templates\index.html	474	0	blank
src\dashboard\templates\index.html	475	4	ok
src\dashboard\templates\index.html	476	4	ok
src\dashboard\templates\index.html	477	4	ok
src\dashboard\templates\index.html	478	4	ok
src\dashboard\templates\index.html	479	0	blank
src\dashboard\templates\index.html	480	4	ok
src\dashboard\templates\index.html	481	4	ok
src\dashboard\templates\index.html	482	4	ok
src\dashboard\templates\index.html	483	4	ok
src\dashboard\templates\index.html	484	4	ok
src\dashboard\templates\index.html	485	4	ok
src\dashboard\templates\index.html	486	0	blank
src\dashboard\templates\index.html	487	4	ok
src\dashboard\templates\index.html	488	4	ok
src\dashboard\templates\index.html	489	4	ok
src\dashboard\templates\index.html	490	4	ok
src\dashboard\templates\index.html	491	4	ok
src\dashboard\templates\index.html	492	0	blank
src\dashboard\templates\index.html	493	4	ok
src\dashboard\templates\index.html	494	4	ok
src\dashboard\templates\index.html	495	4	ok
src\dashboard\templates\index.html	496	4	ok
src\dashboard\templates\index.html	497	4	ok
src\dashboard\templates\index.html	498	4	ok
src\dashboard\templates\index.html	499	4	ok
src\dashboard\templates\index.html	500	4	ok
src\dashboard\templates\index.html	501	4	ok
src\dashboard\templates\index.html	502	4	ok
src\dashboard\templates\index.html	503	4	ok
src\dashboard\templates\index.html	504	0	blank
src\dashboard\templates\index.html	505	4	ok
src\dashboard\templates\index.html	506	4	ok
src\dashboard\templates\index.html	507	4	ok
src\dashboard\templates\index.html	508	4	ok
src\dashboard\templates\index.html	509	0	blank
src\dashboard\templates\index.html	510	4	ok
src\dashboard\templates\index.html	511	4	ok
src\dashboard\templates\index.html	512	4	ok
src\dashboard\templates\index.html	513	4	ok
src\dashboard\templates\index.html	514	4	ok
src\dashboard\templates\index.html	515	4	ok
src\dashboard\templates\index.html	516	0	blank
src\dashboard\templates\index.html	517	4	ok
src\dashboard\templates\index.html	518	4	ok
src\dashboard\templates\index.html	519	4	ok
src\dashboard\templates\index.html	520	0	blank
src\dashboard\templates\index.html	521	4	ok
src\dashboard\templates\index.html	522	4	ok
src\dashboard\templates\index.html	523	4	ok
src\dashboard\templates\index.html	524	0	blank
src\dashboard\templates\index.html	525	4	ok
src\dashboard\templates\index.html	526	4	ok
src\dashboard\templates\index.html	527	4	ok
src\dashboard\templates\index.html	528	4	ok
src\dashboard\templates\index.html	529	0	blank
src\dashboard\templates\index.html	530	4	ok
src\dashboard\templates\index.html	531	4	ok
src\dashboard\templates\index.html	532	4	ok
src\dashboard\templates\index.html	533	0	blank
src\dashboard\templates\index.html	534	4	ok
src\dashboard\templates\index.html	535	4	ok
src\dashboard\templates\index.html	536	4	ok
src\dashboard\templates\index.html	537	0	blank
src\dashboard\templates\index.html	538	4	ok
src\dashboard\templates\index.html	539	4	ok
src\dashboard\templates\index.html	540	4	ok
src\dashboard\templates\index.html	541	4	ok
src\dashboard\templates\index.html	542	4	ok
src\dashboard\templates\index.html	543	0	blank
src\dashboard\templates\index.html	544	4	ok
src\dashboard\templates\index.html	545	4	ok
src\dashboard\templates\index.html	546	4	ok
src\dashboard\templates\index.html	547	4	ok
src\dashboard\templates\index.html	548	4	ok
src\dashboard\templates\index.html	549	0	blank
src\dashboard\templates\index.html	550	4	ok
src\dashboard\templates\index.html	551	4	ok
src\dashboard\templates\index.html	552	4	ok
src\dashboard\templates\index.html	553	4	ok
src\dashboard\templates\index.html	554	4	ok
src\dashboard\templates\index.html	555	4	ok
src\dashboard\templates\index.html	556	0	blank
src\dashboard\templates\index.html	557	4	ok
src\dashboard\templates\index.html	558	4	ok
src\dashboard\templates\index.html	559	4	ok
src\dashboard\templates\index.html	560	4	ok
src\dashboard\templates\index.html	561	0	blank
src\dashboard\templates\index.html	562	4	comment
src\dashboard\templates\index.html	563	4	ok
src\dashboard\templates\index.html	564	4	ok
src\dashboard\templates\index.html	565	4	ok
src\dashboard\templates\index.html	566	4	ok
src\dashboard\templates\index.html	567	4	ok
src\dashboard\templates\index.html	568	4	ok
src\dashboard\templates\index.html	569	0	blank
src\dashboard\templates\index.html	570	4	ok
src\dashboard\templates\index.html	571	4	ok
src\dashboard\templates\index.html	572	4	ok
src\dashboard\templates\index.html	573	4	ok
src\dashboard\templates\index.html	574	4	ok
src\dashboard\templates\index.html	575	4	ok
src\dashboard\templates\index.html	576	4	ok
src\dashboard\templates\index.html	577	4	ok
src\dashboard\templates\index.html	578	4	ok
src\dashboard\templates\index.html	579	4	ok
src\dashboard\templates\index.html	580	4	ok
src\dashboard\templates\index.html	581	4	ok
src\dashboard\templates\index.html	582	4	ok
src\dashboard\templates\index.html	583	4	ok
src\dashboard\templates\index.html	584	0	blank
src\dashboard\templates\index.html	585	4	ok
src\dashboard\templates\index.html	586	4	ok
src\dashboard\templates\index.html	587	4	ok
src\dashboard\templates\index.html	588	4	ok
src\dashboard\templates\index.html	589	0	blank
src\dashboard\templates\index.html	590	4	ok
src\dashboard\templates\index.html	591	4	ok
src\dashboard\templates\index.html	592	4	ok
src\dashboard\templates\index.html	593	4	ok
src\dashboard\templates\index.html	594	4	ok
src\dashboard\templates\index.html	595	4	ok
src\dashboard\templates\index.html	596	0	blank
src\dashboard\templates\index.html	597	4	ok
src\dashboard\templates\index.html	598	4	ok
src\dashboard\templates\index.html	599	4	ok
src\dashboard\templates\index.html	600	4	ok
src\dashboard\templates\index.html	601	4	ok
src\dashboard\templates\index.html	602	4	ok
src\dashboard\templates\index.html	603	4	ok
src\dashboard\templates\index.html	604	4	ok
src\dashboard\templates\index.html	605	4	ok
src\dashboard\templates\index.html	606	4	ok
src\dashboard\templates\index.html	607	4	ok
src\dashboard\templates\index.html	608	4	ok
src\dashboard\templates\index.html	609	4	ok
src\dashboard\templates\index.html	610	0	blank
src\dashboard\templates\index.html	611	4	comment
src\dashboard\templates\index.html	612	4	ok
src\dashboard\templates\index.html	613	4	ok
src\dashboard\templates\index.html	614	4	ok
src\dashboard\templates\index.html	615	4	ok
src\dashboard\templates\index.html	616	4	ok
src\dashboard\templates\index.html	617	0	blank
src\dashboard\templates\index.html	618	4	ok
src\dashboard\templates\index.html	619	4	ok
src\dashboard\templates\index.html	620	4	ok
src\dashboard\templates\index.html	621	4	ok
src\dashboard\templates\index.html	622	4	ok
src\dashboard\templates\index.html	623	4	ok
src\dashboard\templates\index.html	624	4	ok
src\dashboard\templates\index.html	625	4	ok
src\dashboard\templates\index.html	626	4	ok
src\dashboard\templates\index.html	627	4	ok
src\dashboard\templates\index.html	628	0	blank
src\dashboard\templates\index.html	629	4	ok
src\dashboard\templates\index.html	630	4	ok
src\dashboard\templates\index.html	631	4	ok
src\dashboard\templates\index.html	632	4	ok
src\dashboard\templates\index.html	633	4	ok
src\dashboard\templates\index.html	634	4	ok
src\dashboard\templates\index.html	635	4	ok
src\dashboard\templates\index.html	636	4	ok
src\dashboard\templates\index.html	637	4	ok
src\dashboard\templates\index.html	638	0	blank
src\dashboard\templates\index.html	639	4	ok
src\dashboard\templates\index.html	640	4	ok
src\dashboard\templates\index.html	641	4	ok
src\dashboard\templates\index.html	642	0	blank
src\dashboard\templates\index.html	643	4	ok
src\dashboard\templates\index.html	644	4	ok
src\dashboard\templates\index.html	645	4	ok
src\dashboard\templates\index.html	646	0	blank
src\dashboard\templates\index.html	647	4	ok
src\dashboard\templates\index.html	648	4	ok
src\dashboard\templates\index.html	649	4	ok
src\dashboard\templates\index.html	650	0	blank
src\dashboard\templates\index.html	651	4	ok
src\dashboard\templates\index.html	652	4	ok
src\dashboard\templates\index.html	653	4	ok
src\dashboard\templates\index.html	654	0	blank
src\dashboard\templates\index.html	655	4	ok
src\dashboard\templates\index.html	656	4	ok
src\dashboard\templates\index.html	657	4	ok
src\dashboard\templates\index.html	658	0	blank
src\dashboard\templates\index.html	659	4	ok
src\dashboard\templates\index.html	660	4	ok
src\dashboard\templates\index.html	661	4	ok
src\dashboard\templates\index.html	662	4	ok
src\dashboard\templates\index.html	663	0	blank
src\dashboard\templates\index.html	664	4	ok
src\dashboard\templates\index.html	665	4	ok
src\dashboard\templates\index.html	666	4	ok
src\dashboard\templates\index.html	667	4	ok
src\dashboard\templates\index.html	668	0	blank
src\dashboard\templates\index.html	669	4	ok
src\dashboard\templates\index.html	670	4	ok
src\dashboard\templates\index.html	671	4	ok
src\dashboard\templates\index.html	672	4	ok
src\dashboard\templates\index.html	673	4	ok
src\dashboard\templates\index.html	674	4	ok
src\dashboard\templates\index.html	675	0	blank
src\dashboard\templates\index.html	676	4	ok
src\dashboard\templates\index.html	677	4	ok
src\dashboard\templates\index.html	678	4	ok
src\dashboard\templates\index.html	679	4	ok
src\dashboard\templates\index.html	680	4	ok
src\dashboard\templates\index.html	681	4	ok
src\dashboard\templates\index.html	682	0	blank
src\dashboard\templates\index.html	683	4	comment
src\dashboard\templates\index.html	684	4	ok
src\dashboard\templates\index.html	685	4	ok
src\dashboard\templates\index.html	686	4	ok
src\dashboard\templates\index.html	687	4	ok
src\dashboard\templates\index.html	688	4	ok
src\dashboard\templates\index.html	689	4	ok
src\dashboard\templates\index.html	690	4	ok
src\dashboard\templates\index.html	691	4	ok
src\dashboard\templates\index.html	692	4	ok
src\dashboard\templates\index.html	693	4	ok
src\dashboard\templates\index.html	694	0	blank
src\dashboard\templates\index.html	695	4	ok
src\dashboard\templates\index.html	696	4	ok
src\dashboard\templates\index.html	697	4	ok
src\dashboard\templates\index.html	698	4	ok
src\dashboard\templates\index.html	699	0	blank
src\dashboard\templates\index.html	700	4	ok
src\dashboard\templates\index.html	701	4	ok
src\dashboard\templates\index.html	702	4	ok
src\dashboard\templates\index.html	703	4	ok
src\dashboard\templates\index.html	704	4	ok
src\dashboard\templates\index.html	705	4	ok
src\dashboard\templates\index.html	706	4	ok
src\dashboard\templates\index.html	707	4	ok
src\dashboard\templates\index.html	708	4	ok
src\dashboard\templates\index.html	709	4	ok
src\dashboard\templates\index.html	710	4	ok
src\dashboard\templates\index.html	711	4	ok
src\dashboard\templates\index.html	712	0	blank
src\dashboard\templates\index.html	713	4	ok
src\dashboard\templates\index.html	714	4	ok
src\dashboard\templates\index.html	715	4	ok
src\dashboard\templates\index.html	716	4	ok
src\dashboard\templates\index.html	717	4	ok
src\dashboard\templates\index.html	718	0	blank
src\dashboard\templates\index.html	719	4	comment
src\dashboard\templates\index.html	720	4	ok
src\dashboard\templates\index.html	721	4	ok
src\dashboard\templates\index.html	722	4	ok
src\dashboard\templates\index.html	723	4	ok
src\dashboard\templates\index.html	724	4	ok
src\dashboard\templates\index.html	725	4	ok
src\dashboard\templates\index.html	726	4	ok
src\dashboard\templates\index.html	727	4	ok
src\dashboard\templates\index.html	728	4	ok
src\dashboard\templates\index.html	729	0	blank
src\dashboard\templates\index.html	730	4	ok
src\dashboard\templates\index.html	731	4	ok
src\dashboard\templates\index.html	732	4	ok
src\dashboard\templates\index.html	733	4	ok
src\dashboard\templates\index.html	734	4	ok
src\dashboard\templates\index.html	735	4	ok
src\dashboard\templates\index.html	736	4	ok
src\dashboard\templates\index.html	737	0	blank
src\dashboard\templates\index.html	738	4	ok
src\dashboard\templates\index.html	739	4	ok
src\dashboard\templates\index.html	740	4	ok
src\dashboard\templates\index.html	741	4	ok
src\dashboard\templates\index.html	742	0	blank
src\dashboard\templates\index.html	743	4	ok
src\dashboard\templates\index.html	744	4	ok
src\dashboard\templates\index.html	745	4	ok
src\dashboard\templates\index.html	746	4	ok
src\dashboard\templates\index.html	747	0	blank
src\dashboard\templates\index.html	748	4	ok
src\dashboard\templates\index.html	749	4	ok
src\dashboard\templates\index.html	750	4	ok
src\dashboard\templates\index.html	751	4	ok
src\dashboard\templates\index.html	752	4	ok
src\dashboard\templates\index.html	753	0	blank
src\dashboard\templates\index.html	754	4	comment
src\dashboard\templates\index.html	755	4	ok
src\dashboard\templates\index.html	756	4	ok
src\dashboard\templates\index.html	757	4	ok
src\dashboard\templates\index.html	758	4	ok
src\dashboard\templates\index.html	759	4	ok
src\dashboard\templates\index.html	760	4	ok
src\dashboard\templates\index.html	761	4	ok
src\dashboard\templates\index.html	762	4	ok
src\dashboard\templates\index.html	763	4	ok
src\dashboard\templates\index.html	764	4	ok
src\dashboard\templates\index.html	765	0	blank
src\dashboard\templates\index.html	766	4	ok
src\dashboard\templates\index.html	767	4	ok
src\dashboard\templates\index.html	768	4	ok
src\dashboard\templates\index.html	769	4	ok
src\dashboard\templates\index.html	770	4	ok
src\dashboard\templates\index.html	771	0	blank
src\dashboard\templates\index.html	772	4	ok
src\dashboard\templates\index.html	773	4	ok
src\dashboard\templates\index.html	774	4	ok
src\dashboard\templates\index.html	775	4	ok
src\dashboard\templates\index.html	776	0	blank
src\dashboard\templates\index.html	777	4	ok
src\dashboard\templates\index.html	778	4	ok
src\dashboard\templates\index.html	779	4	ok
src\dashboard\templates\index.html	780	4	ok
src\dashboard\templates\index.html	781	4	ok
src\dashboard\templates\index.html	782	4	ok
src\dashboard\templates\index.html	783	4	ok
src\dashboard\templates\index.html	784	0	blank
src\dashboard\templates\index.html	785	4	ok
src\dashboard\templates\index.html	786	4	ok
src\dashboard\templates\index.html	787	4	ok
src\dashboard\templates\index.html	788	4	ok
src\dashboard\templates\index.html	789	0	blank
src\dashboard\templates\index.html	790	4	ok
src\dashboard\templates\index.html	791	4	ok
src\dashboard\templates\index.html	792	4	ok
src\dashboard\templates\index.html	793	4	ok
src\dashboard\templates\index.html	794	0	blank
src\dashboard\templates\index.html	795	4	ok
src\dashboard\templates\index.html	796	4	ok
src\dashboard\templates\index.html	797	4	ok
src\dashboard\templates\index.html	798	4	ok
src\dashboard\templates\index.html	799	0	blank
src\dashboard\templates\index.html	800	4	ok
src\dashboard\templates\index.html	801	4	ok
src\dashboard\templates\index.html	802	4	ok
src\dashboard\templates\index.html	803	0	blank
src\dashboard\templates\index.html	804	4	ok
src\dashboard\templates\index.html	805	4	ok
src\dashboard\templates\index.html	806	4	ok
src\dashboard\templates\index.html	807	0	blank
src\dashboard\templates\index.html	808	4	comment
src\dashboard\templates\index.html	809	4	ok
src\dashboard\templates\index.html	810	4	ok
src\dashboard\templates\index.html	811	4	ok
src\dashboard\templates\index.html	812	4	ok
src\dashboard\templates\index.html	813	4	ok
src\dashboard\templates\index.html	814	4	ok
src\dashboard\templates\index.html	815	4	ok
src\dashboard\templates\index.html	816	0	blank
src\dashboard\templates\index.html	817	4	ok
src\dashboard\templates\index.html	818	4	ok
src\dashboard\templates\index.html	819	4	ok
src\dashboard\templates\index.html	820	4	ok
src\dashboard\templates\index.html	821	4	ok
src\dashboard\templates\index.html	822	0	blank
src\dashboard\templates\index.html	823	4	ok
src\dashboard\templates\index.html	824	4	ok
src\dashboard\templates\index.html	825	4	ok
src\dashboard\templates\index.html	826	0	blank
src\dashboard\templates\index.html	827	4	ok
src\dashboard\templates\index.html	828	4	ok
src\dashboard\templates\index.html	829	4	ok
src\dashboard\templates\index.html	830	0	blank
src\dashboard\templates\index.html	831	4	ok
src\dashboard\templates\index.html	832	4	ok
src\dashboard\templates\index.html	833	4	ok
src\dashboard\templates\index.html	834	0	blank
src\dashboard\templates\index.html	835	4	ok
src\dashboard\templates\index.html	836	4	ok
src\dashboard\templates\index.html	837	4	ok
src\dashboard\templates\index.html	838	4	ok
src\dashboard\templates\index.html	839	4	ok
src\dashboard\templates\index.html	840	4	ok
src\dashboard\templates\index.html	841	4	ok
src\dashboard\templates\index.html	842	4	ok
src\dashboard\templates\index.html	843	4	ok
src\dashboard\templates\index.html	844	0	blank
src\dashboard\templates\index.html	845	4	comment
src\dashboard\templates\index.html	846	4	ok
src\dashboard\templates\index.html	847	4	ok
src\dashboard\templates\index.html	848	4	ok
src\dashboard\templates\index.html	849	4	ok
src\dashboard\templates\index.html	850	4	ok
src\dashboard\templates\index.html	851	4	ok
src\dashboard\templates\index.html	852	4	ok
src\dashboard\templates\index.html	853	4	ok
src\dashboard\templates\index.html	854	4	ok
src\dashboard\templates\index.html	855	0	blank
src\dashboard\templates\index.html	856	4	ok
src\dashboard\templates\index.html	857	4	ok
src\dashboard\templates\index.html	858	4	ok
src\dashboard\templates\index.html	859	4	ok
src\dashboard\templates\index.html	860	4	ok
src\dashboard\templates\index.html	861	0	blank
src\dashboard\templates\index.html	862	4	ok
src\dashboard\templates\index.html	863	4	ok
src\dashboard\templates\index.html	864	4	ok
src\dashboard\templates\index.html	865	4	ok
src\dashboard\templates\index.html	866	4	ok
src\dashboard\templates\index.html	867	0	blank
src\dashboard\templates\index.html	868	4	comment
src\dashboard\templates\index.html	869	4	comment
src\dashboard\templates\index.html	870	4	ok
src\dashboard\templates\index.html	871	4	ok
src\dashboard\templates\index.html	872	4	ok
src\dashboard\templates\index.html	873	0	blank
src\dashboard\templates\index.html	874	4	comment
src\dashboard\templates\index.html	875	4	ok
src\dashboard\templates\index.html	876	4	ok
src\dashboard\templates\index.html	877	0	blank
src\dashboard\templates\index.html	878	4	comment
src\dashboard\templates\index.html	879	4	ok
src\dashboard\templates\index.html	880	4	ok
src\dashboard\templates\index.html	881	4	ok
src\dashboard\templates\index.html	882	0	blank
src\dashboard\templates\index.html	883	4	comment
src\dashboard\templates\index.html	884	4	ok
src\dashboard\templates\index.html	885	4	ok
src\dashboard\templates\index.html	886	0	blank
src\dashboard\templates\index.html	887	4	comment
src\dashboard\templates\index.html	888	4	ok
src\dashboard\templates\index.html	889	4	ok
src\dashboard\templates\index.html	890	4	ok
src\dashboard\templates\index.html	891	4	ok
src\dashboard\templates\index.html	892	4	ok
src\dashboard\templates\index.html	893	4	ok
src\dashboard\templates\index.html	894	4	ok
src\dashboard\templates\index.html	895	4	ok
src\dashboard\templates\index.html	896	0	blank
src\dashboard\templates\index.html	897	4	ok
src\dashboard\templates\index.html	898	4	ok
src\dashboard\templates\index.html	899	0	blank
src\dashboard\templates\index.html	900	4	ok
src\dashboard\templates\index.html	901	4	ok
src\dashboard\templates\index.html	902	4	ok
src\dashboard\templates\index.html	903	4	ok
src\dashboard\templates\index.html	904	4	ok
src\dashboard\templates\index.html	905	4	ok
src\dashboard\templates\index.html	906	4	ok
src\dashboard\templates\index.html	907	4	ok
src\dashboard\templates\index.html	908	4	ok
src\dashboard\templates\index.html	909	4	ok
src\dashboard\templates\index.html	910	4	ok
src\dashboard\templates\index.html	911	4	ok
src\dashboard\templates\index.html	912	4	ok
src\dashboard\templates\index.html	913	4	ok
src\dashboard\templates\index.html	914	4	ok
src\dashboard\templates\index.html	915	4	ok
src\dashboard\templates\index.html	916	4	ok
src\dashboard\templates\index.html	917	4	ok
src\dashboard\templates\index.html	918	4	ok
src\dashboard\templates\index.html	919	4	ok
src\dashboard\templates\index.html	920	4	ok
src\dashboard\templates\index.html	921	4	ok
src\dashboard\templates\index.html	922	4	ok
src\dashboard\templates\index.html	923	4	ok
src\dashboard\templates\index.html	924	4	ok
src\dashboard\templates\index.html	925	4	ok
src\dashboard\templates\index.html	926	0	blank
src\dashboard\templates\index.html	927	4	ok
src\dashboard\templates\index.html	928	4	ok
src\dashboard\templates\index.html	929	4	ok
src\dashboard\templates\index.html	930	4	ok
src\dashboard\templates\index.html	931	4	ok
src\dashboard\templates\index.html	932	4	ok
src\dashboard\templates\index.html	933	4	ok
src\dashboard\templates\index.html	934	4	ok
src\dashboard\templates\index.html	935	4	ok
src\dashboard\templates\index.html	936	4	ok
src\dashboard\templates\index.html	937	4	ok
src\dashboard\templates\index.html	938	4	ok
src\dashboard\templates\index.html	939	4	ok
src\dashboard\templates\index.html	940	4	ok
src\dashboard\templates\index.html	941	4	ok
src\dashboard\templates\index.html	942	4	ok
src\dashboard\templates\index.html	943	4	ok
src\dashboard\templates\index.html	944	4	ok
src\dashboard\templates\index.html	945	4	ok
src\dashboard\templates\index.html	946	4	ok
src\dashboard\templates\index.html	947	4	ok
src\dashboard\templates\index.html	948	4	ok
src\dashboard\templates\index.html	949	4	ok
src\dashboard\templates\index.html	950	4	ok
src\dashboard\templates\index.html	951	4	ok
src\dashboard\templates\index.html	952	4	ok
src\dashboard\templates\index.html	953	0	blank
src\dashboard\templates\index.html	954	4	ok
src\dashboard\templates\index.html	955	4	ok
src\dashboard\templates\index.html	956	4	ok
src\dashboard\templates\index.html	957	4	ok
src\dashboard\templates\index.html	958	4	ok
src\dashboard\templates\index.html	959	4	ok
src\dashboard\templates\index.html	960	4	ok
src\dashboard\templates\index.html	961	4	ok
src\dashboard\templates\index.html	962	4	ok
src\dashboard\templates\index.html	963	4	ok
src\dashboard\templates\index.html	964	4	ok
src\dashboard\templates\index.html	965	4	ok
src\dashboard\templates\index.html	966	4	ok
src\dashboard\templates\index.html	967	4	ok
src\dashboard\templates\index.html	968	4	ok
src\dashboard\templates\index.html	969	4	ok
src\dashboard\templates\index.html	970	4	ok
src\dashboard\templates\index.html	971	4	ok
src\dashboard\templates\index.html	972	4	ok
src\dashboard\templates\index.html	973	4	ok
src\dashboard\templates\index.html	974	4	ok
src\dashboard\templates\index.html	975	4	ok
src\dashboard\templates\index.html	976	4	ok
src\dashboard\templates\index.html	977	4	ok
src\dashboard\templates\index.html	978	4	ok
src\dashboard\templates\index.html	979	4	ok
src\dashboard\templates\index.html	980	4	ok
src\dashboard\templates\index.html	981	4	ok
src\dashboard\templates\index.html	982	4	ok
src\dashboard\templates\index.html	983	4	ok
src\dashboard\templates\index.html	984	4	ok
src\dashboard\templates\index.html	985	4	ok
src\dashboard\templates\index.html	986	4	ok
src\dashboard\templates\index.html	987	4	ok
src\dashboard\templates\index.html	988	4	ok
src\dashboard\templates\index.html	989	4	ok
src\dashboard\templates\index.html	990	4	ok
src\dashboard\templates\index.html	991	4	ok
src\dashboard\templates\index.html	992	4	ok
src\dashboard\templates\index.html	993	0	blank
src\dashboard\templates\index.html	994	4	ok
src\dashboard\templates\index.html	995	4	ok
src\dashboard\templates\index.html	996	4	ok
src\dashboard\templates\index.html	997	4	ok
src\dashboard\templates\index.html	998	4	ok
src\dashboard\templates\index.html	999	4	ok
src\dashboard\templates\index.html	1000	4	ok
src\dashboard\templates\index.html	1001	4	ok
src\dashboard\templates\index.html	1002	4	ok
src\dashboard\templates\index.html	1003	4	ok
src\dashboard\templates\index.html	1004	4	ok
src\dashboard\templates\index.html	1005	4	ok
src\dashboard\templates\index.html	1006	4	ok
src\dashboard\templates\index.html	1007	4	ok
src\dashboard\templates\index.html	1008	4	ok
src\dashboard\templates\index.html	1009	4	ok
src\dashboard\templates\index.html	1010	4	ok
src\dashboard\templates\index.html	1011	0	blank
src\dashboard\templates\index.html	1012	4	ok
src\dashboard\templates\index.html	1013	4	ok
src\dashboard\templates\index.html	1014	4	ok
src\dashboard\templates\index.html	1015	4	ok
src\dashboard\templates\index.html	1016	4	ok
src\dashboard\templates\index.html	1017	4	ok
src\dashboard\templates\index.html	1018	4	ok
src\dashboard\templates\index.html	1019	4	ok
src\dashboard\templates\index.html	1020	4	ok
src\dashboard\templates\index.html	1021	4	ok
src\dashboard\templates\index.html	1022	4	ok
src\dashboard\templates\index.html	1023	0	blank
src\dashboard\templates\index.html	1024	4	ok
src\dashboard\templates\index.html	1025	4	ok
src\dashboard\templates\index.html	1026	4	ok
src\dashboard\templates\index.html	1027	4	ok
src\dashboard\templates\index.html	1028	4	ok
src\dashboard\templates\index.html	1029	4	ok
src\dashboard\templates\index.html	1030	4	ok
src\dashboard\templates\index.html	1031	4	ok
src\dashboard\templates\index.html	1032	4	ok
src\dashboard\templates\index.html	1033	4	ok
src\dashboard\templates\index.html	1034	4	ok
src\dashboard\templates\index.html	1035	0	blank
src\dashboard\templates\index.html	1036	4	ok
src\dashboard\templates\index.html	1037	4	ok
src\dashboard\templates\index.html	1038	4	ok
src\dashboard\templates\index.html	1039	4	ok
src\dashboard\templates\index.html	1040	4	ok
src\dashboard\templates\index.html	1041	4	ok
src\dashboard\templates\index.html	1042	4	ok
src\dashboard\templates\index.html	1043	4	ok
src\dashboard\templates\index.html	1044	4	ok
src\dashboard\templates\index.html	1045	4	ok
src\dashboard\templates\index.html	1046	4	ok
src\dashboard\templates\index.html	1047	4	ok
src\dashboard\templates\index.html	1048	4	ok
src\dashboard\templates\index.html	1049	4	ok
src\dashboard\templates\index.html	1050	4	ok
src\dashboard\templates\index.html	1051	0	blank
src\dashboard\templates\index.html	1052	4	ok
src\dashboard\templates\index.html	1053	4	ok
src\dashboard\templates\index.html	1054	4	ok
src\dashboard\templates\index.html	1055	4	ok
src\dashboard\templates\index.html	1056	4	ok
src\dashboard\templates\index.html	1057	4	ok
src\dashboard\templates\index.html	1058	4	ok
src\dashboard\templates\index.html	1059	4	ok
src\dashboard\templates\index.html	1060	4	ok
src\dashboard\templates\index.html	1061	4	ok
src\dashboard\templates\index.html	1062	4	ok
src\dashboard\templates\index.html	1063	4	ok
src\dashboard\templates\index.html	1064	0	blank
src\dashboard\templates\index.html	1065	4	ok
src\dashboard\templates\index.html	1066	4	ok
src\dashboard\templates\index.html	1067	4	ok
src\dashboard\templates\index.html	1068	4	ok
src\dashboard\templates\index.html	1069	4	ok
src\dashboard\templates\index.html	1070	4	ok
src\dashboard\templates\index.html	1071	4	ok
src\dashboard\templates\index.html	1072	4	ok
src\dashboard\templates\index.html	1073	4	ok
src\dashboard\templates\index.html	1074	4	ok
src\dashboard\templates\index.html	1075	4	ok
src\dashboard\templates\index.html	1076	4	ok
src\dashboard\templates\index.html	1077	4	ok
src\dashboard\templates\index.html	1078	4	ok
src\dashboard\templates\index.html	1079	4	ok
src\dashboard\templates\index.html	1080	4	ok
src\dashboard\templates\index.html	1081	4	ok
src\dashboard\templates\index.html	1082	4	ok
src\dashboard\templates\index.html	1083	4	ok
src\dashboard\templates\index.html	1084	4	ok
src\dashboard\templates\index.html	1085	4	ok
src\dashboard\templates\index.html	1086	4	ok
src\dashboard\templates\index.html	1087	4	ok
src\dashboard\templates\index.html	1088	4	ok
src\dashboard\templates\index.html	1089	4	ok
src\dashboard\templates\index.html	1090	4	ok
src\dashboard\templates\index.html	1091	4	ok
src\dashboard\templates\index.html	1092	4	ok
src\dashboard\templates\index.html	1093	4	ok
src\dashboard\templates\index.html	1094	4	ok
src\dashboard\templates\index.html	1095	4	ok
src\dashboard\templates\index.html	1096	4	ok
src\dashboard\templates\index.html	1097	4	ok
src\dashboard\templates\index.html	1098	4	ok
src\dashboard\templates\index.html	1099	4	ok
src\dashboard\templates\index.html	1100	0	blank
src\dashboard\templates\index.html	1101	4	ok
src\dashboard\templates\index.html	1102	4	ok
src\dashboard\templates\index.html	1103	4	ok
src\dashboard\templates\index.html	1104	4	ok
src\dashboard\templates\index.html	1105	4	ok
src\dashboard\templates\index.html	1106	4	ok
src\dashboard\templates\index.html	1107	4	ok
src\dashboard\templates\index.html	1108	4	ok
src\dashboard\templates\index.html	1109	4	ok
src\dashboard\templates\index.html	1110	4	ok
src\dashboard\templates\index.html	1111	4	ok
src\dashboard\templates\index.html	1112	4	ok
src\dashboard\templates\index.html	1113	4	ok
src\dashboard\templates\index.html	1114	4	ok
src\dashboard\templates\index.html	1115	0	blank
src\dashboard\templates\index.html	1116	4	ok
src\dashboard\templates\index.html	1117	4	ok
src\dashboard\templates\index.html	1118	4	ok
src\dashboard\templates\index.html	1119	4	ok
src\dashboard\templates\index.html	1120	0	blank
src\dashboard\templates\index.html	1121	4	ok
src\dashboard\templates\index.html	1122	4	ok
src\dashboard\templates\index.html	1123	4	ok
src\dashboard\templates\index.html	1124	4	ok
src\dashboard\templates\index.html	1125	0	blank
src\dashboard\templates\index.html	1126	4	ok
src\dashboard\templates\index.html	1127	4	ok
src\dashboard\templates\index.html	1128	4	ok
src\dashboard\templates\index.html	1129	4	ok
src\dashboard\templates\index.html	1130	0	blank
src\dashboard\templates\index.html	1131	4	ok
src\dashboard\templates\index.html	1132	4	ok
src\dashboard\templates\index.html	1133	4	ok
src\dashboard\templates\index.html	1134	0	blank
src\dashboard\templates\index.html	1135	4	ok
src\dashboard\templates\index.html	1136	4	ok
src\dashboard\templates\index.html	1137	4	ok
src\dashboard\templates\index.html	1138	0	blank
src\dashboard\templates\index.html	1139	4	ok
src\dashboard\templates\index.html	1140	3	long_line
src\dashboard\templates\index.html	1141	4	ok
src\dashboard\templates\index.html	1142	0	blank
src\dashboard\templates\index.html	1143	4	ok
src\dashboard\templates\index.html	1144	4	comment
src\dashboard\templates\index.html	1145	4	ok
src\dashboard\templates\index.html	1146	4	ok
src\dashboard\templates\index.html	1147	4	ok
src\dashboard\templates\index.html	1148	4	ok
src\dashboard\templates\index.html	1149	0	blank
src\dashboard\templates\index.html	1150	4	comment
src\dashboard\templates\index.html	1151	4	ok
src\dashboard\templates\index.html	1152	4	ok
src\dashboard\templates\index.html	1153	4	ok
src\dashboard\templates\index.html	1154	0	blank
src\dashboard\templates\index.html	1155	4	ok
src\dashboard\templates\index.html	1156	4	ok
src\dashboard\templates\index.html	1157	4	ok
src\dashboard\templates\index.html	1158	4	ok
src\dashboard\templates\index.html	1159	4	ok
src\dashboard\templates\index.html	1160	0	blank
src\dashboard\templates\index.html	1161	4	comment
src\dashboard\templates\index.html	1162	4	ok
src\dashboard\templates\index.html	1163	4	ok
src\dashboard\templates\index.html	1164	4	ok
src\dashboard\templates\index.html	1165	4	ok
src\dashboard\templates\index.html	1166	4	ok
src\dashboard\templates\index.html	1167	0	blank
src\dashboard\templates\index.html	1168	4	ok
src\dashboard\templates\index.html	1169	4	ok
src\dashboard\templates\index.html	1170	4	ok
src\dashboard\templates\index.html	1171	3	long_line
src\dashboard\templates\index.html	1172	4	ok
src\dashboard\templates\index.html	1173	4	ok
src\dashboard\templates\index.html	1174	3	long_line
src\dashboard\templates\index.html	1175	4	ok
src\dashboard\templates\index.html	1176	4	ok
src\dashboard\templates\index.html	1177	0	blank
src\dashboard\templates\index.html	1178	4	comment
src\dashboard\templates\index.html	1179	4	ok
src\dashboard\templates\index.html	1180	4	ok
src\dashboard\templates\index.html	1181	4	ok
src\dashboard\templates\index.html	1182	4	ok
src\dashboard\templates\index.html	1183	0	blank
src\dashboard\templates\index.html	1184	4	ok
src\dashboard\templates\index.html	1185	4	ok
src\dashboard\templates\index.html	1186	0	blank
src\dashboard\templates\index.html	1187	4	comment
src\dashboard\templates\index.html	1188	4	ok
src\dashboard\templates\index.html	1189	0	blank
src\dashboard\templates\index.html	1190	4	ok
src\dashboard\templates\index.html	1191	3	long_line
src\dashboard\templates\index.html	1192	4	ok
src\dashboard\templates\index.html	1193	0	blank
src\dashboard\templates\index.html	1194	4	ok
src\dashboard\templates\index.html	1195	4	ok
src\dashboard\templates\index.html	1196	4	ok
src\dashboard\templates\index.html	1197	3	long_line
src\dashboard\templates\index.html	1198	4	ok
src\dashboard\templates\index.html	1199	3	long_line
src\dashboard\templates\index.html	1200	3	long_line
src\dashboard\templates\index.html	1201	4	ok
src\dashboard\templates\index.html	1202	3	long_line
src\dashboard\templates\index.html	1203	3	long_line
src\dashboard\templates\index.html	1204	3	long_line
src\dashboard\templates\index.html	1205	3	long_line
src\dashboard\templates\index.html	1206	3	long_line
src\dashboard\templates\index.html	1207	4	ok
src\dashboard\templates\index.html	1208	3	long_line
src\dashboard\templates\index.html	1209	4	ok
src\dashboard\templates\index.html	1210	4	ok
src\dashboard\templates\index.html	1211	4	ok
src\dashboard\templates\index.html	1212	4	ok
src\dashboard\templates\index.html	1213	0	blank
src\dashboard\templates\index.html	1214	4	ok
src\dashboard\templates\index.html	1215	0	blank
src\dashboard\templates\index.html	1216	4	comment
src\dashboard\templates\index.html	1217	4	ok
src\dashboard\templates\index.html	1218	4	ok
src\dashboard\templates\index.html	1219	4	ok
src\dashboard\templates\index.html	1220	4	ok
src\dashboard\templates\index.html	1221	0	blank
src\dashboard\templates\index.html	1222	4	comment
src\dashboard\templates\index.html	1223	4	ok
src\dashboard\templates\index.html	1224	4	ok
src\dashboard\templates\index.html	1225	4	ok
src\dashboard\templates\index.html	1226	4	ok
src\dashboard\templates\index.html	1227	4	ok
src\dashboard\templates\index.html	1228	4	ok
src\dashboard\templates\index.html	1229	4	ok
src\dashboard\templates\index.html	1230	4	ok
src\dashboard\templates\index.html	1231	4	ok
src\dashboard\templates\index.html	1232	4	ok
src\dashboard\templates\index.html	1233	4	ok
src\dashboard\templates\index.html	1234	4	ok
src\dashboard\templates\index.html	1235	4	ok
src\dashboard\templates\index.html	1236	3	long_line
src\dashboard\templates\index.html	1237	4	ok
src\dashboard\templates\index.html	1238	4	ok
src\dashboard\templates\index.html	1239	4	ok
src\dashboard\templates\index.html	1240	3	long_line
src\dashboard\templates\index.html	1241	4	ok
src\dashboard\templates\index.html	1242	4	ok
src\dashboard\templates\index.html	1243	4	ok
src\dashboard\templates\index.html	1244	4	ok
src\dashboard\templates\index.html	1245	4	ok
src\dashboard\templates\index.html	1246	4	ok
src\dashboard\templates\index.html	1247	4	ok
src\dashboard\templates\index.html	1248	4	ok
src\dashboard\templates\index.html	1249	4	ok
src\dashboard\templates\index.html	1250	4	ok
src\dashboard\templates\index.html	1251	4	ok
src\dashboard\templates\index.html	1252	4	ok
src\dashboard\templates\index.html	1253	4	ok
src\dashboard\templates\index.html	1254	4	ok
src\dashboard\templates\index.html	1255	4	ok
src\dashboard\templates\index.html	1256	4	ok
src\dashboard\templates\index.html	1257	4	ok
src\dashboard\templates\index.html	1258	4	ok
src\dashboard\templates\index.html	1259	4	ok
src\dashboard\templates\index.html	1260	4	ok
src\dashboard\templates\index.html	1261	4	ok
src\dashboard\templates\index.html	1262	4	ok
src\dashboard\templates\index.html	1263	4	ok
src\dashboard\templates\index.html	1264	4	ok
src\dashboard\templates\index.html	1265	4	ok
src\dashboard\templates\index.html	1266	4	ok
src\dashboard\templates\index.html	1267	4	ok
src\dashboard\templates\index.html	1268	0	blank
src\dashboard\templates\index.html	1269	4	comment
src\dashboard\templates\index.html	1270	4	ok
src\dashboard\templates\index.html	1271	4	ok
src\dashboard\templates\index.html	1272	4	ok
src\dashboard\templates\index.html	1273	4	ok
src\dashboard\templates\index.html	1274	4	ok
src\dashboard\templates\index.html	1275	4	ok
src\dashboard\templates\index.html	1276	4	ok
src\dashboard\templates\index.html	1277	4	ok
src\dashboard\templates\index.html	1278	0	blank
src\dashboard\templates\index.html	1279	4	comment
src\dashboard\templates\index.html	1280	4	ok
src\dashboard\templates\index.html	1281	4	ok
src\dashboard\templates\index.html	1282	4	ok
src\dashboard\templates\index.html	1283	4	ok
src\dashboard\templates\index.html	1284	4	ok
src\dashboard\templates\index.html	1285	4	ok
src\dashboard\templates\index.html	1286	4	ok
src\dashboard\templates\index.html	1287	4	ok
src\dashboard\templates\index.html	1288	4	ok
src\dashboard\templates\index.html	1289	4	ok
src\dashboard\templates\index.html	1290	4	ok
src\dashboard\templates\index.html	1291	3	long_line
src\dashboard\templates\index.html	1292	4	ok
src\dashboard\templates\index.html	1293	4	ok
src\dashboard\templates\index.html	1294	4	ok
src\dashboard\templates\index.html	1295	4	ok
src\dashboard\templates\index.html	1296	4	ok
src\dashboard\templates\index.html	1297	4	ok
src\dashboard\templates\index.html	1298	0	blank
src\dashboard\templates\index.html	1299	4	comment
src\dashboard\templates\index.html	1300	4	ok
src\dashboard\templates\index.html	1301	4	ok
src\dashboard\templates\index.html	1302	4	ok
src\dashboard\templates\index.html	1303	4	ok
src\dashboard\templates\index.html	1304	4	ok
src\dashboard\templates\index.html	1305	4	ok
src\dashboard\templates\index.html	1306	4	ok
src\dashboard\templates\index.html	1307	4	ok
src\dashboard\templates\index.html	1308	4	ok
src\dashboard\templates\index.html	1309	3	long_line
src\dashboard\templates\index.html	1310	4	ok
src\dashboard\templates\index.html	1311	3	long_line
src\dashboard\templates\index.html	1312	4	ok
src\dashboard\templates\index.html	1313	4	ok
src\dashboard\templates\index.html	1314	4	ok
src\dashboard\templates\index.html	1315	4	ok
src\dashboard\templates\index.html	1316	4	ok
src\dashboard\templates\index.html	1317	0	blank
src\dashboard\templates\index.html	1318	4	comment
src\dashboard\templates\index.html	1319	4	ok
src\dashboard\templates\index.html	1320	4	ok
src\dashboard\templates\index.html	1321	4	ok
src\dashboard\templates\index.html	1322	0	blank
src\dashboard\templates\index.html	1323	4	ok
src\dashboard\templates\index.html	1324	4	ok
src\dashboard\templates\index.html	1325	4	ok
src\dashboard\templates\index.html	1326	4	ok
src\dashboard\templates\index.html	1327	4	ok
src\dashboard\templates\index.html	1328	0	blank
src\dashboard\templates\index.html	1329	4	ok
src\dashboard\templates\index.html	1330	4	ok
src\dashboard\templates\index.html	1331	4	ok
src\dashboard\templates\index.html	1332	4	ok
src\dashboard\templates\index.html	1333	4	ok
src\dashboard\templates\index.html	1334	0	blank
src\dashboard\templates\index.html	1335	4	ok
src\dashboard\templates\index.html	1336	4	ok
src\dashboard\templates\index.html	1337	0	blank
src\dashboard\templates\index.html	1338	4	ok
src\dashboard\templates\index.html	1339	4	ok
src\dashboard\templates\index.html	1340	4	ok
src\dashboard\templates\index.html	1341	4	ok
src\dashboard\templates\index.html	1342	4	ok
src\dashboard\templates\index.html	1343	0	blank
src\dashboard\templates\index.html	1344	4	ok
src\dashboard\templates\index.html	1345	4	ok
src\dashboard\templates\index.html	1346	4	ok
src\dashboard\templates\index.html	1347	4	ok
src\dashboard\templates\index.html	1348	4	ok
src\dashboard\templates\index.html	1349	0	blank
src\dashboard\templates\index.html	1350	4	comment
src\dashboard\templates\index.html	1351	4	ok
src\dashboard\templates\index.html	1352	4	ok
src\dashboard\templates\index.html	1353	4	ok
src\dashboard\templates\index.html	1354	4	ok
src\dashboard\templates\index.html	1355	4	ok
src\dashboard\templates\index.html	1356	4	ok
src\dashboard\templates\index.html	1357	4	ok
src\dashboard\templates\index.html	1358	4	ok
src\dashboard\templates\index.html	1359	4	ok
src\dashboard\templates\index.html	1360	4	ok
src\dashboard\templates\index.html	1361	4	ok
src\dashboard\templates\index.html	1362	4	ok
src\dashboard\templates\index.html	1363	4	ok
src\dashboard\templates\index.html	1364	0	blank
src\dashboard\templates\index.html	1365	4	ok
src\dashboard\templates\index.html	1366	4	ok
src\dashboard\templates\index.html	1367	4	ok
src\dashboard\templates\index.html	1368	4	ok
src\dashboard\templates\index.html	1369	4	ok
src\dashboard\templates\index.html	1370	4	ok
src\dashboard\templates\index.html	1371	0	blank
src\dashboard\templates\index.html	1372	4	comment
src\dashboard\templates\index.html	1373	4	ok
src\dashboard\templates\index.html	1374	4	ok
src\dashboard\templates\index.html	1375	4	ok
src\dashboard\templates\index.html	1376	4	ok
src\dashboard\templates\index.html	1377	0	blank
src\dashboard\templates\index.html	1378	4	comment
src\dashboard\templates\index.html	1379	4	ok
src\dashboard\templates\index.html	1380	4	ok
src\dashboard\templates\index.html	1381	4	ok
src\dashboard\templates\index.html	1382	4	ok
src\dashboard\templates\index.html	1383	4	ok
src\dashboard\templates\index.html	1384	4	ok
src\dashboard\templates\index.html	1385	4	ok
src\dashboard\templates\index.html	1386	4	ok
src\dashboard\templates\index.html	1387	4	ok
src\dashboard\templates\index.html	1388	4	ok
src\dashboard\templates\index.html	1389	4	ok
src\dashboard\templates\index.html	1390	4	ok
src\dashboard\templates\index.html	1391	4	ok
src\dashboard\templates\index.html	1392	4	ok
src\dashboard\templates\index.html	1393	4	ok
src\dashboard\templates\index.html	1394	4	ok
src\dashboard\templates\index.html	1395	4	ok
src\dashboard\templates\index.html	1396	4	ok
src\dashboard\templates\index.html	1397	0	blank
src\dashboard\templates\index.html	1398	4	comment
src\dashboard\templates\index.html	1399	4	ok
src\dashboard\templates\index.html	1400	4	ok
src\dashboard\templates\index.html	1401	4	ok
src\dashboard\templates\index.html	1402	4	ok
src\dashboard\templates\index.html	1403	4	ok
src\dashboard\templates\index.html	1404	4	ok
src\dashboard\templates\index.html	1405	4	ok
src\dashboard\templates\index.html	1406	4	ok
src\dashboard\templates\index.html	1407	0	blank
src\dashboard\templates\index.html	1408	4	ok
src\data\__init__.py	1	4	docstring
src\data\__init__.py	2	4	docstring
src\data\__init__.py	3	4	docstring
src\data\__init__.py	4	4	docstring
src\data\historical_fetcher.py	1	4	docstring
src\data\historical_fetcher.py	2	4	docstring
src\data\historical_fetcher.py	3	4	docstring
src\data\historical_fetcher.py	4	0	blank
src\data\historical_fetcher.py	5	4	docstring
src\data\historical_fetcher.py	6	4	docstring
src\data\historical_fetcher.py	7	4	docstring
src\data\historical_fetcher.py	8	4	docstring
src\data\historical_fetcher.py	9	4	docstring
src\data\historical_fetcher.py	10	0	blank
src\data\historical_fetcher.py	11	4	ok
src\data\historical_fetcher.py	12	4	ok
src\data\historical_fetcher.py	13	4	ok
src\data\historical_fetcher.py	14	4	ok
src\data\historical_fetcher.py	15	4	ok
src\data\historical_fetcher.py	16	0	blank
src\data\historical_fetcher.py	17	4	ok
src\data\historical_fetcher.py	18	4	ok
src\data\historical_fetcher.py	19	4	ok
src\data\historical_fetcher.py	20	0	blank
src\data\historical_fetcher.py	21	0	blank
src\data\historical_fetcher.py	22	4	ok
src\data\historical_fetcher.py	23	0	blank
src\data\historical_fetcher.py	24	0	blank
src\data\historical_fetcher.py	25	4	ok
src\data\historical_fetcher.py	26	4	docstring
src\data\historical_fetcher.py	27	4	docstring
src\data\historical_fetcher.py	28	4	docstring
src\data\historical_fetcher.py	29	4	docstring
src\data\historical_fetcher.py	30	0	blank
src\data\historical_fetcher.py	31	4	ok
src\data\historical_fetcher.py	32	0	blank
src\data\historical_fetcher.py	33	4	comment
src\data\historical_fetcher.py	34	4	ok
src\data\historical_fetcher.py	35	4	ok
src\data\historical_fetcher.py	36	4	ok
src\data\historical_fetcher.py	37	4	ok
src\data\historical_fetcher.py	38	4	ok
src\data\historical_fetcher.py	39	4	ok
src\data\historical_fetcher.py	40	4	ok
src\data\historical_fetcher.py	41	4	ok
src\data\historical_fetcher.py	42	4	ok
src\data\historical_fetcher.py	43	0	blank
src\data\historical_fetcher.py	44	4	comment
src\data\historical_fetcher.py	45	4	ok
src\data\historical_fetcher.py	46	0	blank
src\data\historical_fetcher.py	47	5	typed_signature
src\data\historical_fetcher.py	48	4	ok
src\data\historical_fetcher.py	49	4	ok
src\data\historical_fetcher.py	50	0	blank
src\data\historical_fetcher.py	51	4	ok
src\data\historical_fetcher.py	52	4	ok
src\data\historical_fetcher.py	53	4	ok
src\data\historical_fetcher.py	54	4	ok
src\data\historical_fetcher.py	55	4	ok
src\data\historical_fetcher.py	56	4	ok
src\data\historical_fetcher.py	57	4	ok
src\data\historical_fetcher.py	58	4	ok
src\data\historical_fetcher.py	59	4	docstring
src\data\historical_fetcher.py	60	4	docstring
src\data\historical_fetcher.py	61	0	blank
src\data\historical_fetcher.py	62	4	docstring
src\data\historical_fetcher.py	63	4	docstring
src\data\historical_fetcher.py	64	4	docstring
src\data\historical_fetcher.py	65	4	docstring
src\data\historical_fetcher.py	66	4	docstring
src\data\historical_fetcher.py	67	4	docstring
src\data\historical_fetcher.py	68	0	blank
src\data\historical_fetcher.py	69	4	docstring
src\data\historical_fetcher.py	70	4	docstring
src\data\historical_fetcher.py	71	4	docstring
src\data\historical_fetcher.py	72	4	ok
src\data\historical_fetcher.py	73	4	ok
src\data\historical_fetcher.py	74	0	blank
src\data\historical_fetcher.py	75	4	ok
src\data\historical_fetcher.py	76	4	ok
src\data\historical_fetcher.py	77	4	ok
src\data\historical_fetcher.py	78	4	ok
src\data\historical_fetcher.py	79	4	ok
src\data\historical_fetcher.py	80	0	blank
src\data\historical_fetcher.py	81	4	ok
src\data\historical_fetcher.py	82	4	ok
src\data\historical_fetcher.py	83	4	ok
src\data\historical_fetcher.py	84	4	ok
src\data\historical_fetcher.py	85	0	blank
src\data\historical_fetcher.py	86	4	ok
src\data\historical_fetcher.py	87	4	ok
src\data\historical_fetcher.py	88	4	ok
src\data\historical_fetcher.py	89	4	ok
src\data\historical_fetcher.py	90	4	ok
src\data\historical_fetcher.py	91	4	ok
src\data\historical_fetcher.py	92	4	ok
src\data\historical_fetcher.py	93	4	ok
src\data\historical_fetcher.py	94	4	ok
src\data\historical_fetcher.py	95	0	blank
src\data\historical_fetcher.py	96	4	ok
src\data\historical_fetcher.py	97	0	blank
src\data\historical_fetcher.py	98	4	ok
src\data\historical_fetcher.py	99	4	ok
src\data\historical_fetcher.py	100	4	ok
src\data\historical_fetcher.py	101	0	blank
src\data\historical_fetcher.py	102	4	ok
src\data\historical_fetcher.py	103	4	ok
src\data\historical_fetcher.py	104	4	ok
src\data\historical_fetcher.py	105	4	ok
src\data\historical_fetcher.py	106	4	ok
src\data\historical_fetcher.py	107	4	ok
src\data\historical_fetcher.py	108	4	ok
src\data\historical_fetcher.py	109	4	docstring
src\data\historical_fetcher.py	110	4	docstring
src\data\historical_fetcher.py	111	4	docstring
src\data\historical_fetcher.py	112	4	ok
src\data\historical_fetcher.py	113	4	ok
src\data\historical_fetcher.py	114	0	blank
src\data\historical_fetcher.py	115	4	ok
src\data\historical_fetcher.py	116	4	ok
src\data\historical_fetcher.py	117	4	ok
src\data\historical_fetcher.py	118	4	ok
src\data\historical_fetcher.py	119	4	ok
src\data\historical_fetcher.py	120	4	ok
src\data\historical_fetcher.py	121	4	ok
src\data\historical_fetcher.py	122	4	ok
src\data\historical_fetcher.py	123	0	blank
src\data\historical_fetcher.py	124	4	ok
src\data\historical_fetcher.py	125	4	ok
src\data\historical_fetcher.py	126	0	blank
src\data\historical_fetcher.py	127	4	ok
src\data\historical_fetcher.py	128	0	blank
src\data\historical_fetcher.py	129	4	comment
src\data\historical_fetcher.py	130	4	ok
src\data\historical_fetcher.py	131	4	ok
src\data\historical_fetcher.py	132	0	blank
src\data\historical_fetcher.py	133	4	comment
src\data\historical_fetcher.py	134	4	ok
src\data\historical_fetcher.py	135	0	blank
src\data\historical_fetcher.py	136	4	ok
src\data\historical_fetcher.py	137	4	ok
src\data\historical_fetcher.py	138	0	blank
src\data\historical_fetcher.py	139	4	ok
src\data\historical_fetcher.py	140	4	ok
src\data\historical_fetcher.py	141	0	blank
src\data\historical_fetcher.py	142	5	typed_signature
src\data\historical_fetcher.py	143	4	docstring
src\data\historical_fetcher.py	144	4	ok
src\data\historical_fetcher.py	145	4	ok
src\data\historical_fetcher.py	146	0	blank
src\data\historical_fetcher.py	147	4	ok
src\data\historical_fetcher.py	148	4	ok
src\data\historical_fetcher.py	149	4	ok
src\data\historical_fetcher.py	150	4	ok
src\data\historical_fetcher.py	151	4	ok
src\data\historical_fetcher.py	152	0	blank
src\data\historical_fetcher.py	153	4	comment
src\data\historical_fetcher.py	154	4	ok
src\data\historical_fetcher.py	155	4	ok
src\data\historical_fetcher.py	156	4	ok
src\data\historical_fetcher.py	157	0	blank
src\data\historical_fetcher.py	158	4	comment
src\data\historical_fetcher.py	159	4	ok
src\data\historical_fetcher.py	160	4	ok
src\data\historical_fetcher.py	161	4	ok
src\data\historical_fetcher.py	162	0	blank
src\data\historical_fetcher.py	163	4	ok
src\data\historical_fetcher.py	164	0	blank
src\data\historical_fetcher.py	165	5	typed_signature
src\data\historical_fetcher.py	166	4	docstring
src\data\historical_fetcher.py	167	4	ok
src\data\historical_fetcher.py	168	4	ok
src\data\historical_fetcher.py	169	4	ok
src\data\historical_fetcher.py	170	4	ok
src\data\historical_fetcher.py	171	0	blank
src\data\historical_fetcher.py	172	4	ok
src\data\historical_fetcher.py	173	4	ok
src\data\historical_fetcher.py	174	4	ok
src\data\historical_fetcher.py	175	4	ok
src\data\historical_fetcher.py	176	4	ok
src\data\historical_fetcher.py	177	4	docstring
src\data\historical_fetcher.py	178	4	ok
src\data\historical_fetcher.py	179	4	ok
src\data\historical_fetcher.py	180	0	blank
src\data\historical_fetcher.py	181	4	ok
src\data\historical_fetcher.py	182	4	ok
src\data\historical_fetcher.py	183	4	ok
src\data\historical_fetcher.py	184	4	ok
src\data\historical_fetcher.py	185	0	blank
src\data\historical_fetcher.py	186	4	ok
src\data\historical_fetcher.py	187	0	blank
src\data\historical_fetcher.py	188	4	ok
src\data\historical_fetcher.py	189	4	ok
src\data\historical_fetcher.py	190	4	ok
src\data\historical_fetcher.py	191	4	ok
src\data\historical_fetcher.py	192	4	ok
src\data\historical_fetcher.py	193	4	ok
src\data\historical_fetcher.py	194	4	ok
src\data\historical_fetcher.py	195	4	ok
src\data\historical_fetcher.py	196	4	docstring
src\data\historical_fetcher.py	197	4	ok
src\data\historical_fetcher.py	198	0	blank
src\data\historical_fetcher.py	199	4	comment
src\data\historical_fetcher.py	200	4	ok
src\data\historical_fetcher.py	201	4	ok
src\data\historical_fetcher.py	202	4	ok
src\data\historical_fetcher.py	203	4	comment
src\data\historical_fetcher.py	204	4	ok
src\data\historical_fetcher.py	205	4	ok
src\data\historical_fetcher.py	206	4	ok
src\data\historical_fetcher.py	207	4	ok
src\data\historical_fetcher.py	208	0	blank
src\data\historical_fetcher.py	209	4	comment
src\data\historical_fetcher.py	210	4	ok
src\data\historical_fetcher.py	211	0	blank
src\data\historical_fetcher.py	212	4	ok
src\data\historical_fetcher.py	213	4	ok
src\data\historical_fetcher.py	214	0	blank
src\data\historical_fetcher.py	215	4	ok
src\data\historical_fetcher.py	216	0	blank
src\data\historical_fetcher.py	217	0	blank
src\data\historical_fetcher.py	218	4	ok
src\data\historical_fetcher.py	219	4	docstring
src\data\historical_fetcher.py	220	4	docstring
src\data\historical_fetcher.py	221	4	docstring
src\data\historical_fetcher.py	222	4	docstring
src\data\historical_fetcher.py	223	0	blank
src\data\historical_fetcher.py	224	4	ok
src\data\historical_fetcher.py	225	4	ok
src\data\historical_fetcher.py	226	4	ok
src\data\historical_fetcher.py	227	4	ok
src\data\historical_fetcher.py	228	4	ok
src\data\historical_fetcher.py	229	4	ok
src\data\historical_fetcher.py	230	4	ok
src\data\historical_fetcher.py	231	4	ok
src\data\historical_fetcher.py	232	0	blank
src\data\historical_fetcher.py	233	4	ok
src\data\historical_fetcher.py	234	4	ok
src\data\historical_fetcher.py	235	4	ok
src\data\historical_fetcher.py	236	4	ok
src\data\historical_fetcher.py	237	4	ok
src\data\historical_fetcher.py	238	4	ok
src\data\historical_fetcher.py	239	4	docstring
src\data\historical_fetcher.py	240	4	docstring
src\data\historical_fetcher.py	241	0	blank
src\data\historical_fetcher.py	242	4	docstring
src\data\historical_fetcher.py	243	4	docstring
src\data\historical_fetcher.py	244	4	docstring
src\data\historical_fetcher.py	245	4	docstring
src\data\historical_fetcher.py	246	4	docstring
src\data\historical_fetcher.py	247	4	ok
src\data\historical_fetcher.py	248	4	ok
src\data\historical_fetcher.py	249	0	blank
src\data\historical_fetcher.py	250	4	ok
src\data\historical_fetcher.py	251	4	ok
src\data\historical_fetcher.py	252	0	blank
src\data\historical_fetcher.py	253	4	ok
src\data\historical_fetcher.py	254	4	ok
src\data\historical_fetcher.py	255	4	ok
src\data\historical_fetcher.py	256	0	blank
src\data\historical_fetcher.py	257	4	ok
src\data\historical_fetcher.py	258	0	blank
src\data\historical_fetcher.py	259	4	comment
src\data\historical_fetcher.py	260	4	ok
src\data\historical_fetcher.py	261	4	ok
src\data\historical_fetcher.py	262	4	ok
src\data\historical_fetcher.py	263	4	ok
src\data\historical_fetcher.py	264	4	ok
src\data\historical_fetcher.py	265	4	ok
src\data\historical_fetcher.py	266	4	ok
src\data\historical_fetcher.py	267	0	blank
src\data\historical_fetcher.py	268	4	ok
src\data\historical_fetcher.py	269	4	ok
src\data\historical_fetcher.py	270	0	blank
src\data\historical_fetcher.py	271	4	ok
src\data\historical_fetcher.py	272	4	ok
src\data\historical_fetcher.py	273	4	ok
src\data\historical_fetcher.py	274	0	blank
src\data\historical_fetcher.py	275	0	blank
src\data\historical_fetcher.py	276	4	ok
src\data\historical_fetcher.py	277	4	docstring
src\data\historical_fetcher.py	278	4	docstring
src\data\historical_fetcher.py	279	4	docstring
src\data\historical_fetcher.py	280	0	blank
src\data\historical_fetcher.py	281	5	typed_signature
src\data\historical_fetcher.py	282	4	ok
src\data\historical_fetcher.py	283	4	ok
src\data\historical_fetcher.py	284	0	blank
src\data\historical_fetcher.py	285	4	ok
src\data\historical_fetcher.py	286	4	ok
src\data\historical_fetcher.py	287	4	ok
src\data\historical_fetcher.py	288	4	ok
src\data\historical_fetcher.py	289	4	ok
src\data\historical_fetcher.py	290	4	ok
src\data\historical_fetcher.py	291	4	ok
src\data\historical_fetcher.py	292	4	docstring
src\data\historical_fetcher.py	293	4	docstring
src\data\historical_fetcher.py	294	0	blank
src\data\historical_fetcher.py	295	4	docstring
src\data\historical_fetcher.py	296	4	docstring
src\data\historical_fetcher.py	297	4	docstring
src\data\historical_fetcher.py	298	4	docstring
src\data\historical_fetcher.py	299	4	docstring
src\data\historical_fetcher.py	300	4	docstring
src\data\historical_fetcher.py	301	4	ok
src\data\historical_fetcher.py	302	4	ok
src\data\historical_fetcher.py	303	0	blank
src\data\historical_fetcher.py	304	4	comment
src\data\historical_fetcher.py	305	4	ok
src\data\historical_fetcher.py	306	4	ok
src\data\historical_fetcher.py	307	4	ok
src\data\historical_fetcher.py	308	4	ok
src\data\historical_fetcher.py	309	4	ok
src\data\historical_fetcher.py	310	4	ok
src\data\historical_fetcher.py	311	0	blank
src\data\historical_fetcher.py	312	4	ok
src\data\historical_fetcher.py	313	4	ok
src\data\historical_fetcher.py	314	4	ok
src\data\historical_fetcher.py	315	4	ok
src\data\historical_fetcher.py	316	4	ok
src\data\historical_fetcher.py	317	4	comment
src\data\historical_fetcher.py	318	4	ok
src\data\historical_fetcher.py	319	4	ok
src\data\historical_fetcher.py	320	4	ok
src\data\historical_fetcher.py	321	4	ok
src\data\historical_fetcher.py	322	4	ok
src\data\historical_fetcher.py	323	4	ok
src\data\historical_fetcher.py	324	4	ok
src\data\historical_fetcher.py	325	4	ok
src\data\historical_fetcher.py	326	4	ok
src\data\historical_fetcher.py	327	0	blank
src\data\historical_fetcher.py	328	0	blank
src\data\historical_fetcher.py	329	4	ok
src\data\historical_fetcher.py	330	4	docstring
src\data\historical_fetcher.py	331	4	ok
src\data\historical_fetcher.py	332	0	blank
src\data\historical_fetcher.py	333	4	ok
src\data\historical_fetcher.py	334	4	ok
src\data\historical_fetcher.py	335	0	blank
src\data\historical_fetcher.py	336	4	ok
src\data\historical_fetcher.py	337	3	print
src\data\historical_fetcher.py	338	3	print
src\data\historical_fetcher.py	339	3	print
src\data\historical_fetcher.py	340	3	print
src\data\historical_fetcher.py	341	3	print
src\data\historical_fetcher.py	342	3	print
src\data\historical_fetcher.py	343	3	print
src\data\historical_fetcher.py	344	3	print
src\data\historical_fetcher.py	345	4	ok
src\data\historical_fetcher.py	346	3	print
src\data\historical_fetcher.py	347	0	blank
src\data\historical_fetcher.py	348	0	blank
src\data\historical_fetcher.py	349	4	ok
src\data\historical_fetcher.py	350	4	ok
src\data\news_fetcher.py	1	4	docstring
src\data\news_fetcher.py	2	4	docstring
src\data\news_fetcher.py	3	4	docstring
src\data\news_fetcher.py	4	0	blank
src\data\news_fetcher.py	5	4	docstring
src\data\news_fetcher.py	6	4	docstring
src\data\news_fetcher.py	7	4	docstring
src\data\news_fetcher.py	8	4	docstring
src\data\news_fetcher.py	9	4	docstring
src\data\news_fetcher.py	10	0	blank
src\data\news_fetcher.py	11	4	ok
src\data\news_fetcher.py	12	4	ok
src\data\news_fetcher.py	13	4	ok
src\data\news_fetcher.py	14	4	ok
src\data\news_fetcher.py	15	4	ok
src\data\news_fetcher.py	16	4	ok
src\data\news_fetcher.py	17	0	blank
src\data\news_fetcher.py	18	4	ok
src\data\news_fetcher.py	19	4	ok
src\data\news_fetcher.py	20	0	blank
src\data\news_fetcher.py	21	0	blank
src\data\news_fetcher.py	22	4	ok
src\data\news_fetcher.py	23	4	ok
src\data\news_fetcher.py	24	4	docstring
src\data\news_fetcher.py	25	4	ok
src\data\news_fetcher.py	26	4	ok
src\data\news_fetcher.py	27	4	ok
src\data\news_fetcher.py	28	4	ok
src\data\news_fetcher.py	29	4	ok
src\data\news_fetcher.py	30	4	ok
src\data\news_fetcher.py	31	4	ok
src\data\news_fetcher.py	32	4	ok
src\data\news_fetcher.py	33	0	blank
src\data\news_fetcher.py	34	0	blank
src\data\news_fetcher.py	35	4	ok
src\data\news_fetcher.py	36	4	docstring
src\data\news_fetcher.py	37	4	docstring
src\data\news_fetcher.py	38	4	docstring
src\data\news_fetcher.py	39	4	docstring
src\data\news_fetcher.py	40	0	blank
src\data\news_fetcher.py	41	4	ok
src\data\news_fetcher.py	42	0	blank
src\data\news_fetcher.py	43	5	typed_signature
src\data\news_fetcher.py	44	4	ok
src\data\news_fetcher.py	45	0	blank
src\data\news_fetcher.py	46	4	ok
src\data\news_fetcher.py	47	4	ok
src\data\news_fetcher.py	48	4	ok
src\data\news_fetcher.py	49	4	ok
src\data\news_fetcher.py	50	4	ok
src\data\news_fetcher.py	51	4	ok
src\data\news_fetcher.py	52	4	docstring
src\data\news_fetcher.py	53	4	ok
src\data\news_fetcher.py	54	4	ok
src\data\news_fetcher.py	55	4	ok
src\data\news_fetcher.py	56	0	blank
src\data\news_fetcher.py	57	4	ok
src\data\news_fetcher.py	58	4	ok
src\data\news_fetcher.py	59	4	ok
src\data\news_fetcher.py	60	4	ok
src\data\news_fetcher.py	61	0	blank
src\data\news_fetcher.py	62	4	ok
src\data\news_fetcher.py	63	4	ok
src\data\news_fetcher.py	64	0	blank
src\data\news_fetcher.py	65	4	ok
src\data\news_fetcher.py	66	4	ok
src\data\news_fetcher.py	67	4	ok
src\data\news_fetcher.py	68	4	ok
src\data\news_fetcher.py	69	4	ok
src\data\news_fetcher.py	70	4	ok
src\data\news_fetcher.py	71	4	ok
src\data\news_fetcher.py	72	4	ok
src\data\news_fetcher.py	73	4	ok
src\data\news_fetcher.py	74	0	blank
src\data\news_fetcher.py	75	4	ok
src\data\news_fetcher.py	76	4	ok
src\data\news_fetcher.py	77	4	ok
src\data\news_fetcher.py	78	4	ok
src\data\news_fetcher.py	79	4	ok
src\data\news_fetcher.py	80	4	ok
src\data\news_fetcher.py	81	4	ok
src\data\news_fetcher.py	82	4	ok
src\data\news_fetcher.py	83	4	ok
src\data\news_fetcher.py	84	4	ok
src\data\news_fetcher.py	85	4	ok
src\data\news_fetcher.py	86	4	ok
src\data\news_fetcher.py	87	4	ok
src\data\news_fetcher.py	88	4	ok
src\data\news_fetcher.py	89	0	blank
src\data\news_fetcher.py	90	4	ok
src\data\news_fetcher.py	91	0	blank
src\data\news_fetcher.py	92	4	ok
src\data\news_fetcher.py	93	4	ok
src\data\news_fetcher.py	94	4	ok
src\data\news_fetcher.py	95	0	blank
src\data\news_fetcher.py	96	0	blank
src\data\news_fetcher.py	97	4	ok
src\data\news_fetcher.py	98	4	docstring
src\data\news_fetcher.py	99	4	docstring
src\data\news_fetcher.py	100	4	docstring
src\data\news_fetcher.py	101	4	docstring
src\data\news_fetcher.py	102	0	blank
src\data\news_fetcher.py	103	4	ok
src\data\news_fetcher.py	104	0	blank
src\data\news_fetcher.py	105	5	typed_signature
src\data\news_fetcher.py	106	4	ok
src\data\news_fetcher.py	107	0	blank
src\data\news_fetcher.py	108	4	ok
src\data\news_fetcher.py	109	4	ok
src\data\news_fetcher.py	110	4	ok
src\data\news_fetcher.py	111	4	ok
src\data\news_fetcher.py	112	4	ok
src\data\news_fetcher.py	113	4	ok
src\data\news_fetcher.py	114	4	docstring
src\data\news_fetcher.py	115	4	docstring
src\data\news_fetcher.py	116	0	blank
src\data\news_fetcher.py	117	4	docstring
src\data\news_fetcher.py	118	4	docstring
src\data\news_fetcher.py	119	4	docstring
src\data\news_fetcher.py	120	4	docstring
src\data\news_fetcher.py	121	4	ok
src\data\news_fetcher.py	122	4	ok
src\data\news_fetcher.py	123	4	ok
src\data\news_fetcher.py	124	0	blank
src\data\news_fetcher.py	125	4	ok
src\data\news_fetcher.py	126	4	ok
src\data\news_fetcher.py	127	4	ok
src\data\news_fetcher.py	128	4	ok
src\data\news_fetcher.py	129	4	ok
src\data\news_fetcher.py	130	0	blank
src\data\news_fetcher.py	131	4	ok
src\data\news_fetcher.py	132	4	ok
src\data\news_fetcher.py	133	4	ok
src\data\news_fetcher.py	134	4	ok
src\data\news_fetcher.py	135	0	blank
src\data\news_fetcher.py	136	4	ok
src\data\news_fetcher.py	137	4	ok
src\data\news_fetcher.py	138	4	ok
src\data\news_fetcher.py	139	4	ok
src\data\news_fetcher.py	140	4	ok
src\data\news_fetcher.py	141	4	ok
src\data\news_fetcher.py	142	4	ok
src\data\news_fetcher.py	143	4	ok
src\data\news_fetcher.py	144	4	ok
src\data\news_fetcher.py	145	0	blank
src\data\news_fetcher.py	146	4	ok
src\data\news_fetcher.py	147	4	ok
src\data\news_fetcher.py	148	4	comment
src\data\news_fetcher.py	149	4	ok
src\data\news_fetcher.py	150	4	ok
src\data\news_fetcher.py	151	4	ok
src\data\news_fetcher.py	152	4	ok
src\data\news_fetcher.py	153	4	ok
src\data\news_fetcher.py	154	4	ok
src\data\news_fetcher.py	155	4	ok
src\data\news_fetcher.py	156	0	blank
src\data\news_fetcher.py	157	4	ok
src\data\news_fetcher.py	158	4	ok
src\data\news_fetcher.py	159	4	ok
src\data\news_fetcher.py	160	4	ok
src\data\news_fetcher.py	161	4	ok
src\data\news_fetcher.py	162	4	ok
src\data\news_fetcher.py	163	4	ok
src\data\news_fetcher.py	164	4	ok
src\data\news_fetcher.py	165	4	ok
src\data\news_fetcher.py	166	4	ok
src\data\news_fetcher.py	167	4	ok
src\data\news_fetcher.py	168	4	ok
src\data\news_fetcher.py	169	4	ok
src\data\news_fetcher.py	170	0	blank
src\data\news_fetcher.py	171	4	ok
src\data\news_fetcher.py	172	0	blank
src\data\news_fetcher.py	173	4	ok
src\data\news_fetcher.py	174	4	ok
src\data\news_fetcher.py	175	4	ok
src\data\news_fetcher.py	176	0	blank
src\data\news_fetcher.py	177	0	blank
src\data\news_fetcher.py	178	4	ok
src\data\news_fetcher.py	179	4	docstring
src\data\news_fetcher.py	180	4	docstring
src\data\news_fetcher.py	181	4	docstring
src\data\news_fetcher.py	182	4	docstring
src\data\news_fetcher.py	183	0	blank
src\data\news_fetcher.py	184	4	ok
src\data\news_fetcher.py	185	4	ok
src\data\news_fetcher.py	186	4	ok
src\data\news_fetcher.py	187	4	ok
src\data\news_fetcher.py	188	4	ok
src\data\news_fetcher.py	189	4	ok
src\data\news_fetcher.py	190	0	blank
src\data\news_fetcher.py	191	5	typed_signature
src\data\news_fetcher.py	192	4	ok
src\data\news_fetcher.py	193	0	blank
src\data\news_fetcher.py	194	4	ok
src\data\news_fetcher.py	195	4	docstring
src\data\news_fetcher.py	196	4	ok
src\data\news_fetcher.py	197	4	ok
src\data\news_fetcher.py	198	4	ok
src\data\news_fetcher.py	199	4	ok
src\data\news_fetcher.py	200	4	ok
src\data\news_fetcher.py	201	0	blank
src\data\news_fetcher.py	202	4	ok
src\data\news_fetcher.py	203	0	blank
src\data\news_fetcher.py	204	4	ok
src\data\news_fetcher.py	205	4	ok
src\data\news_fetcher.py	206	4	ok
src\data\news_fetcher.py	207	4	ok
src\data\news_fetcher.py	208	4	ok
src\data\news_fetcher.py	209	0	blank
src\data\news_fetcher.py	210	4	ok
src\data\news_fetcher.py	211	4	ok
src\data\news_fetcher.py	212	0	blank
src\data\news_fetcher.py	213	4	ok
src\data\news_fetcher.py	214	4	ok
src\data\news_fetcher.py	215	0	blank
src\data\news_fetcher.py	216	4	comment
src\data\news_fetcher.py	217	4	ok
src\data\news_fetcher.py	218	4	ok
src\data\news_fetcher.py	219	0	blank
src\data\news_fetcher.py	220	5	typed_signature
src\data\news_fetcher.py	221	4	docstring
src\data\news_fetcher.py	222	4	ok
src\data\news_fetcher.py	223	0	blank
src\data\news_fetcher.py	224	4	ok
src\data\news_fetcher.py	225	4	ok
src\data\news_fetcher.py	226	0	blank
src\data\news_fetcher.py	227	4	comment
src\data\news_fetcher.py	228	4	ok
src\data\news_fetcher.py	229	0	blank
src\data\news_fetcher.py	230	4	ok
src\data\news_fetcher.py	231	4	ok
src\data\news_fetcher.py	232	4	ok
src\data\news_fetcher.py	233	4	ok
src\data\news_fetcher.py	234	4	ok
src\data\news_fetcher.py	235	4	ok
src\data\news_fetcher.py	236	4	ok
src\data\news_fetcher.py	237	0	blank
src\data\news_fetcher.py	238	4	ok
src\data\news_fetcher.py	239	4	ok
src\data\news_fetcher.py	240	0	blank
src\data\news_fetcher.py	241	4	comment
src\data\news_fetcher.py	242	4	ok
src\data\news_fetcher.py	243	4	ok
src\data\news_fetcher.py	244	4	comment
src\data\news_fetcher.py	245	4	ok
src\data\news_fetcher.py	246	4	ok
src\data\news_fetcher.py	247	4	ok
src\data\news_fetcher.py	248	4	ok
src\data\news_fetcher.py	249	4	ok
src\data\news_fetcher.py	250	4	ok
src\data\news_fetcher.py	251	4	ok
src\data\news_fetcher.py	252	4	ok
src\data\news_fetcher.py	253	4	ok
src\data\news_fetcher.py	254	4	ok
src\data\news_fetcher.py	255	4	ok
src\data\news_fetcher.py	256	4	ok
src\data\news_fetcher.py	257	4	ok
src\data\news_fetcher.py	258	4	ok
src\data\news_fetcher.py	259	4	ok
src\data\news_fetcher.py	260	4	ok
src\data\news_fetcher.py	261	0	blank
src\data\news_fetcher.py	262	4	ok
src\data\news_fetcher.py	263	4	ok
src\data\news_fetcher.py	264	4	ok
src\data\news_fetcher.py	265	4	ok
src\data\news_fetcher.py	266	4	ok
src\data\news_fetcher.py	267	4	ok
src\data\news_fetcher.py	268	4	ok
src\data\news_fetcher.py	269	4	ok
src\data\news_fetcher.py	270	0	blank
src\data\news_fetcher.py	271	4	ok
src\data\news_fetcher.py	272	4	ok
src\data\news_fetcher.py	273	0	blank
src\data\news_fetcher.py	274	4	ok
src\data\news_fetcher.py	275	0	blank
src\data\news_fetcher.py	276	0	blank
src\data\news_fetcher.py	277	4	ok
src\data\news_fetcher.py	278	4	docstring
src\data\news_fetcher.py	279	4	docstring
src\data\news_fetcher.py	280	4	docstring
src\data\news_fetcher.py	281	0	blank
src\data\news_fetcher.py	282	4	ok
src\data\news_fetcher.py	283	4	ok
src\data\news_fetcher.py	284	4	ok
src\data\news_fetcher.py	285	4	ok
src\data\news_fetcher.py	286	0	blank
src\data\news_fetcher.py	287	4	ok
src\data\news_fetcher.py	288	4	ok
src\data\news_fetcher.py	289	4	ok
src\data\news_fetcher.py	290	4	ok
src\data\news_fetcher.py	291	4	ok
src\data\news_fetcher.py	292	4	docstring
src\data\news_fetcher.py	293	4	docstring
src\data\news_fetcher.py	294	0	blank
src\data\news_fetcher.py	295	4	docstring
src\data\news_fetcher.py	296	4	docstring
src\data\news_fetcher.py	297	4	docstring
src\data\news_fetcher.py	298	4	docstring
src\data\news_fetcher.py	299	4	comment
src\data\news_fetcher.py	300	4	ok
src\data\news_fetcher.py	301	4	ok
src\data\news_fetcher.py	302	4	ok
src\data\news_fetcher.py	303	0	blank
src\data\news_fetcher.py	304	4	comment
src\data\news_fetcher.py	305	4	ok
src\data\news_fetcher.py	306	4	ok
src\data\news_fetcher.py	307	4	ok
src\data\news_fetcher.py	308	4	ok
src\data\news_fetcher.py	309	4	ok
src\data\news_fetcher.py	310	4	ok
src\data\news_fetcher.py	311	4	ok
src\data\news_fetcher.py	312	4	ok
src\data\news_fetcher.py	313	4	ok
src\data\news_fetcher.py	314	0	blank
src\data\news_fetcher.py	315	4	ok
src\data\news_fetcher.py	316	0	blank
src\data\news_fetcher.py	317	4	comment
src\data\news_fetcher.py	318	4	ok
src\data\news_fetcher.py	319	4	ok
src\data\news_fetcher.py	320	4	ok
src\data\news_fetcher.py	321	4	ok
src\data\news_fetcher.py	322	4	ok
src\data\news_fetcher.py	323	4	ok
src\data\news_fetcher.py	324	0	blank
src\data\news_fetcher.py	325	4	comment
src\data\news_fetcher.py	326	4	ok
src\data\news_fetcher.py	327	4	ok
src\data\news_fetcher.py	328	4	ok
src\data\news_fetcher.py	329	4	ok
src\data\news_fetcher.py	330	4	ok
src\data\news_fetcher.py	331	4	ok
src\data\news_fetcher.py	332	4	ok
src\data\news_fetcher.py	333	0	blank
src\data\news_fetcher.py	334	4	comment
src\data\news_fetcher.py	335	4	ok
src\data\news_fetcher.py	336	4	ok
src\data\news_fetcher.py	337	4	ok
src\data\news_fetcher.py	338	4	ok
src\data\news_fetcher.py	339	4	ok
src\data\news_fetcher.py	340	4	ok
src\data\news_fetcher.py	341	0	blank
src\data\news_fetcher.py	342	4	ok
src\data\news_fetcher.py	343	0	blank
src\data\news_fetcher.py	344	5	typed_signature
src\data\news_fetcher.py	345	4	docstring
src\data\news_fetcher.py	346	4	ok
src\data\news_fetcher.py	347	4	ok
src\data\news_fetcher.py	348	0	blank
src\data\news_fetcher.py	349	4	ok
src\data\news_fetcher.py	350	4	ok
src\data\news_fetcher.py	351	0	blank
src\data\news_fetcher.py	352	4	ok
src\data\news_fetcher.py	353	4	ok
src\data\news_fetcher.py	354	4	ok
src\data\news_fetcher.py	355	4	ok
src\data\news_fetcher.py	356	4	ok
src\data\news_fetcher.py	357	4	ok
src\data\news_fetcher.py	358	0	blank
src\data\news_fetcher.py	359	4	ok
src\data\news_fetcher.py	360	4	ok
src\data\news_fetcher.py	361	4	ok
src\data\news_fetcher.py	362	0	blank
src\data\news_fetcher.py	363	4	ok
src\data\news_fetcher.py	364	4	ok
src\data\news_fetcher.py	365	0	blank
src\data\news_fetcher.py	366	4	ok
src\data\news_fetcher.py	367	0	blank
src\data\news_fetcher.py	368	0	blank
src\data\news_fetcher.py	369	4	ok
src\data\news_fetcher.py	370	4	docstring
src\data\news_fetcher.py	371	4	ok
src\data\news_fetcher.py	372	0	blank
src\data\news_fetcher.py	373	4	ok
src\data\news_fetcher.py	374	4	ok
src\data\news_fetcher.py	375	0	blank
src\data\news_fetcher.py	376	3	print
src\data\news_fetcher.py	377	3	print
src\data\news_fetcher.py	378	3	print
src\data\news_fetcher.py	379	0	blank
src\data\news_fetcher.py	380	4	ok
src\data\news_fetcher.py	381	3	print
src\data\news_fetcher.py	382	3	print
src\data\news_fetcher.py	383	3	print
src\data\news_fetcher.py	384	4	ok
src\data\news_fetcher.py	385	3	print
src\data\news_fetcher.py	386	0	blank
src\data\news_fetcher.py	387	3	print
src\data\news_fetcher.py	388	3	print
src\data\news_fetcher.py	389	3	print
src\data\news_fetcher.py	390	3	print
src\data\news_fetcher.py	391	0	blank
src\data\news_fetcher.py	392	0	blank
src\data\news_fetcher.py	393	4	ok
src\data\news_fetcher.py	394	4	ok
src\data\realtime_fetcher.py	1	4	docstring
src\data\realtime_fetcher.py	2	4	docstring
src\data\realtime_fetcher.py	3	4	docstring
src\data\realtime_fetcher.py	4	0	blank
src\data\realtime_fetcher.py	5	4	docstring
src\data\realtime_fetcher.py	6	4	docstring
src\data\realtime_fetcher.py	7	4	docstring
src\data\realtime_fetcher.py	8	4	docstring
src\data\realtime_fetcher.py	9	4	docstring
src\data\realtime_fetcher.py	10	4	docstring
src\data\realtime_fetcher.py	11	0	blank
src\data\realtime_fetcher.py	12	4	ok
src\data\realtime_fetcher.py	13	4	ok
src\data\realtime_fetcher.py	14	4	ok
src\data\realtime_fetcher.py	15	4	ok
src\data\realtime_fetcher.py	16	0	blank
src\data\realtime_fetcher.py	17	4	ok
src\data\realtime_fetcher.py	18	4	ok
src\data\realtime_fetcher.py	19	0	blank
src\data\realtime_fetcher.py	20	0	blank
src\data\realtime_fetcher.py	21	4	ok
src\data\realtime_fetcher.py	22	4	docstring
src\data\realtime_fetcher.py	23	4	docstring
src\data\realtime_fetcher.py	24	4	docstring
src\data\realtime_fetcher.py	25	0	blank
src\data\realtime_fetcher.py	26	4	comment
src\data\realtime_fetcher.py	27	4	ok
src\data\realtime_fetcher.py	28	4	ok
src\data\realtime_fetcher.py	29	0	blank
src\data\realtime_fetcher.py	30	4	comment
src\data\realtime_fetcher.py	31	4	ok
src\data\realtime_fetcher.py	32	0	blank
src\data\realtime_fetcher.py	33	4	comment
src\data\realtime_fetcher.py	34	4	ok
src\data\realtime_fetcher.py	35	0	blank
src\data\realtime_fetcher.py	36	4	ok
src\data\realtime_fetcher.py	37	4	ok
src\data\realtime_fetcher.py	38	0	blank
src\data\realtime_fetcher.py	39	4	ok
src\data\realtime_fetcher.py	40	4	ok
src\data\realtime_fetcher.py	41	4	ok
src\data\realtime_fetcher.py	42	0	blank
src\data\realtime_fetcher.py	43	4	ok
src\data\realtime_fetcher.py	44	4	ok
src\data\realtime_fetcher.py	45	4	ok
src\data\realtime_fetcher.py	46	0	blank
src\data\realtime_fetcher.py	47	4	ok
src\data\realtime_fetcher.py	48	5	typed_signature
src\data\realtime_fetcher.py	49	4	ok
src\data\realtime_fetcher.py	50	4	ok
src\data\realtime_fetcher.py	51	4	ok
src\data\realtime_fetcher.py	52	0	blank
src\data\realtime_fetcher.py	53	4	ok
src\data\realtime_fetcher.py	54	4	docstring
src\data\realtime_fetcher.py	55	4	ok
src\data\realtime_fetcher.py	56	4	ok
src\data\realtime_fetcher.py	57	4	ok
src\data\realtime_fetcher.py	58	4	ok
src\data\realtime_fetcher.py	59	4	ok
src\data\realtime_fetcher.py	60	4	ok
src\data\realtime_fetcher.py	61	0	blank
src\data\realtime_fetcher.py	62	4	ok
src\data\realtime_fetcher.py	63	4	ok
src\data\realtime_fetcher.py	64	4	ok
src\data\realtime_fetcher.py	65	4	ok
src\data\realtime_fetcher.py	66	4	ok
src\data\realtime_fetcher.py	67	4	ok
src\data\realtime_fetcher.py	68	4	ok
src\data\realtime_fetcher.py	69	4	ok
src\data\realtime_fetcher.py	70	4	ok
src\data\realtime_fetcher.py	71	4	ok
src\data\realtime_fetcher.py	72	4	ok
src\data\realtime_fetcher.py	73	0	blank
src\data\realtime_fetcher.py	74	4	ok
src\data\realtime_fetcher.py	75	4	docstring
src\data\realtime_fetcher.py	76	4	ok
src\data\realtime_fetcher.py	77	4	ok
src\data\realtime_fetcher.py	78	4	ok
src\data\realtime_fetcher.py	79	4	ok
src\data\realtime_fetcher.py	80	4	ok
src\data\realtime_fetcher.py	81	4	ok
src\data\realtime_fetcher.py	82	0	blank
src\data\realtime_fetcher.py	83	4	ok
src\data\realtime_fetcher.py	84	4	ok
src\data\realtime_fetcher.py	85	4	ok
src\data\realtime_fetcher.py	86	4	ok
src\data\realtime_fetcher.py	87	4	ok
src\data\realtime_fetcher.py	88	4	ok
src\data\realtime_fetcher.py	89	4	ok
src\data\realtime_fetcher.py	90	4	ok
src\data\realtime_fetcher.py	91	4	ok
src\data\realtime_fetcher.py	92	4	ok
src\data\realtime_fetcher.py	93	0	blank
src\data\realtime_fetcher.py	94	4	ok
src\data\realtime_fetcher.py	95	4	docstring
src\data\realtime_fetcher.py	96	4	ok
src\data\realtime_fetcher.py	97	4	ok
src\data\realtime_fetcher.py	98	4	ok
src\data\realtime_fetcher.py	99	4	ok
src\data\realtime_fetcher.py	100	4	ok
src\data\realtime_fetcher.py	101	4	ok
src\data\realtime_fetcher.py	102	0	blank
src\data\realtime_fetcher.py	103	4	ok
src\data\realtime_fetcher.py	104	4	ok
src\data\realtime_fetcher.py	105	4	ok
src\data\realtime_fetcher.py	106	4	ok
src\data\realtime_fetcher.py	107	4	ok
src\data\realtime_fetcher.py	108	4	ok
src\data\realtime_fetcher.py	109	4	ok
src\data\realtime_fetcher.py	110	4	ok
src\data\realtime_fetcher.py	111	4	ok
src\data\realtime_fetcher.py	112	4	ok
src\data\realtime_fetcher.py	113	4	ok
src\data\realtime_fetcher.py	114	0	blank
src\data\realtime_fetcher.py	115	4	ok
src\data\realtime_fetcher.py	116	4	docstring
src\data\realtime_fetcher.py	117	4	ok
src\data\realtime_fetcher.py	118	4	ok
src\data\realtime_fetcher.py	119	4	ok
src\data\realtime_fetcher.py	120	4	ok
src\data\realtime_fetcher.py	121	4	ok
src\data\realtime_fetcher.py	122	4	ok
src\data\realtime_fetcher.py	123	0	blank
src\data\realtime_fetcher.py	124	4	ok
src\data\realtime_fetcher.py	125	4	ok
src\data\realtime_fetcher.py	126	4	ok
src\data\realtime_fetcher.py	127	4	ok
src\data\realtime_fetcher.py	128	4	ok
src\data\realtime_fetcher.py	129	4	ok
src\data\realtime_fetcher.py	130	4	ok
src\data\realtime_fetcher.py	131	0	blank
src\data\realtime_fetcher.py	132	4	ok
src\data\realtime_fetcher.py	133	4	docstring
src\data\realtime_fetcher.py	134	4	ok
src\data\realtime_fetcher.py	135	4	ok
src\data\realtime_fetcher.py	136	4	ok
src\data\realtime_fetcher.py	137	4	ok
src\data\realtime_fetcher.py	138	4	ok
src\data\realtime_fetcher.py	139	4	ok
src\data\realtime_fetcher.py	140	0	blank
src\data\realtime_fetcher.py	141	4	ok
src\data\realtime_fetcher.py	142	4	ok
src\data\realtime_fetcher.py	143	4	ok
src\data\realtime_fetcher.py	144	4	ok
src\data\realtime_fetcher.py	145	0	blank
src\data\realtime_fetcher.py	146	4	comment
src\data\realtime_fetcher.py	147	4	ok
src\data\realtime_fetcher.py	148	4	ok
src\data\realtime_fetcher.py	149	4	ok
src\data\realtime_fetcher.py	150	4	ok
src\data\realtime_fetcher.py	151	4	ok
src\data\realtime_fetcher.py	152	4	ok
src\data\realtime_fetcher.py	153	4	ok
src\data\realtime_fetcher.py	154	4	ok
src\data\realtime_fetcher.py	155	4	ok
src\data\realtime_fetcher.py	156	4	ok
src\data\realtime_fetcher.py	157	0	blank
src\data\realtime_fetcher.py	158	4	ok
src\data\realtime_fetcher.py	159	4	ok
src\data\realtime_fetcher.py	160	4	ok
src\data\realtime_fetcher.py	161	4	ok
src\data\realtime_fetcher.py	162	4	ok
src\data\realtime_fetcher.py	163	3	long_line
src\data\realtime_fetcher.py	164	4	ok
src\data\realtime_fetcher.py	165	4	ok
src\data\realtime_fetcher.py	166	4	ok
src\data\realtime_fetcher.py	167	4	ok
src\data\realtime_fetcher.py	168	0	blank
src\data\realtime_fetcher.py	169	4	ok
src\data\realtime_fetcher.py	170	4	docstring
src\data\realtime_fetcher.py	171	4	ok
src\data\realtime_fetcher.py	172	4	ok
src\data\realtime_fetcher.py	173	4	ok
src\data\realtime_fetcher.py	174	4	ok
src\data\realtime_fetcher.py	175	4	ok
src\data\realtime_fetcher.py	176	4	ok
src\data\realtime_fetcher.py	177	0	blank
src\data\realtime_fetcher.py	178	4	ok
src\data\realtime_fetcher.py	179	4	ok
src\data\realtime_fetcher.py	180	4	ok
src\data\realtime_fetcher.py	181	4	ok
src\data\realtime_fetcher.py	182	0	blank
src\data\realtime_fetcher.py	183	4	ok
src\data\realtime_fetcher.py	184	4	ok
src\data\realtime_fetcher.py	185	4	ok
src\data\realtime_fetcher.py	186	4	ok
src\data\realtime_fetcher.py	187	4	ok
src\data\realtime_fetcher.py	188	4	ok
src\data\realtime_fetcher.py	189	4	ok
src\data\realtime_fetcher.py	190	4	ok
src\data\realtime_fetcher.py	191	4	ok
src\data\realtime_fetcher.py	192	0	blank
src\data\realtime_fetcher.py	193	4	ok
src\data\realtime_fetcher.py	194	4	docstring
src\data\realtime_fetcher.py	195	4	ok
src\data\realtime_fetcher.py	196	4	comment
src\data\realtime_fetcher.py	197	4	ok
src\data\realtime_fetcher.py	198	4	ok
src\data\realtime_fetcher.py	199	4	ok
src\data\realtime_fetcher.py	200	4	ok
src\data\realtime_fetcher.py	201	4	ok
src\data\realtime_fetcher.py	202	0	blank
src\data\realtime_fetcher.py	203	4	ok
src\data\realtime_fetcher.py	204	4	ok
src\data\realtime_fetcher.py	205	4	ok
src\data\realtime_fetcher.py	206	4	ok
src\data\realtime_fetcher.py	207	0	blank
src\data\realtime_fetcher.py	208	4	ok
src\data\realtime_fetcher.py	209	4	ok
src\data\realtime_fetcher.py	210	4	ok
src\data\realtime_fetcher.py	211	4	ok
src\data\realtime_fetcher.py	212	4	ok
src\data\realtime_fetcher.py	213	4	ok
src\data\realtime_fetcher.py	214	4	ok
src\data\realtime_fetcher.py	215	4	ok
src\data\realtime_fetcher.py	216	4	ok
src\data\realtime_fetcher.py	217	4	ok
src\data\realtime_fetcher.py	218	0	blank
src\data\realtime_fetcher.py	219	4	ok
src\data\realtime_fetcher.py	220	4	docstring
src\data\realtime_fetcher.py	221	4	ok
src\data\realtime_fetcher.py	222	4	ok
src\data\realtime_fetcher.py	223	4	ok
src\data\realtime_fetcher.py	224	0	blank
src\data\realtime_fetcher.py	225	4	comment
src\data\realtime_fetcher.py	226	4	ok
src\data\realtime_fetcher.py	227	4	comment
src\data\realtime_fetcher.py	228	4	ok
src\data\realtime_fetcher.py	229	0	blank
src\data\realtime_fetcher.py	230	4	ok
src\data\realtime_fetcher.py	231	0	blank
src\data\realtime_fetcher.py	232	4	ok
src\data\realtime_fetcher.py	233	4	ok
src\data\realtime_fetcher.py	234	4	ok
src\data\realtime_fetcher.py	235	4	ok
src\data\realtime_fetcher.py	236	4	ok
src\data\realtime_fetcher.py	237	0	blank
src\data\realtime_fetcher.py	238	4	ok
src\data\realtime_fetcher.py	239	4	ok
src\data\realtime_fetcher.py	240	0	blank
src\data\realtime_fetcher.py	241	4	ok
src\data\realtime_fetcher.py	242	4	ok
src\data\realtime_fetcher.py	243	4	ok
src\data\realtime_fetcher.py	244	4	ok
src\data\realtime_fetcher.py	245	0	blank
src\data\realtime_fetcher.py	246	4	ok
src\data\realtime_fetcher.py	247	0	blank
src\data\realtime_fetcher.py	248	4	ok
src\data\realtime_fetcher.py	249	4	ok
src\data\realtime_fetcher.py	250	4	ok
src\data\realtime_fetcher.py	251	4	ok
src\data\realtime_fetcher.py	252	4	ok
src\data\realtime_fetcher.py	253	4	ok
src\data\realtime_fetcher.py	254	0	blank
src\data\realtime_fetcher.py	255	4	ok
src\data\realtime_fetcher.py	256	4	ok
src\data\realtime_fetcher.py	257	4	ok
src\data\realtime_fetcher.py	258	4	ok
src\data\realtime_fetcher.py	259	4	ok
src\data\realtime_fetcher.py	260	0	blank
src\data\realtime_fetcher.py	261	4	ok
src\data\realtime_fetcher.py	262	4	ok
src\data\realtime_fetcher.py	263	0	blank
src\data\realtime_fetcher.py	264	4	ok
src\data\realtime_fetcher.py	265	4	ok
src\data\realtime_fetcher.py	266	4	ok
src\data\realtime_fetcher.py	267	4	ok
src\data\realtime_fetcher.py	268	0	blank
src\data\realtime_fetcher.py	269	4	ok
src\data\realtime_fetcher.py	270	0	blank
src\data\realtime_fetcher.py	271	4	ok
src\data\realtime_fetcher.py	272	4	ok
src\data\realtime_fetcher.py	273	4	ok
src\data\realtime_fetcher.py	274	4	ok
src\data\realtime_fetcher.py	275	4	ok
src\data\realtime_fetcher.py	276	4	ok
src\data\realtime_fetcher.py	277	0	blank
src\data\realtime_fetcher.py	278	4	comment
src\data\realtime_fetcher.py	279	4	ok
src\data\realtime_fetcher.py	280	4	ok
src\data\realtime_fetcher.py	281	4	ok
src\data\realtime_fetcher.py	282	4	ok
src\data\realtime_fetcher.py	283	4	ok
src\data\realtime_fetcher.py	284	4	ok
src\data\realtime_fetcher.py	285	4	ok
src\data\realtime_fetcher.py	286	4	ok
src\data\realtime_fetcher.py	287	4	ok
src\data\realtime_fetcher.py	288	0	blank
src\data\realtime_fetcher.py	289	4	ok
src\data\realtime_fetcher.py	290	4	ok
src\data\realtime_fetcher.py	291	4	ok
src\data\realtime_fetcher.py	292	4	ok
src\data\realtime_fetcher.py	293	0	blank
src\data\realtime_fetcher.py	294	0	blank
src\data\realtime_fetcher.py	295	4	ok
src\data\realtime_fetcher.py	296	4	docstring
src\data\realtime_fetcher.py	297	4	ok
src\data\realtime_fetcher.py	298	4	ok
src\data\realtime_fetcher.py	299	4	ok
src\data\realtime_fetcher.py	300	0	blank
src\data\realtime_fetcher.py	301	4	ok
src\data\realtime_fetcher.py	302	4	ok
src\data\realtime_fetcher.py	303	4	ok
src\data\realtime_fetcher.py	304	0	blank
src\data\realtime_fetcher.py	305	4	ok
src\data\realtime_fetcher.py	306	4	ok
src\data\realtime_fetcher.py	307	4	ok
src\data\realtime_fetcher.py	308	4	ok
src\data\realtime_fetcher.py	309	3	long_line
src\data\realtime_fetcher.py	310	4	ok
src\data\realtime_fetcher.py	311	4	ok
src\data\realtime_fetcher.py	312	4	ok
src\data\realtime_fetcher.py	313	4	ok
src\data\realtime_fetcher.py	314	0	blank
src\data\realtime_fetcher.py	315	4	ok
src\data\realtime_fetcher.py	316	4	docstring
src\data\realtime_fetcher.py	317	4	ok
src\data\realtime_fetcher.py	318	4	ok
src\data\realtime_fetcher.py	319	4	ok
src\data\realtime_fetcher.py	320	4	ok
src\data\realtime_fetcher.py	321	4	ok
src\data\realtime_fetcher.py	322	4	ok
src\data\realtime_fetcher.py	323	0	blank
src\data\realtime_fetcher.py	324	4	ok
src\data\realtime_fetcher.py	325	4	ok
src\data\realtime_fetcher.py	326	4	ok
src\data\realtime_fetcher.py	327	4	ok
src\data\realtime_fetcher.py	328	4	ok
src\data\realtime_fetcher.py	329	4	ok
src\data\realtime_fetcher.py	330	4	ok
src\data\realtime_fetcher.py	331	4	ok
src\data\realtime_fetcher.py	332	4	ok
src\data\realtime_fetcher.py	333	4	ok
src\data\realtime_fetcher.py	334	4	ok
src\data\realtime_fetcher.py	335	4	ok
src\data\realtime_fetcher.py	336	4	ok
src\data\realtime_fetcher.py	337	4	ok
src\data\realtime_fetcher.py	338	0	blank
src\data\realtime_fetcher.py	339	5	typed_signature
src\data\realtime_fetcher.py	340	4	docstring
src\data\realtime_fetcher.py	341	4	ok
src\data\realtime_fetcher.py	342	4	ok
src\data\realtime_fetcher.py	343	4	ok
src\data\realtime_fetcher.py	344	4	ok
src\data\realtime_fetcher.py	345	4	ok
src\data\realtime_fetcher.py	346	4	ok
src\data\realtime_fetcher.py	347	4	ok
src\data\realtime_fetcher.py	348	4	ok
src\data\realtime_fetcher.py	349	0	blank
src\data\realtime_fetcher.py	350	4	ok
src\data\realtime_fetcher.py	351	4	docstring
src\data\realtime_fetcher.py	352	4	ok
src\data\realtime_fetcher.py	353	4	ok
src\data\realtime_fetcher.py	354	0	blank
src\data\realtime_fetcher.py	355	4	ok
src\data\realtime_fetcher.py	356	0	blank
src\data\realtime_fetcher.py	357	4	ok
src\data\realtime_fetcher.py	358	4	ok
src\data\realtime_fetcher.py	359	0	blank
src\data\realtime_fetcher.py	360	4	ok
src\data\realtime_fetcher.py	361	4	ok
src\data\realtime_fetcher.py	362	4	ok
src\data\realtime_fetcher.py	363	4	ok
src\data\realtime_fetcher.py	364	0	blank
src\data\realtime_fetcher.py	365	4	comment
src\data\realtime_fetcher.py	366	4	ok
src\data\realtime_fetcher.py	367	4	ok
src\data\realtime_fetcher.py	368	4	ok
src\data\realtime_fetcher.py	369	0	blank
src\data\realtime_fetcher.py	370	4	ok
src\data\realtime_fetcher.py	371	0	blank
src\data\realtime_fetcher.py	372	4	comment
src\data\realtime_fetcher.py	373	4	ok
src\data\realtime_fetcher.py	374	4	ok
src\data\realtime_fetcher.py	375	4	ok
src\data\realtime_fetcher.py	376	4	ok
src\data\realtime_fetcher.py	377	0	blank
src\data\realtime_fetcher.py	378	4	comment
src\data\realtime_fetcher.py	379	4	ok
src\data\realtime_fetcher.py	380	4	ok
src\data\realtime_fetcher.py	381	4	ok
src\data\realtime_fetcher.py	382	4	ok
src\data\realtime_fetcher.py	383	4	ok
src\data\realtime_fetcher.py	384	0	blank
src\data\realtime_fetcher.py	385	4	comment
src\data\realtime_fetcher.py	386	4	ok
src\data\realtime_fetcher.py	387	4	ok
src\data\realtime_fetcher.py	388	4	ok
src\data\realtime_fetcher.py	389	4	ok
src\data\realtime_fetcher.py	390	4	ok
src\data\realtime_fetcher.py	391	0	blank
src\data\realtime_fetcher.py	392	4	ok
src\data\realtime_fetcher.py	393	0	blank
src\data\realtime_fetcher.py	394	4	ok
src\data\realtime_fetcher.py	395	4	ok
src\data\realtime_fetcher.py	396	4	ok
src\data\realtime_fetcher.py	397	4	ok
src\data\realtime_fetcher.py	398	4	ok
src\data\realtime_fetcher.py	399	4	ok
src\data\realtime_fetcher.py	400	4	ok
src\data\realtime_fetcher.py	401	4	ok
src\data\realtime_fetcher.py	402	4	ok
src\data\realtime_fetcher.py	403	4	ok
src\data\realtime_fetcher.py	404	4	ok
src\data\realtime_fetcher.py	405	4	ok
src\data\realtime_fetcher.py	406	4	ok
src\data\realtime_fetcher.py	407	0	blank
src\data\realtime_fetcher.py	408	4	ok
src\data\realtime_fetcher.py	409	4	docstring
src\data\realtime_fetcher.py	410	4	ok
src\data\realtime_fetcher.py	411	0	blank
src\data\realtime_fetcher.py	412	4	comment
src\data\realtime_fetcher.py	413	4	ok
src\data\realtime_fetcher.py	414	4	ok
src\data\realtime_fetcher.py	415	4	ok
src\data\realtime_fetcher.py	416	4	ok
src\data\realtime_fetcher.py	417	4	ok
src\data\realtime_fetcher.py	418	4	ok
src\data\realtime_fetcher.py	419	4	ok
src\data\realtime_fetcher.py	420	4	ok
src\data\realtime_fetcher.py	421	4	comment
src\data\realtime_fetcher.py	422	4	ok
src\data\realtime_fetcher.py	423	4	ok
src\data\realtime_fetcher.py	424	4	ok
src\data\realtime_fetcher.py	425	4	ok
src\data\realtime_fetcher.py	426	4	ok
src\data\realtime_fetcher.py	427	0	blank
src\data\realtime_fetcher.py	428	4	ok
src\data\realtime_fetcher.py	429	4	ok
src\data\realtime_fetcher.py	430	0	blank
src\data\realtime_fetcher.py	431	4	comment
src\data\realtime_fetcher.py	432	4	ok
src\data\realtime_fetcher.py	433	4	ok
src\data\realtime_fetcher.py	434	4	ok
src\data\realtime_fetcher.py	435	4	ok
src\data\realtime_fetcher.py	436	0	blank
src\data\realtime_fetcher.py	437	4	comment
src\data\realtime_fetcher.py	438	4	ok
src\data\realtime_fetcher.py	439	4	ok
src\data\realtime_fetcher.py	440	4	ok
src\data\realtime_fetcher.py	441	4	ok
src\data\realtime_fetcher.py	442	4	ok
src\data\realtime_fetcher.py	443	0	blank
src\data\realtime_fetcher.py	444	4	ok
src\data\realtime_fetcher.py	445	4	ok
src\data\realtime_fetcher.py	446	4	ok
src\data\realtime_fetcher.py	447	0	blank
src\data\realtime_fetcher.py	448	4	ok
src\data\realtime_fetcher.py	449	4	ok
src\data\realtime_fetcher.py	450	4	ok
src\data\realtime_fetcher.py	451	4	ok
src\data\realtime_fetcher.py	452	4	ok
src\data\realtime_fetcher.py	453	4	ok
src\data\realtime_fetcher.py	454	4	ok
src\data\realtime_fetcher.py	455	4	ok
src\data\realtime_fetcher.py	456	4	ok
src\data\realtime_fetcher.py	457	4	ok
src\data\realtime_fetcher.py	458	4	ok
src\data\realtime_fetcher.py	459	4	ok
src\data\realtime_fetcher.py	460	4	ok
src\data\realtime_fetcher.py	461	4	comment
src\data\realtime_fetcher.py	462	4	ok
src\data\realtime_fetcher.py	463	4	ok
src\data\realtime_fetcher.py	464	4	ok
src\data\realtime_fetcher.py	465	4	ok
src\data\realtime_fetcher.py	466	4	ok
src\data\realtime_fetcher.py	467	4	ok
src\data\realtime_fetcher.py	468	0	blank
src\data\realtime_fetcher.py	469	4	ok
src\data\realtime_fetcher.py	470	4	ok
src\data\realtime_fetcher.py	471	4	ok
src\data\realtime_fetcher.py	472	4	ok
src\data\realtime_fetcher.py	473	4	ok
src\data\realtime_fetcher.py	474	4	ok
src\data\realtime_fetcher.py	475	4	ok
src\data\realtime_fetcher.py	476	4	ok
src\data\realtime_fetcher.py	477	4	ok
src\data\realtime_fetcher.py	478	0	blank
src\data\realtime_fetcher.py	479	4	ok
src\data\realtime_fetcher.py	480	4	ok
src\data\realtime_fetcher.py	481	4	ok
src\data\realtime_fetcher.py	482	0	blank
src\data\realtime_fetcher.py	483	4	comment
src\data\realtime_fetcher.py	484	4	ok
src\data\realtime_fetcher.py	485	4	ok
src\data\realtime_fetcher.py	486	4	ok
src\data\realtime_fetcher.py	487	4	ok
src\data\realtime_fetcher.py	488	0	blank
src\data\realtime_fetcher.py	489	4	comment
src\data\realtime_fetcher.py	490	4	ok
src\data\realtime_fetcher.py	491	4	ok
src\data\realtime_fetcher.py	492	4	ok
src\data\realtime_fetcher.py	493	0	blank
src\data\realtime_fetcher.py	494	3	long_line
src\data\realtime_fetcher.py	495	0	blank
src\data\realtime_fetcher.py	496	4	ok
src\data\realtime_fetcher.py	497	0	blank
src\data\realtime_fetcher.py	498	0	blank
src\data\realtime_fetcher.py	499	4	ok
src\data\realtime_fetcher.py	500	4	docstring
src\data\realtime_fetcher.py	501	4	ok
src\data\realtime_fetcher.py	502	4	ok
src\data\realtime_fetcher.py	503	0	blank
src\data\realtime_fetcher.py	504	3	print
src\data\realtime_fetcher.py	505	3	print
src\data\realtime_fetcher.py	506	3	print
src\data\realtime_fetcher.py	507	0	blank
src\data\realtime_fetcher.py	508	3	print
src\data\realtime_fetcher.py	509	3	print
src\data\realtime_fetcher.py	510	3	print
src\data\realtime_fetcher.py	511	3	print
src\data\realtime_fetcher.py	512	3	print
src\data\realtime_fetcher.py	513	3	print
src\data\realtime_fetcher.py	514	0	blank
src\data\realtime_fetcher.py	515	3	print
src\data\realtime_fetcher.py	516	3	print
src\data\realtime_fetcher.py	517	3	print
src\data\realtime_fetcher.py	518	0	blank
src\data\realtime_fetcher.py	519	3	print
src\data\realtime_fetcher.py	520	3	print
src\data\realtime_fetcher.py	521	3	print
src\data\realtime_fetcher.py	522	0	blank
src\data\realtime_fetcher.py	523	0	blank
src\data\realtime_fetcher.py	524	4	ok
src\data\realtime_fetcher.py	525	4	ok
src\data\sentiment_fetcher.py	1	4	docstring
src\data\sentiment_fetcher.py	2	4	docstring
src\data\sentiment_fetcher.py	3	4	docstring
src\data\sentiment_fetcher.py	4	0	blank
src\data\sentiment_fetcher.py	5	4	docstring
src\data\sentiment_fetcher.py	6	4	docstring
src\data\sentiment_fetcher.py	7	4	docstring
src\data\sentiment_fetcher.py	8	4	docstring
src\data\sentiment_fetcher.py	9	4	docstring
src\data\sentiment_fetcher.py	10	4	docstring
src\data\sentiment_fetcher.py	11	0	blank
src\data\sentiment_fetcher.py	12	4	ok
src\data\sentiment_fetcher.py	13	4	ok
src\data\sentiment_fetcher.py	14	4	ok
src\data\sentiment_fetcher.py	15	4	ok
src\data\sentiment_fetcher.py	16	4	ok
src\data\sentiment_fetcher.py	17	0	blank
src\data\sentiment_fetcher.py	18	4	ok
src\data\sentiment_fetcher.py	19	4	ok
src\data\sentiment_fetcher.py	20	0	blank
src\data\sentiment_fetcher.py	21	4	ok
src\data\sentiment_fetcher.py	22	4	ok
src\data\sentiment_fetcher.py	23	4	ok
src\data\sentiment_fetcher.py	24	4	ok
src\data\sentiment_fetcher.py	25	4	ok
src\data\sentiment_fetcher.py	26	0	blank
src\data\sentiment_fetcher.py	27	4	ok
src\data\sentiment_fetcher.py	28	4	ok
src\data\sentiment_fetcher.py	29	4	ok
src\data\sentiment_fetcher.py	30	4	ok
src\data\sentiment_fetcher.py	31	4	ok
src\data\sentiment_fetcher.py	32	0	blank
src\data\sentiment_fetcher.py	33	0	blank
src\data\sentiment_fetcher.py	34	4	ok
src\data\sentiment_fetcher.py	35	4	ok
src\data\sentiment_fetcher.py	36	4	docstring
src\data\sentiment_fetcher.py	37	4	ok
src\data\sentiment_fetcher.py	38	4	ok
src\data\sentiment_fetcher.py	39	4	ok
src\data\sentiment_fetcher.py	40	4	ok
src\data\sentiment_fetcher.py	41	4	ok
src\data\sentiment_fetcher.py	42	4	ok
src\data\sentiment_fetcher.py	43	4	ok
src\data\sentiment_fetcher.py	44	0	blank
src\data\sentiment_fetcher.py	45	0	blank
src\data\sentiment_fetcher.py	46	4	ok
src\data\sentiment_fetcher.py	47	4	ok
src\data\sentiment_fetcher.py	48	4	docstring
src\data\sentiment_fetcher.py	49	4	ok
src\data\sentiment_fetcher.py	50	4	ok
src\data\sentiment_fetcher.py	51	4	ok
src\data\sentiment_fetcher.py	52	0	blank
src\data\sentiment_fetcher.py	53	0	blank
src\data\sentiment_fetcher.py	54	4	ok
src\data\sentiment_fetcher.py	55	4	ok
src\data\sentiment_fetcher.py	56	4	docstring
src\data\sentiment_fetcher.py	57	4	ok
src\data\sentiment_fetcher.py	58	4	ok
src\data\sentiment_fetcher.py	59	4	ok
src\data\sentiment_fetcher.py	60	4	ok
src\data\sentiment_fetcher.py	61	0	blank
src\data\sentiment_fetcher.py	62	0	blank
src\data\sentiment_fetcher.py	63	4	ok
src\data\sentiment_fetcher.py	64	4	docstring
src\data\sentiment_fetcher.py	65	4	docstring
src\data\sentiment_fetcher.py	66	4	docstring
src\data\sentiment_fetcher.py	67	4	docstring
src\data\sentiment_fetcher.py	68	0	blank
src\data\sentiment_fetcher.py	69	4	ok
src\data\sentiment_fetcher.py	70	0	blank
src\data\sentiment_fetcher.py	71	4	ok
src\data\sentiment_fetcher.py	72	4	docstring
src\data\sentiment_fetcher.py	73	4	ok
src\data\sentiment_fetcher.py	74	4	ok
src\data\sentiment_fetcher.py	75	4	ok
src\data\sentiment_fetcher.py	76	4	ok
src\data\sentiment_fetcher.py	77	4	ok
src\data\sentiment_fetcher.py	78	4	ok
src\data\sentiment_fetcher.py	79	4	ok
src\data\sentiment_fetcher.py	80	4	ok
src\data\sentiment_fetcher.py	81	4	ok
src\data\sentiment_fetcher.py	82	0	blank
src\data\sentiment_fetcher.py	83	4	ok
src\data\sentiment_fetcher.py	84	4	ok
src\data\sentiment_fetcher.py	85	4	ok
src\data\sentiment_fetcher.py	86	4	ok
src\data\sentiment_fetcher.py	87	4	ok
src\data\sentiment_fetcher.py	88	0	blank
src\data\sentiment_fetcher.py	89	4	ok
src\data\sentiment_fetcher.py	90	4	ok
src\data\sentiment_fetcher.py	91	4	ok
src\data\sentiment_fetcher.py	92	4	ok
src\data\sentiment_fetcher.py	93	4	ok
src\data\sentiment_fetcher.py	94	0	blank
src\data\sentiment_fetcher.py	95	4	ok
src\data\sentiment_fetcher.py	96	0	blank
src\data\sentiment_fetcher.py	97	4	ok
src\data\sentiment_fetcher.py	98	4	ok
src\data\sentiment_fetcher.py	99	4	ok
src\data\sentiment_fetcher.py	100	0	blank
src\data\sentiment_fetcher.py	101	5	typed_signature
src\data\sentiment_fetcher.py	102	4	docstring
src\data\sentiment_fetcher.py	103	4	comment
src\data\sentiment_fetcher.py	104	4	comment
src\data\sentiment_fetcher.py	105	4	comment
src\data\sentiment_fetcher.py	106	4	comment
src\data\sentiment_fetcher.py	107	4	comment
src\data\sentiment_fetcher.py	108	4	ok
src\data\sentiment_fetcher.py	109	0	blank
src\data\sentiment_fetcher.py	110	0	blank
src\data\sentiment_fetcher.py	111	4	ok
src\data\sentiment_fetcher.py	112	4	docstring
src\data\sentiment_fetcher.py	113	4	docstring
src\data\sentiment_fetcher.py	114	4	docstring
src\data\sentiment_fetcher.py	115	4	docstring
src\data\sentiment_fetcher.py	116	0	blank
src\data\sentiment_fetcher.py	117	4	ok
src\data\sentiment_fetcher.py	118	4	ok
src\data\sentiment_fetcher.py	119	0	blank
src\data\sentiment_fetcher.py	120	4	ok
src\data\sentiment_fetcher.py	121	4	docstring
src\data\sentiment_fetcher.py	122	4	ok
src\data\sentiment_fetcher.py	123	4	ok
src\data\sentiment_fetcher.py	124	4	ok
src\data\sentiment_fetcher.py	125	4	ok
src\data\sentiment_fetcher.py	126	4	ok
src\data\sentiment_fetcher.py	127	4	ok
src\data\sentiment_fetcher.py	128	4	ok
src\data\sentiment_fetcher.py	129	4	ok
src\data\sentiment_fetcher.py	130	4	ok
src\data\sentiment_fetcher.py	131	0	blank
src\data\sentiment_fetcher.py	132	4	ok
src\data\sentiment_fetcher.py	133	4	ok
src\data\sentiment_fetcher.py	134	4	ok
src\data\sentiment_fetcher.py	135	4	ok
src\data\sentiment_fetcher.py	136	4	ok
src\data\sentiment_fetcher.py	137	4	ok
src\data\sentiment_fetcher.py	138	4	ok
src\data\sentiment_fetcher.py	139	4	ok
src\data\sentiment_fetcher.py	140	0	blank
src\data\sentiment_fetcher.py	141	4	ok
src\data\sentiment_fetcher.py	142	4	ok
src\data\sentiment_fetcher.py	143	4	ok
src\data\sentiment_fetcher.py	144	0	blank
src\data\sentiment_fetcher.py	145	4	ok
src\data\sentiment_fetcher.py	146	4	docstring
src\data\sentiment_fetcher.py	147	4	ok
src\data\sentiment_fetcher.py	148	4	ok
src\data\sentiment_fetcher.py	149	4	ok
src\data\sentiment_fetcher.py	150	4	ok
src\data\sentiment_fetcher.py	151	4	ok
src\data\sentiment_fetcher.py	152	4	ok
src\data\sentiment_fetcher.py	153	4	ok
src\data\sentiment_fetcher.py	154	4	ok
src\data\sentiment_fetcher.py	155	4	ok
src\data\sentiment_fetcher.py	156	0	blank
src\data\sentiment_fetcher.py	157	4	ok
src\data\sentiment_fetcher.py	158	4	ok
src\data\sentiment_fetcher.py	159	4	ok
src\data\sentiment_fetcher.py	160	4	ok
src\data\sentiment_fetcher.py	161	4	ok
src\data\sentiment_fetcher.py	162	0	blank
src\data\sentiment_fetcher.py	163	4	ok
src\data\sentiment_fetcher.py	164	4	ok
src\data\sentiment_fetcher.py	165	4	ok
src\data\sentiment_fetcher.py	166	0	blank
src\data\sentiment_fetcher.py	167	5	typed_signature
src\data\sentiment_fetcher.py	168	4	docstring
src\data\sentiment_fetcher.py	169	4	docstring
src\data\sentiment_fetcher.py	170	0	blank
src\data\sentiment_fetcher.py	171	4	docstring
src\data\sentiment_fetcher.py	172	4	docstring
src\data\sentiment_fetcher.py	173	4	docstring
src\data\sentiment_fetcher.py	174	4	comment
src\data\sentiment_fetcher.py	175	4	comment
src\data\sentiment_fetcher.py	176	4	ok
src\data\sentiment_fetcher.py	177	0	blank
src\data\sentiment_fetcher.py	178	0	blank
src\data\sentiment_fetcher.py	179	4	ok
src\data\sentiment_fetcher.py	180	4	docstring
src\data\sentiment_fetcher.py	181	4	docstring
src\data\sentiment_fetcher.py	182	4	docstring
src\data\sentiment_fetcher.py	183	4	docstring
src\data\sentiment_fetcher.py	184	0	blank
src\data\sentiment_fetcher.py	185	4	ok
src\data\sentiment_fetcher.py	186	4	ok
src\data\sentiment_fetcher.py	187	4	ok
src\data\sentiment_fetcher.py	188	4	ok
src\data\sentiment_fetcher.py	189	4	ok
src\data\sentiment_fetcher.py	190	4	ok
src\data\sentiment_fetcher.py	191	0	blank
src\data\sentiment_fetcher.py	192	4	ok
src\data\sentiment_fetcher.py	193	4	docstring
src\data\sentiment_fetcher.py	194	4	ok
src\data\sentiment_fetcher.py	195	4	ok
src\data\sentiment_fetcher.py	196	4	ok
src\data\sentiment_fetcher.py	197	0	blank
src\data\sentiment_fetcher.py	198	4	ok
src\data\sentiment_fetcher.py	199	4	ok
src\data\sentiment_fetcher.py	200	4	ok
src\data\sentiment_fetcher.py	201	0	blank
src\data\sentiment_fetcher.py	202	4	ok
src\data\sentiment_fetcher.py	203	0	blank
src\data\sentiment_fetcher.py	204	4	ok
src\data\sentiment_fetcher.py	205	4	ok
src\data\sentiment_fetcher.py	206	4	ok
src\data\sentiment_fetcher.py	207	4	ok
src\data\sentiment_fetcher.py	208	4	ok
src\data\sentiment_fetcher.py	209	4	docstring
src\data\sentiment_fetcher.py	210	4	ok
src\data\sentiment_fetcher.py	211	0	blank
src\data\sentiment_fetcher.py	212	4	ok
src\data\sentiment_fetcher.py	213	4	ok
src\data\sentiment_fetcher.py	214	0	blank
src\data\sentiment_fetcher.py	215	4	ok
src\data\sentiment_fetcher.py	216	4	comment
src\data\sentiment_fetcher.py	217	4	ok
src\data\sentiment_fetcher.py	218	4	ok
src\data\sentiment_fetcher.py	219	4	ok
src\data\sentiment_fetcher.py	220	4	ok
src\data\sentiment_fetcher.py	221	4	ok
src\data\sentiment_fetcher.py	222	4	ok
src\data\sentiment_fetcher.py	223	4	ok
src\data\sentiment_fetcher.py	224	4	ok
src\data\sentiment_fetcher.py	225	4	ok
src\data\sentiment_fetcher.py	226	0	blank
src\data\sentiment_fetcher.py	227	4	ok
src\data\sentiment_fetcher.py	228	4	ok
src\data\sentiment_fetcher.py	229	0	blank
src\data\sentiment_fetcher.py	230	4	ok
src\data\sentiment_fetcher.py	231	4	ok
src\data\sentiment_fetcher.py	232	4	ok
src\data\sentiment_fetcher.py	233	4	ok
src\data\sentiment_fetcher.py	234	4	ok
src\data\sentiment_fetcher.py	235	4	ok
src\data\sentiment_fetcher.py	236	4	ok
src\data\sentiment_fetcher.py	237	4	ok
src\data\sentiment_fetcher.py	238	0	blank
src\data\sentiment_fetcher.py	239	4	ok
src\data\sentiment_fetcher.py	240	4	ok
src\data\sentiment_fetcher.py	241	4	ok
src\data\sentiment_fetcher.py	242	0	blank
src\data\sentiment_fetcher.py	243	0	blank
src\data\sentiment_fetcher.py	244	4	ok
src\data\sentiment_fetcher.py	245	4	docstring
src\data\sentiment_fetcher.py	246	4	docstring
src\data\sentiment_fetcher.py	247	4	docstring
src\data\sentiment_fetcher.py	248	4	docstring
src\data\sentiment_fetcher.py	249	0	blank
src\data\sentiment_fetcher.py	250	4	ok
src\data\sentiment_fetcher.py	251	0	blank
src\data\sentiment_fetcher.py	252	4	ok
src\data\sentiment_fetcher.py	253	4	ok
src\data\sentiment_fetcher.py	254	4	ok
src\data\sentiment_fetcher.py	255	4	ok
src\data\sentiment_fetcher.py	256	4	ok
src\data\sentiment_fetcher.py	257	4	ok
src\data\sentiment_fetcher.py	258	4	ok
src\data\sentiment_fetcher.py	259	4	ok
src\data\sentiment_fetcher.py	260	0	blank
src\data\sentiment_fetcher.py	261	4	ok
src\data\sentiment_fetcher.py	262	4	docstring
src\data\sentiment_fetcher.py	263	4	ok
src\data\sentiment_fetcher.py	264	4	ok
src\data\sentiment_fetcher.py	265	4	ok
src\data\sentiment_fetcher.py	266	0	blank
src\data\sentiment_fetcher.py	267	4	ok
src\data\sentiment_fetcher.py	268	4	ok
src\data\sentiment_fetcher.py	269	4	ok
src\data\sentiment_fetcher.py	270	0	blank
src\data\sentiment_fetcher.py	271	4	ok
src\data\sentiment_fetcher.py	272	4	ok
src\data\sentiment_fetcher.py	273	4	ok
src\data\sentiment_fetcher.py	274	4	ok
src\data\sentiment_fetcher.py	275	4	ok
src\data\sentiment_fetcher.py	276	0	blank
src\data\sentiment_fetcher.py	277	4	ok
src\data\sentiment_fetcher.py	278	4	ok
src\data\sentiment_fetcher.py	279	4	ok
src\data\sentiment_fetcher.py	280	4	ok
src\data\sentiment_fetcher.py	281	4	ok
src\data\sentiment_fetcher.py	282	4	docstring
src\data\sentiment_fetcher.py	283	4	ok
src\data\sentiment_fetcher.py	284	0	blank
src\data\sentiment_fetcher.py	285	4	ok
src\data\sentiment_fetcher.py	286	4	ok
src\data\sentiment_fetcher.py	287	0	blank
src\data\sentiment_fetcher.py	288	4	ok
src\data\sentiment_fetcher.py	289	4	ok
src\data\sentiment_fetcher.py	290	0	blank
src\data\sentiment_fetcher.py	291	4	ok
src\data\sentiment_fetcher.py	292	4	ok
src\data\sentiment_fetcher.py	293	4	ok
src\data\sentiment_fetcher.py	294	4	ok
src\data\sentiment_fetcher.py	295	4	ok
src\data\sentiment_fetcher.py	296	4	ok
src\data\sentiment_fetcher.py	297	4	ok
src\data\sentiment_fetcher.py	298	4	ok
src\data\sentiment_fetcher.py	299	4	ok
src\data\sentiment_fetcher.py	300	4	ok
src\data\sentiment_fetcher.py	301	4	ok
src\data\sentiment_fetcher.py	302	4	ok
src\data\sentiment_fetcher.py	303	0	blank
src\data\sentiment_fetcher.py	304	4	ok
src\data\sentiment_fetcher.py	305	0	blank
src\data\sentiment_fetcher.py	306	4	ok
src\data\sentiment_fetcher.py	307	4	ok
src\data\sentiment_fetcher.py	308	4	ok
src\data\sentiment_fetcher.py	309	0	blank
src\data\sentiment_fetcher.py	310	0	blank
src\data\sentiment_fetcher.py	311	4	ok
src\data\sentiment_fetcher.py	312	4	docstring
src\data\sentiment_fetcher.py	313	4	docstring
src\data\sentiment_fetcher.py	314	4	docstring
src\data\sentiment_fetcher.py	315	0	blank
src\data\sentiment_fetcher.py	316	4	comment
src\data\sentiment_fetcher.py	317	4	ok
src\data\sentiment_fetcher.py	318	0	blank
src\data\sentiment_fetcher.py	319	4	ok
src\data\sentiment_fetcher.py	320	4	ok
src\data\sentiment_fetcher.py	321	4	ok
src\data\sentiment_fetcher.py	322	4	ok
src\data\sentiment_fetcher.py	323	4	ok
src\data\sentiment_fetcher.py	324	4	docstring
src\data\sentiment_fetcher.py	325	4	docstring
src\data\sentiment_fetcher.py	326	4	docstring
src\data\sentiment_fetcher.py	327	4	docstring
src\data\sentiment_fetcher.py	328	4	ok
src\data\sentiment_fetcher.py	329	4	ok
src\data\sentiment_fetcher.py	330	4	ok
src\data\sentiment_fetcher.py	331	4	ok
src\data\sentiment_fetcher.py	332	4	ok
src\data\sentiment_fetcher.py	333	4	ok
src\data\sentiment_fetcher.py	334	4	ok
src\data\sentiment_fetcher.py	335	4	ok
src\data\sentiment_fetcher.py	336	4	ok
src\data\sentiment_fetcher.py	337	4	ok
src\data\sentiment_fetcher.py	338	0	blank
src\data\sentiment_fetcher.py	339	4	ok
src\data\sentiment_fetcher.py	340	4	ok
src\data\sentiment_fetcher.py	341	0	blank
src\data\sentiment_fetcher.py	342	4	ok
src\data\sentiment_fetcher.py	343	4	ok
src\data\sentiment_fetcher.py	344	0	blank
src\data\sentiment_fetcher.py	345	4	ok
src\data\sentiment_fetcher.py	346	0	blank
src\data\sentiment_fetcher.py	347	0	blank
src\data\sentiment_fetcher.py	348	4	ok
src\data\sentiment_fetcher.py	349	4	docstring
src\data\sentiment_fetcher.py	350	4	docstring
src\data\sentiment_fetcher.py	351	4	docstring
src\data\sentiment_fetcher.py	352	0	blank
src\data\sentiment_fetcher.py	353	4	ok
src\data\sentiment_fetcher.py	354	4	ok
src\data\sentiment_fetcher.py	355	4	ok
src\data\sentiment_fetcher.py	356	4	ok
src\data\sentiment_fetcher.py	357	4	ok
src\data\sentiment_fetcher.py	358	4	ok
src\data\sentiment_fetcher.py	359	0	blank
src\data\sentiment_fetcher.py	360	4	ok
src\data\sentiment_fetcher.py	361	4	ok
src\data\sentiment_fetcher.py	362	4	ok
src\data\sentiment_fetcher.py	363	4	ok
src\data\sentiment_fetcher.py	364	4	docstring
src\data\sentiment_fetcher.py	365	4	docstring
src\data\sentiment_fetcher.py	366	4	docstring
src\data\sentiment_fetcher.py	367	4	ok
src\data\sentiment_fetcher.py	368	4	ok
src\data\sentiment_fetcher.py	369	4	ok
src\data\sentiment_fetcher.py	370	4	ok
src\data\sentiment_fetcher.py	371	4	ok
src\data\sentiment_fetcher.py	372	4	ok
src\data\sentiment_fetcher.py	373	4	ok
src\data\sentiment_fetcher.py	374	0	blank
src\data\sentiment_fetcher.py	375	4	comment
src\data\sentiment_fetcher.py	376	4	ok
src\data\sentiment_fetcher.py	377	4	ok
src\data\sentiment_fetcher.py	378	4	ok
src\data\sentiment_fetcher.py	379	0	blank
src\data\sentiment_fetcher.py	380	4	ok
src\data\sentiment_fetcher.py	381	4	ok
src\data\sentiment_fetcher.py	382	4	ok
src\data\sentiment_fetcher.py	383	4	ok
src\data\sentiment_fetcher.py	384	4	ok
src\data\sentiment_fetcher.py	385	4	ok
src\data\sentiment_fetcher.py	386	0	blank
src\data\sentiment_fetcher.py	387	4	ok
src\data\sentiment_fetcher.py	388	4	ok
src\data\sentiment_fetcher.py	389	0	blank
src\data\sentiment_fetcher.py	390	4	comment
src\data\sentiment_fetcher.py	391	4	ok
src\data\sentiment_fetcher.py	392	4	ok
src\data\sentiment_fetcher.py	393	4	ok
src\data\sentiment_fetcher.py	394	4	ok
src\data\sentiment_fetcher.py	395	4	ok
src\data\sentiment_fetcher.py	396	4	ok
src\data\sentiment_fetcher.py	397	4	ok
src\data\sentiment_fetcher.py	398	4	ok
src\data\sentiment_fetcher.py	399	4	ok
src\data\sentiment_fetcher.py	400	4	ok
src\data\sentiment_fetcher.py	401	4	ok
src\data\sentiment_fetcher.py	402	0	blank
src\data\sentiment_fetcher.py	403	4	comment
src\data\sentiment_fetcher.py	404	4	ok
src\data\sentiment_fetcher.py	405	4	ok
src\data\sentiment_fetcher.py	406	4	ok
src\data\sentiment_fetcher.py	407	4	ok
src\data\sentiment_fetcher.py	408	4	ok
src\data\sentiment_fetcher.py	409	4	ok
src\data\sentiment_fetcher.py	410	3	long_line
src\data\sentiment_fetcher.py	411	4	ok
src\data\sentiment_fetcher.py	412	4	ok
src\data\sentiment_fetcher.py	413	4	ok
src\data\sentiment_fetcher.py	414	0	blank
src\data\sentiment_fetcher.py	415	4	comment
src\data\sentiment_fetcher.py	416	4	ok
src\data\sentiment_fetcher.py	417	4	ok
src\data\sentiment_fetcher.py	418	0	blank
src\data\sentiment_fetcher.py	419	4	comment
src\data\sentiment_fetcher.py	420	4	ok
src\data\sentiment_fetcher.py	421	4	ok
src\data\sentiment_fetcher.py	422	4	ok
src\data\sentiment_fetcher.py	423	4	ok
src\data\sentiment_fetcher.py	424	4	ok
src\data\sentiment_fetcher.py	425	4	ok
src\data\sentiment_fetcher.py	426	0	blank
src\data\sentiment_fetcher.py	427	4	comment
src\data\sentiment_fetcher.py	428	4	ok
src\data\sentiment_fetcher.py	429	4	ok
src\data\sentiment_fetcher.py	430	4	ok
src\data\sentiment_fetcher.py	431	4	ok
src\data\sentiment_fetcher.py	432	4	ok
src\data\sentiment_fetcher.py	433	4	ok
src\data\sentiment_fetcher.py	434	4	ok
src\data\sentiment_fetcher.py	435	4	ok
src\data\sentiment_fetcher.py	436	4	ok
src\data\sentiment_fetcher.py	437	4	ok
src\data\sentiment_fetcher.py	438	4	ok
src\data\sentiment_fetcher.py	439	0	blank
src\data\sentiment_fetcher.py	440	4	ok
src\data\sentiment_fetcher.py	441	0	blank
src\data\sentiment_fetcher.py	442	0	blank
src\data\sentiment_fetcher.py	443	4	ok
src\data\sentiment_fetcher.py	444	4	docstring
src\data\sentiment_fetcher.py	445	4	ok
src\data\sentiment_fetcher.py	446	0	blank
src\data\sentiment_fetcher.py	447	4	ok
src\data\sentiment_fetcher.py	448	4	ok
src\data\sentiment_fetcher.py	449	0	blank
src\data\sentiment_fetcher.py	450	3	print
src\data\sentiment_fetcher.py	451	3	print
src\data\sentiment_fetcher.py	452	3	print
src\data\sentiment_fetcher.py	453	0	blank
src\data\sentiment_fetcher.py	454	4	ok
src\data\sentiment_fetcher.py	455	3	print
src\data\sentiment_fetcher.py	456	4	ok
src\data\sentiment_fetcher.py	457	3	print
src\data\sentiment_fetcher.py	458	0	blank
src\data\sentiment_fetcher.py	459	3	print
src\data\sentiment_fetcher.py	460	3	print
src\data\sentiment_fetcher.py	461	3	print
src\data\sentiment_fetcher.py	462	3	print
src\data\sentiment_fetcher.py	463	0	blank
src\data\sentiment_fetcher.py	464	0	blank
src\data\sentiment_fetcher.py	465	4	ok
src\data\sentiment_fetcher.py	466	4	ok
src\data\websocket_feed.py	1	4	docstring
src\data\websocket_feed.py	2	4	docstring
src\data\websocket_feed.py	3	4	docstring
src\data\websocket_feed.py	4	0	blank
src\data\websocket_feed.py	5	4	docstring
src\data\websocket_feed.py	6	4	docstring
src\data\websocket_feed.py	7	4	docstring
src\data\websocket_feed.py	8	4	docstring
src\data\websocket_feed.py	9	4	docstring
src\data\websocket_feed.py	10	4	docstring
src\data\websocket_feed.py	11	0	blank
src\data\websocket_feed.py	12	4	ok
src\data\websocket_feed.py	13	4	ok
src\data\websocket_feed.py	14	4	ok
src\data\websocket_feed.py	15	4	ok
src\data\websocket_feed.py	16	4	ok
src\data\websocket_feed.py	17	4	ok
src\data\websocket_feed.py	18	0	blank
src\data\websocket_feed.py	19	4	ok
src\data\websocket_feed.py	20	4	ok
src\data\websocket_feed.py	21	0	blank
src\data\websocket_feed.py	22	4	comment
src\data\websocket_feed.py	23	4	ok
src\data\websocket_feed.py	24	4	ok
src\data\websocket_feed.py	25	4	ok
src\data\websocket_feed.py	26	4	ok
src\data\websocket_feed.py	27	4	ok
src\data\websocket_feed.py	28	4	ok
src\data\websocket_feed.py	29	4	ok
src\data\websocket_feed.py	30	4	ok
src\data\websocket_feed.py	31	2	stub
src\data\websocket_feed.py	32	0	blank
src\data\websocket_feed.py	33	0	blank
src\data\websocket_feed.py	34	4	ok
src\data\websocket_feed.py	35	4	ok
src\data\websocket_feed.py	36	4	docstring
src\data\websocket_feed.py	37	4	ok
src\data\websocket_feed.py	38	4	ok
src\data\websocket_feed.py	39	4	ok
src\data\websocket_feed.py	40	4	ok
src\data\websocket_feed.py	41	4	ok
src\data\websocket_feed.py	42	4	ok
src\data\websocket_feed.py	43	0	blank
src\data\websocket_feed.py	44	0	blank
src\data\websocket_feed.py	45	4	ok
src\data\websocket_feed.py	46	4	ok
src\data\websocket_feed.py	47	4	docstring
src\data\websocket_feed.py	48	4	ok
src\data\websocket_feed.py	49	4	ok
src\data\websocket_feed.py	50	0	blank
src\data\websocket_feed.py	51	0	blank
src\data\websocket_feed.py	52	4	ok
src\data\websocket_feed.py	53	4	ok
src\data\websocket_feed.py	54	4	docstring
src\data\websocket_feed.py	55	4	ok
src\data\websocket_feed.py	56	4	ok
src\data\websocket_feed.py	57	4	ok
src\data\websocket_feed.py	58	4	ok
src\data\websocket_feed.py	59	0	blank
src\data\websocket_feed.py	60	4	ok
src\data\websocket_feed.py	61	5	typed_signature
src\data\websocket_feed.py	62	4	ok
src\data\websocket_feed.py	63	0	blank
src\data\websocket_feed.py	64	4	ok
src\data\websocket_feed.py	65	5	typed_signature
src\data\websocket_feed.py	66	4	ok
src\data\websocket_feed.py	67	0	blank
src\data\websocket_feed.py	68	4	ok
src\data\websocket_feed.py	69	5	typed_signature
src\data\websocket_feed.py	70	4	ok
src\data\websocket_feed.py	71	0	blank
src\data\websocket_feed.py	72	4	ok
src\data\websocket_feed.py	73	5	typed_signature
src\data\websocket_feed.py	74	4	ok
src\data\websocket_feed.py	75	0	blank
src\data\websocket_feed.py	76	4	ok
src\data\websocket_feed.py	77	5	typed_signature
src\data\websocket_feed.py	78	4	docstring
src\data\websocket_feed.py	79	4	ok
src\data\websocket_feed.py	80	0	blank
src\data\websocket_feed.py	81	0	blank
src\data\websocket_feed.py	82	4	ok
src\data\websocket_feed.py	83	4	ok
src\data\websocket_feed.py	84	4	docstring
src\data\websocket_feed.py	85	4	ok
src\data\websocket_feed.py	86	4	ok
src\data\websocket_feed.py	87	4	ok
src\data\websocket_feed.py	88	4	ok
src\data\websocket_feed.py	89	4	ok
src\data\websocket_feed.py	90	4	ok
src\data\websocket_feed.py	91	4	ok
src\data\websocket_feed.py	92	4	ok
src\data\websocket_feed.py	93	4	ok
src\data\websocket_feed.py	94	0	blank
src\data\websocket_feed.py	95	0	blank
src\data\websocket_feed.py	96	4	ok
src\data\websocket_feed.py	97	4	ok
src\data\websocket_feed.py	98	4	docstring
src\data\websocket_feed.py	99	4	ok
src\data\websocket_feed.py	100	4	ok
src\data\websocket_feed.py	101	4	ok
src\data\websocket_feed.py	102	4	ok
src\data\websocket_feed.py	103	0	blank
src\data\websocket_feed.py	104	0	blank
src\data\websocket_feed.py	105	4	ok
src\data\websocket_feed.py	106	4	docstring
src\data\websocket_feed.py	107	4	docstring
src\data\websocket_feed.py	108	4	docstring
src\data\websocket_feed.py	109	4	docstring
src\data\websocket_feed.py	110	0	blank
src\data\websocket_feed.py	111	4	ok
src\data\websocket_feed.py	112	4	ok
src\data\websocket_feed.py	113	0	blank
src\data\websocket_feed.py	114	4	ok
src\data\websocket_feed.py	115	4	ok
src\data\websocket_feed.py	116	4	ok
src\data\websocket_feed.py	117	4	ok
src\data\websocket_feed.py	118	4	ok
src\data\websocket_feed.py	119	4	ok
src\data\websocket_feed.py	120	4	ok
src\data\websocket_feed.py	121	4	ok
src\data\websocket_feed.py	122	4	ok
src\data\websocket_feed.py	123	4	ok
src\data\websocket_feed.py	124	4	ok
src\data\websocket_feed.py	125	0	blank
src\data\websocket_feed.py	126	4	comment
src\data\websocket_feed.py	127	4	ok
src\data\websocket_feed.py	128	4	ok
src\data\websocket_feed.py	129	4	ok
src\data\websocket_feed.py	130	0	blank
src\data\websocket_feed.py	131	4	comment
src\data\websocket_feed.py	132	4	ok
src\data\websocket_feed.py	133	4	ok
src\data\websocket_feed.py	134	4	ok
src\data\websocket_feed.py	135	4	ok
src\data\websocket_feed.py	136	0	blank
src\data\websocket_feed.py	137	4	comment
src\data\websocket_feed.py	138	4	ok
src\data\websocket_feed.py	139	0	blank
src\data\websocket_feed.py	140	4	comment
src\data\websocket_feed.py	141	4	ok
src\data\websocket_feed.py	142	4	ok
src\data\websocket_feed.py	143	4	ok
src\data\websocket_feed.py	144	0	blank
src\data\websocket_feed.py	145	5	typed_signature
src\data\websocket_feed.py	146	4	docstring
src\data\websocket_feed.py	147	4	ok
src\data\websocket_feed.py	148	4	ok
src\data\websocket_feed.py	149	4	ok
src\data\websocket_feed.py	150	4	ok
src\data\websocket_feed.py	151	4	ok
src\data\websocket_feed.py	152	4	ok
src\data\websocket_feed.py	153	0	blank
src\data\websocket_feed.py	154	4	ok
src\data\websocket_feed.py	155	4	docstring
src\data\websocket_feed.py	156	4	ok
src\data\websocket_feed.py	157	4	ok
src\data\websocket_feed.py	158	4	ok
src\data\websocket_feed.py	159	0	blank
src\data\websocket_feed.py	160	4	ok
src\data\websocket_feed.py	161	4	ok
src\data\websocket_feed.py	162	0	blank
src\data\websocket_feed.py	163	4	ok
src\data\websocket_feed.py	164	4	ok
src\data\websocket_feed.py	165	4	ok
src\data\websocket_feed.py	166	4	ok
src\data\websocket_feed.py	167	4	ok
src\data\websocket_feed.py	168	4	ok
src\data\websocket_feed.py	169	4	ok
src\data\websocket_feed.py	170	4	ok
src\data\websocket_feed.py	171	4	ok
src\data\websocket_feed.py	172	4	ok
src\data\websocket_feed.py	173	4	ok
src\data\websocket_feed.py	174	0	blank
src\data\websocket_feed.py	175	4	ok
src\data\websocket_feed.py	176	4	ok
src\data\websocket_feed.py	177	0	blank
src\data\websocket_feed.py	178	4	ok
src\data\websocket_feed.py	179	4	ok
src\data\websocket_feed.py	180	4	ok
src\data\websocket_feed.py	181	4	ok
src\data\websocket_feed.py	182	0	blank
src\data\websocket_feed.py	183	4	ok
src\data\websocket_feed.py	184	4	ok
src\data\websocket_feed.py	185	4	ok
src\data\websocket_feed.py	186	4	ok
src\data\websocket_feed.py	187	4	ok
src\data\websocket_feed.py	188	4	ok
src\data\websocket_feed.py	189	4	ok
src\data\websocket_feed.py	190	0	blank
src\data\websocket_feed.py	191	4	ok
src\data\websocket_feed.py	192	4	docstring
src\data\websocket_feed.py	193	4	ok
src\data\websocket_feed.py	194	4	ok
src\data\websocket_feed.py	195	4	ok
src\data\websocket_feed.py	196	0	blank
src\data\websocket_feed.py	197	4	ok
src\data\websocket_feed.py	198	4	docstring
src\data\websocket_feed.py	199	4	ok
src\data\websocket_feed.py	200	4	ok
src\data\websocket_feed.py	201	0	blank
src\data\websocket_feed.py	202	4	comment
src\data\websocket_feed.py	203	4	ok
src\data\websocket_feed.py	204	4	ok
src\data\websocket_feed.py	205	4	ok
src\data\websocket_feed.py	206	4	ok
src\data\websocket_feed.py	207	4	ok
src\data\websocket_feed.py	208	4	ok
src\data\websocket_feed.py	209	0	blank
src\data\websocket_feed.py	210	4	comment
src\data\websocket_feed.py	211	4	ok
src\data\websocket_feed.py	212	4	ok
src\data\websocket_feed.py	213	4	ok
src\data\websocket_feed.py	214	4	ok
src\data\websocket_feed.py	215	4	ok
src\data\websocket_feed.py	216	4	ok
src\data\websocket_feed.py	217	0	blank
src\data\websocket_feed.py	218	4	ok
src\data\websocket_feed.py	219	4	ok
src\data\websocket_feed.py	220	4	ok
src\data\websocket_feed.py	221	4	ok
src\data\websocket_feed.py	222	0	blank
src\data\websocket_feed.py	223	4	ok
src\data\websocket_feed.py	224	4	docstring
src\data\websocket_feed.py	225	4	ok
src\data\websocket_feed.py	226	4	ok
src\data\websocket_feed.py	227	4	ok
src\data\websocket_feed.py	228	4	ok
src\data\websocket_feed.py	229	4	ok
src\data\websocket_feed.py	230	4	ok
src\data\websocket_feed.py	231	4	ok
src\data\websocket_feed.py	232	4	ok
src\data\websocket_feed.py	233	0	blank
src\data\websocket_feed.py	234	4	ok
src\data\websocket_feed.py	235	4	ok
src\data\websocket_feed.py	236	0	blank
src\data\websocket_feed.py	237	4	ok
src\data\websocket_feed.py	238	4	docstring
src\data\websocket_feed.py	239	4	ok
src\data\websocket_feed.py	240	4	ok
src\data\websocket_feed.py	241	4	ok
src\data\websocket_feed.py	242	0	blank
src\data\websocket_feed.py	243	4	ok
src\data\websocket_feed.py	244	4	ok
src\data\websocket_feed.py	245	4	ok
src\data\websocket_feed.py	246	4	ok
src\data\websocket_feed.py	247	4	ok
src\data\websocket_feed.py	248	4	ok
src\data\websocket_feed.py	249	4	ok
src\data\websocket_feed.py	250	4	ok
src\data\websocket_feed.py	251	0	blank
src\data\websocket_feed.py	252	4	ok
src\data\websocket_feed.py	253	4	ok
src\data\websocket_feed.py	254	4	ok
src\data\websocket_feed.py	255	4	ok
src\data\websocket_feed.py	256	4	ok
src\data\websocket_feed.py	257	4	ok
src\data\websocket_feed.py	258	0	blank
src\data\websocket_feed.py	259	4	comment
src\data\websocket_feed.py	260	4	ok
src\data\websocket_feed.py	261	0	blank
src\data\websocket_feed.py	262	4	comment
src\data\websocket_feed.py	263	4	ok
src\data\websocket_feed.py	264	0	blank
src\data\websocket_feed.py	265	4	ok
src\data\websocket_feed.py	266	4	ok
src\data\websocket_feed.py	267	0	blank
src\data\websocket_feed.py	268	4	ok
src\data\websocket_feed.py	269	4	docstring
src\data\websocket_feed.py	270	4	ok
src\data\websocket_feed.py	271	0	blank
src\data\websocket_feed.py	272	4	ok
src\data\websocket_feed.py	273	4	ok
src\data\websocket_feed.py	274	4	ok
src\data\websocket_feed.py	275	4	ok
src\data\websocket_feed.py	276	4	ok
src\data\websocket_feed.py	277	4	ok
src\data\websocket_feed.py	278	4	ok
src\data\websocket_feed.py	279	4	ok
src\data\websocket_feed.py	280	4	ok
src\data\websocket_feed.py	281	4	ok
src\data\websocket_feed.py	282	4	ok
src\data\websocket_feed.py	283	0	blank
src\data\websocket_feed.py	284	4	ok
src\data\websocket_feed.py	285	4	ok
src\data\websocket_feed.py	286	0	blank
src\data\websocket_feed.py	287	5	typed_signature
src\data\websocket_feed.py	288	4	docstring
src\data\websocket_feed.py	289	4	docstring
src\data\websocket_feed.py	290	0	blank
src\data\websocket_feed.py	291	4	docstring
src\data\websocket_feed.py	292	4	docstring
src\data\websocket_feed.py	293	4	docstring
src\data\websocket_feed.py	294	4	docstring
src\data\websocket_feed.py	295	4	ok
src\data\websocket_feed.py	296	4	ok
src\data\websocket_feed.py	297	0	blank
src\data\websocket_feed.py	298	4	ok
src\data\websocket_feed.py	299	0	blank
src\data\websocket_feed.py	300	4	ok
src\data\websocket_feed.py	301	4	ok
src\data\websocket_feed.py	302	0	blank
src\data\websocket_feed.py	303	4	ok
src\data\websocket_feed.py	304	4	ok
src\data\websocket_feed.py	305	4	ok
src\data\websocket_feed.py	306	0	blank
src\data\websocket_feed.py	307	4	ok
src\data\websocket_feed.py	308	4	ok
src\data\websocket_feed.py	309	4	ok
src\data\websocket_feed.py	310	4	ok
src\data\websocket_feed.py	311	4	ok
src\data\websocket_feed.py	312	4	ok
src\data\websocket_feed.py	313	4	ok
src\data\websocket_feed.py	314	0	blank
src\data\websocket_feed.py	315	4	ok
src\data\websocket_feed.py	316	4	ok
src\data\websocket_feed.py	317	4	ok
src\data\websocket_feed.py	318	4	ok
src\data\websocket_feed.py	319	4	ok
src\data\websocket_feed.py	320	4	ok
src\data\websocket_feed.py	321	4	ok
src\data\websocket_feed.py	322	0	blank
src\data\websocket_feed.py	323	4	ok
src\data\websocket_feed.py	324	4	ok
src\data\websocket_feed.py	325	0	blank
src\data\websocket_feed.py	326	4	ok
src\data\websocket_feed.py	327	4	ok
src\data\websocket_feed.py	328	4	ok
src\data\websocket_feed.py	329	0	blank
src\data\websocket_feed.py	330	5	typed_signature
src\data\websocket_feed.py	331	4	docstring
src\data\websocket_feed.py	332	4	ok
src\data\websocket_feed.py	333	4	ok
src\data\websocket_feed.py	334	0	blank
src\data\websocket_feed.py	335	4	ok
src\data\websocket_feed.py	336	4	ok
src\data\websocket_feed.py	337	4	ok
src\data\websocket_feed.py	338	4	ok
src\data\websocket_feed.py	339	0	blank
src\data\websocket_feed.py	340	4	ok
src\data\websocket_feed.py	341	4	ok
src\data\websocket_feed.py	342	4	ok
src\data\websocket_feed.py	343	4	ok
src\data\websocket_feed.py	344	4	ok
src\data\websocket_feed.py	345	4	ok
src\data\websocket_feed.py	346	0	blank
src\data\websocket_feed.py	347	5	typed_signature
src\data\websocket_feed.py	348	4	docstring
src\data\websocket_feed.py	349	4	ok
src\data\websocket_feed.py	350	0	blank
src\data\websocket_feed.py	351	0	blank
src\data\websocket_feed.py	352	4	ok
src\data\websocket_feed.py	353	4	docstring
src\data\websocket_feed.py	354	4	docstring
src\data\websocket_feed.py	355	4	docstring
src\data\websocket_feed.py	356	4	docstring
src\data\websocket_feed.py	357	0	blank
src\data\websocket_feed.py	358	4	ok
src\data\websocket_feed.py	359	4	ok
src\data\websocket_feed.py	360	4	ok
src\data\websocket_feed.py	361	4	ok
src\data\websocket_feed.py	362	4	ok
src\data\websocket_feed.py	363	4	ok
src\data\websocket_feed.py	364	0	blank
src\data\websocket_feed.py	365	4	ok
src\data\websocket_feed.py	366	4	ok
src\data\websocket_feed.py	367	4	ok
src\data\websocket_feed.py	368	4	ok
src\data\websocket_feed.py	369	4	ok
src\data\websocket_feed.py	370	4	ok
src\data\websocket_feed.py	371	4	docstring
src\data\websocket_feed.py	372	4	ok
src\data\websocket_feed.py	373	4	ok
src\data\websocket_feed.py	374	4	ok
src\data\websocket_feed.py	375	4	ok
src\data\websocket_feed.py	376	4	ok
src\data\websocket_feed.py	377	4	ok
src\data\websocket_feed.py	378	4	ok
src\data\websocket_feed.py	379	4	ok
src\data\websocket_feed.py	380	4	ok
src\data\websocket_feed.py	381	4	ok
src\data\websocket_feed.py	382	4	ok
src\data\websocket_feed.py	383	0	blank
src\data\websocket_feed.py	384	5	typed_signature
src\data\websocket_feed.py	385	4	docstring
src\data\websocket_feed.py	386	4	ok
src\data\websocket_feed.py	387	0	blank
src\data\websocket_feed.py	388	5	typed_signature
src\data\websocket_feed.py	389	4	docstring
src\data\websocket_feed.py	390	4	ok
src\data\websocket_feed.py	391	0	blank
src\data\websocket_feed.py	392	5	typed_signature
src\data\websocket_feed.py	393	4	docstring
src\data\websocket_feed.py	394	4	ok
src\data\websocket_feed.py	395	4	ok
src\data\websocket_feed.py	396	4	ok
src\data\websocket_feed.py	397	4	ok
src\data\websocket_feed.py	398	4	ok
src\data\websocket_feed.py	399	4	ok
src\data\websocket_feed.py	400	0	blank
src\data\websocket_feed.py	401	5	typed_signature
src\data\websocket_feed.py	402	4	docstring
src\data\websocket_feed.py	403	4	ok
src\data\websocket_feed.py	404	4	ok
src\data\websocket_feed.py	405	4	ok
src\data\websocket_feed.py	406	4	ok
src\data\websocket_feed.py	407	4	ok
src\data\websocket_feed.py	408	0	blank
src\data\websocket_feed.py	409	5	typed_signature
src\data\websocket_feed.py	410	4	docstring
src\data\websocket_feed.py	411	4	ok
src\data\websocket_feed.py	412	4	ok
src\data\websocket_feed.py	413	0	blank
src\data\websocket_feed.py	414	4	ok
src\data\websocket_feed.py	415	4	docstring
src\data\websocket_feed.py	416	4	ok
src\data\websocket_feed.py	417	4	ok
src\data\websocket_feed.py	418	0	blank
src\data\websocket_feed.py	419	4	ok
src\data\websocket_feed.py	420	4	docstring
src\data\websocket_feed.py	421	4	ok
src\data\websocket_feed.py	422	4	ok
src\data\websocket_feed.py	423	0	blank
src\data\websocket_feed.py	424	5	typed_signature
src\data\websocket_feed.py	425	4	docstring
src\data\websocket_feed.py	426	4	ok
src\data\websocket_feed.py	427	0	blank
src\data\websocket_feed.py	428	5	typed_signature
src\data\websocket_feed.py	429	4	docstring
src\data\websocket_feed.py	430	4	ok
src\data\websocket_feed.py	431	4	ok
src\data\websocket_feed.py	432	4	ok
src\data\websocket_feed.py	433	4	ok
src\data\websocket_feed.py	434	4	ok
src\data\websocket_feed.py	435	0	blank
src\data\websocket_feed.py	436	0	blank
src\data\websocket_feed.py	437	4	ok
src\data\websocket_feed.py	438	4	docstring
src\data\websocket_feed.py	439	4	ok
src\data\websocket_feed.py	440	0	blank
src\data\websocket_feed.py	441	5	typed_signature
src\data\websocket_feed.py	442	4	ok
src\data\websocket_feed.py	443	0	blank
src\data\websocket_feed.py	444	5	typed_signature
src\data\websocket_feed.py	445	4	ok
src\data\websocket_feed.py	446	4	ok
src\data\websocket_feed.py	447	4	ok
src\data\websocket_feed.py	448	4	ok
src\data\websocket_feed.py	449	4	ok
src\data\websocket_feed.py	450	4	ok
src\data\websocket_feed.py	451	0	blank
src\data\websocket_feed.py	452	4	ok
src\data\websocket_feed.py	453	4	ok
src\data\websocket_feed.py	454	4	ok
src\data\websocket_feed.py	455	4	ok
src\data\websocket_feed.py	456	4	ok
src\data\websocket_feed.py	457	4	ok
src\data\websocket_feed.py	458	4	ok
src\data\websocket_feed.py	459	4	ok
src\data\websocket_feed.py	460	0	blank
src\data\websocket_feed.py	461	4	ok
src\data\websocket_feed.py	462	4	ok
src\data\websocket_feed.py	463	4	ok
src\data\websocket_feed.py	464	4	ok
src\data\websocket_feed.py	465	4	ok
src\data\websocket_feed.py	466	0	blank
src\data\websocket_feed.py	467	0	blank
src\data\websocket_feed.py	468	4	ok
src\data\websocket_feed.py	469	4	ok
src\evolution\__init__.py	1	4	comment
src\evolution\__init__.py	2	4	ok
src\evolution\strategy_evolver.py	1	4	docstring
src\evolution\strategy_evolver.py	2	4	docstring
src\evolution\strategy_evolver.py	3	4	docstring
src\evolution\strategy_evolver.py	4	0	blank
src\evolution\strategy_evolver.py	5	4	docstring
src\evolution\strategy_evolver.py	6	4	docstring
src\evolution\strategy_evolver.py	7	4	docstring
src\evolution\strategy_evolver.py	8	4	docstring
src\evolution\strategy_evolver.py	9	4	docstring
src\evolution\strategy_evolver.py	10	4	docstring
src\evolution\strategy_evolver.py	11	4	docstring
src\evolution\strategy_evolver.py	12	0	blank
src\evolution\strategy_evolver.py	13	4	ok
src\evolution\strategy_evolver.py	14	4	ok
src\evolution\strategy_evolver.py	15	4	ok
src\evolution\strategy_evolver.py	16	4	ok
src\evolution\strategy_evolver.py	17	4	ok
src\evolution\strategy_evolver.py	18	4	ok
src\evolution\strategy_evolver.py	19	0	blank
src\evolution\strategy_evolver.py	20	4	ok
src\evolution\strategy_evolver.py	21	0	blank
src\evolution\strategy_evolver.py	22	0	blank
src\evolution\strategy_evolver.py	23	4	ok
src\evolution\strategy_evolver.py	24	4	ok
src\evolution\strategy_evolver.py	25	4	docstring
src\evolution\strategy_evolver.py	26	4	ok
src\evolution\strategy_evolver.py	27	4	ok
src\evolution\strategy_evolver.py	28	4	ok
src\evolution\strategy_evolver.py	29	4	ok
src\evolution\strategy_evolver.py	30	4	ok
src\evolution\strategy_evolver.py	31	4	ok
src\evolution\strategy_evolver.py	32	4	ok
src\evolution\strategy_evolver.py	33	4	ok
src\evolution\strategy_evolver.py	34	4	ok
src\evolution\strategy_evolver.py	35	4	ok
src\evolution\strategy_evolver.py	36	0	blank
src\evolution\strategy_evolver.py	37	4	comment
src\evolution\strategy_evolver.py	38	4	ok
src\evolution\strategy_evolver.py	39	4	ok
src\evolution\strategy_evolver.py	40	4	ok
src\evolution\strategy_evolver.py	41	0	blank
src\evolution\strategy_evolver.py	42	0	blank
src\evolution\strategy_evolver.py	43	4	docstring
src\evolution\strategy_evolver.py	44	4	docstring
src\evolution\strategy_evolver.py	45	0	blank
src\evolution\strategy_evolver.py	46	4	docstring
src\evolution\strategy_evolver.py	47	4	docstring
src\evolution\strategy_evolver.py	48	0	blank
src\evolution\strategy_evolver.py	49	4	docstring
src\evolution\strategy_evolver.py	50	4	docstring
src\evolution\strategy_evolver.py	51	4	docstring
src\evolution\strategy_evolver.py	52	4	docstring
src\evolution\strategy_evolver.py	53	4	docstring
src\evolution\strategy_evolver.py	54	4	docstring
src\evolution\strategy_evolver.py	55	4	docstring
src\evolution\strategy_evolver.py	56	4	docstring
src\evolution\strategy_evolver.py	57	4	docstring
src\evolution\strategy_evolver.py	58	4	docstring
src\evolution\strategy_evolver.py	59	0	blank
src\evolution\strategy_evolver.py	60	4	docstring
src\evolution\strategy_evolver.py	61	4	docstring
src\evolution\strategy_evolver.py	62	4	docstring
src\evolution\strategy_evolver.py	63	4	docstring
src\evolution\strategy_evolver.py	64	0	blank
src\evolution\strategy_evolver.py	65	4	docstring
src\evolution\strategy_evolver.py	66	4	docstring
src\evolution\strategy_evolver.py	67	4	docstring
src\evolution\strategy_evolver.py	68	4	docstring
src\evolution\strategy_evolver.py	69	4	docstring
src\evolution\strategy_evolver.py	70	0	blank
src\evolution\strategy_evolver.py	71	4	docstring
src\evolution\strategy_evolver.py	72	4	docstring
src\evolution\strategy_evolver.py	73	4	docstring
src\evolution\strategy_evolver.py	74	4	docstring
src\evolution\strategy_evolver.py	75	4	docstring
src\evolution\strategy_evolver.py	76	0	blank
src\evolution\strategy_evolver.py	77	4	docstring
src\evolution\strategy_evolver.py	78	4	docstring
src\evolution\strategy_evolver.py	79	4	docstring
src\evolution\strategy_evolver.py	80	4	docstring
src\evolution\strategy_evolver.py	81	0	blank
src\evolution\strategy_evolver.py	82	4	docstring
src\evolution\strategy_evolver.py	83	4	docstring
src\evolution\strategy_evolver.py	84	4	docstring
src\evolution\strategy_evolver.py	85	4	docstring
src\evolution\strategy_evolver.py	86	0	blank
src\evolution\strategy_evolver.py	87	4	docstring
src\evolution\strategy_evolver.py	88	4	docstring
src\evolution\strategy_evolver.py	89	4	docstring
src\evolution\strategy_evolver.py	90	0	blank
src\evolution\strategy_evolver.py	91	4	docstring
src\evolution\strategy_evolver.py	92	4	docstring
src\evolution\strategy_evolver.py	93	4	docstring
src\evolution\strategy_evolver.py	94	0	blank
src\evolution\strategy_evolver.py	95	4	docstring
src\evolution\strategy_evolver.py	96	4	docstring
src\evolution\strategy_evolver.py	97	4	docstring
src\evolution\strategy_evolver.py	98	4	docstring
src\evolution\strategy_evolver.py	99	4	docstring
src\evolution\strategy_evolver.py	100	0	blank
src\evolution\strategy_evolver.py	101	4	docstring
src\evolution\strategy_evolver.py	102	4	docstring
src\evolution\strategy_evolver.py	103	4	docstring
src\evolution\strategy_evolver.py	104	4	docstring
src\evolution\strategy_evolver.py	105	4	docstring
src\evolution\strategy_evolver.py	106	4	docstring
src\evolution\strategy_evolver.py	107	4	docstring
src\evolution\strategy_evolver.py	108	4	docstring
src\evolution\strategy_evolver.py	109	4	docstring
src\evolution\strategy_evolver.py	110	4	docstring
src\evolution\strategy_evolver.py	111	4	docstring
src\evolution\strategy_evolver.py	112	4	docstring
src\evolution\strategy_evolver.py	113	4	docstring
src\evolution\strategy_evolver.py	114	4	docstring
src\evolution\strategy_evolver.py	115	4	docstring
src\evolution\strategy_evolver.py	116	0	blank
src\evolution\strategy_evolver.py	117	0	blank
src\evolution\strategy_evolver.py	118	4	ok
src\evolution\strategy_evolver.py	119	4	docstring
src\evolution\strategy_evolver.py	120	4	docstring
src\evolution\strategy_evolver.py	121	4	docstring
src\evolution\strategy_evolver.py	122	4	docstring
src\evolution\strategy_evolver.py	123	0	blank
src\evolution\strategy_evolver.py	124	4	ok
src\evolution\strategy_evolver.py	125	4	ok
src\evolution\strategy_evolver.py	126	0	blank
src\evolution\strategy_evolver.py	127	4	ok
src\evolution\strategy_evolver.py	128	4	ok
src\evolution\strategy_evolver.py	129	4	ok
src\evolution\strategy_evolver.py	130	4	ok
src\evolution\strategy_evolver.py	131	4	ok
src\evolution\strategy_evolver.py	132	4	ok
src\evolution\strategy_evolver.py	133	0	blank
src\evolution\strategy_evolver.py	134	4	ok
src\evolution\strategy_evolver.py	135	4	docstring
src\evolution\strategy_evolver.py	136	4	ok
src\evolution\strategy_evolver.py	137	4	ok
src\evolution\strategy_evolver.py	138	4	ok
src\evolution\strategy_evolver.py	139	4	ok
src\evolution\strategy_evolver.py	140	4	ok
src\evolution\strategy_evolver.py	141	4	ok
src\evolution\strategy_evolver.py	142	4	ok
src\evolution\strategy_evolver.py	143	4	ok
src\evolution\strategy_evolver.py	144	4	ok
src\evolution\strategy_evolver.py	145	0	blank
src\evolution\strategy_evolver.py	146	4	ok
src\evolution\strategy_evolver.py	147	4	docstring
src\evolution\strategy_evolver.py	148	4	ok
src\evolution\strategy_evolver.py	149	4	ok
src\evolution\strategy_evolver.py	150	4	ok
src\evolution\strategy_evolver.py	151	4	ok
src\evolution\strategy_evolver.py	152	4	ok
src\evolution\strategy_evolver.py	153	4	ok
src\evolution\strategy_evolver.py	154	4	ok
src\evolution\strategy_evolver.py	155	4	ok
src\evolution\strategy_evolver.py	156	4	ok
src\evolution\strategy_evolver.py	157	4	ok
src\evolution\strategy_evolver.py	158	4	ok
src\evolution\strategy_evolver.py	159	4	ok
src\evolution\strategy_evolver.py	160	4	ok
src\evolution\strategy_evolver.py	161	0	blank
src\evolution\strategy_evolver.py	162	4	ok
src\evolution\strategy_evolver.py	163	4	docstring
src\evolution\strategy_evolver.py	164	4	docstring
src\evolution\strategy_evolver.py	165	0	blank
src\evolution\strategy_evolver.py	166	4	docstring
src\evolution\strategy_evolver.py	167	4	docstring
src\evolution\strategy_evolver.py	168	4	docstring
src\evolution\strategy_evolver.py	169	4	docstring
src\evolution\strategy_evolver.py	170	4	docstring
src\evolution\strategy_evolver.py	171	0	blank
src\evolution\strategy_evolver.py	172	4	docstring
src\evolution\strategy_evolver.py	173	4	docstring
src\evolution\strategy_evolver.py	174	4	docstring
src\evolution\strategy_evolver.py	175	0	blank
src\evolution\strategy_evolver.py	176	4	docstring
src\evolution\strategy_evolver.py	177	4	docstring
src\evolution\strategy_evolver.py	178	4	docstring
src\evolution\strategy_evolver.py	179	4	ok
src\evolution\strategy_evolver.py	180	4	ok
src\evolution\strategy_evolver.py	181	0	blank
src\evolution\strategy_evolver.py	182	4	ok
src\evolution\strategy_evolver.py	183	0	blank
src\evolution\strategy_evolver.py	184	4	docstring
src\evolution\strategy_evolver.py	185	0	blank
src\evolution\strategy_evolver.py	186	4	docstring
src\evolution\strategy_evolver.py	187	4	docstring
src\evolution\strategy_evolver.py	188	0	blank
src\evolution\strategy_evolver.py	189	4	docstring
src\evolution\strategy_evolver.py	190	4	docstring
src\evolution\strategy_evolver.py	191	0	blank
src\evolution\strategy_evolver.py	192	4	docstring
src\evolution\strategy_evolver.py	193	4	docstring
src\evolution\strategy_evolver.py	194	4	docstring
src\evolution\strategy_evolver.py	195	4	docstring
src\evolution\strategy_evolver.py	196	0	blank
src\evolution\strategy_evolver.py	197	4	docstring
src\evolution\strategy_evolver.py	198	4	docstring
src\evolution\strategy_evolver.py	199	4	docstring
src\evolution\strategy_evolver.py	200	4	docstring
src\evolution\strategy_evolver.py	201	4	docstring
src\evolution\strategy_evolver.py	202	4	docstring
src\evolution\strategy_evolver.py	203	4	docstring
src\evolution\strategy_evolver.py	204	0	blank
src\evolution\strategy_evolver.py	205	4	docstring
src\evolution\strategy_evolver.py	206	4	docstring
src\evolution\strategy_evolver.py	207	4	docstring
src\evolution\strategy_evolver.py	208	4	docstring
src\evolution\strategy_evolver.py	209	4	docstring
src\evolution\strategy_evolver.py	210	4	docstring
src\evolution\strategy_evolver.py	211	4	docstring
src\evolution\strategy_evolver.py	212	4	docstring
src\evolution\strategy_evolver.py	213	4	docstring
src\evolution\strategy_evolver.py	214	4	docstring
src\evolution\strategy_evolver.py	215	4	docstring
src\evolution\strategy_evolver.py	216	4	docstring
src\evolution\strategy_evolver.py	217	4	docstring
src\evolution\strategy_evolver.py	218	4	docstring
src\evolution\strategy_evolver.py	219	4	docstring
src\evolution\strategy_evolver.py	220	4	docstring
src\evolution\strategy_evolver.py	221	4	docstring
src\evolution\strategy_evolver.py	222	4	docstring
src\evolution\strategy_evolver.py	223	4	docstring
src\evolution\strategy_evolver.py	224	0	blank
src\evolution\strategy_evolver.py	225	4	docstring
src\evolution\strategy_evolver.py	226	0	blank
src\evolution\strategy_evolver.py	227	4	ok
src\evolution\strategy_evolver.py	228	4	ok
src\evolution\strategy_evolver.py	229	4	ok
src\evolution\strategy_evolver.py	230	4	ok
src\evolution\strategy_evolver.py	231	4	ok
src\evolution\strategy_evolver.py	232	4	ok
src\evolution\strategy_evolver.py	233	4	ok
src\evolution\strategy_evolver.py	234	0	blank
src\evolution\strategy_evolver.py	235	4	ok
src\evolution\strategy_evolver.py	236	0	blank
src\evolution\strategy_evolver.py	237	4	comment
src\evolution\strategy_evolver.py	238	4	ok
src\evolution\strategy_evolver.py	239	0	blank
src\evolution\strategy_evolver.py	240	4	ok
src\evolution\strategy_evolver.py	241	4	ok
src\evolution\strategy_evolver.py	242	4	ok
src\evolution\strategy_evolver.py	243	4	ok
src\evolution\strategy_evolver.py	244	4	ok
src\evolution\strategy_evolver.py	245	0	blank
src\evolution\strategy_evolver.py	246	4	ok
src\evolution\strategy_evolver.py	247	4	ok
src\evolution\strategy_evolver.py	248	4	ok
src\evolution\strategy_evolver.py	249	0	blank
src\evolution\strategy_evolver.py	250	4	ok
src\evolution\strategy_evolver.py	251	0	blank
src\evolution\strategy_evolver.py	252	4	ok
src\evolution\strategy_evolver.py	253	4	ok
src\evolution\strategy_evolver.py	254	4	ok
src\evolution\strategy_evolver.py	255	0	blank
src\evolution\strategy_evolver.py	256	5	typed_signature
src\evolution\strategy_evolver.py	257	4	docstring
src\evolution\strategy_evolver.py	258	4	ok
src\evolution\strategy_evolver.py	259	4	ok
src\evolution\strategy_evolver.py	260	0	blank
src\evolution\strategy_evolver.py	261	4	ok
src\evolution\strategy_evolver.py	262	4	ok
src\evolution\strategy_evolver.py	263	4	ok
src\evolution\strategy_evolver.py	264	4	ok
src\evolution\strategy_evolver.py	265	0	blank
src\evolution\strategy_evolver.py	266	4	ok
src\evolution\strategy_evolver.py	267	4	docstring
src\evolution\strategy_evolver.py	268	4	ok
src\evolution\strategy_evolver.py	269	0	blank
src\evolution\strategy_evolver.py	270	4	ok
src\evolution\strategy_evolver.py	271	4	ok
src\evolution\strategy_evolver.py	272	0	blank
src\evolution\strategy_evolver.py	273	4	ok
src\evolution\strategy_evolver.py	274	0	blank
src\evolution\strategy_evolver.py	275	4	ok
src\evolution\strategy_evolver.py	276	4	ok
src\evolution\strategy_evolver.py	277	0	blank
src\evolution\strategy_evolver.py	278	4	ok
src\evolution\strategy_evolver.py	279	4	ok
src\evolution\strategy_evolver.py	280	4	ok
src\evolution\strategy_evolver.py	281	0	blank
src\evolution\strategy_evolver.py	282	4	ok
src\evolution\strategy_evolver.py	283	0	blank
src\evolution\strategy_evolver.py	284	4	ok
src\evolution\strategy_evolver.py	285	4	ok
src\evolution\strategy_evolver.py	286	4	ok
src\evolution\strategy_evolver.py	287	4	ok
src\evolution\strategy_evolver.py	288	0	blank
src\evolution\strategy_evolver.py	289	4	comment
src\evolution\strategy_evolver.py	290	4	ok
src\evolution\strategy_evolver.py	291	4	ok
src\evolution\strategy_evolver.py	292	4	ok
src\evolution\strategy_evolver.py	293	0	blank
src\evolution\strategy_evolver.py	294	4	comment
src\evolution\strategy_evolver.py	295	4	ok
src\evolution\strategy_evolver.py	296	4	ok
src\evolution\strategy_evolver.py	297	0	blank
src\evolution\strategy_evolver.py	298	4	comment
src\evolution\strategy_evolver.py	299	4	ok
src\evolution\strategy_evolver.py	300	4	ok
src\evolution\strategy_evolver.py	301	4	ok
src\evolution\strategy_evolver.py	302	4	ok
src\evolution\strategy_evolver.py	303	4	ok
src\evolution\strategy_evolver.py	304	4	ok
src\evolution\strategy_evolver.py	305	0	blank
src\evolution\strategy_evolver.py	306	4	ok
src\evolution\strategy_evolver.py	307	0	blank
src\evolution\strategy_evolver.py	308	5	typed_signature
src\evolution\strategy_evolver.py	309	4	docstring
src\evolution\strategy_evolver.py	310	4	ok
src\evolution\strategy_evolver.py	311	0	blank
src\evolution\strategy_evolver.py	312	4	ok
src\evolution\strategy_evolver.py	313	4	ok
src\evolution\strategy_evolver.py	314	0	blank
src\evolution\strategy_evolver.py	315	4	comment
src\evolution\strategy_evolver.py	316	4	ok
src\evolution\strategy_evolver.py	317	4	ok
src\evolution\strategy_evolver.py	318	0	blank
src\evolution\strategy_evolver.py	319	4	ok
src\evolution\strategy_evolver.py	320	4	ok
src\evolution\strategy_evolver.py	321	4	ok
src\evolution\strategy_evolver.py	322	4	ok
src\evolution\strategy_evolver.py	323	0	blank
src\evolution\strategy_evolver.py	324	4	comment
src\evolution\strategy_evolver.py	325	4	ok
src\evolution\strategy_evolver.py	326	4	ok
src\evolution\strategy_evolver.py	327	0	blank
src\evolution\strategy_evolver.py	328	4	ok
src\evolution\strategy_evolver.py	329	4	ok
src\evolution\strategy_evolver.py	330	4	ok
src\evolution\strategy_evolver.py	331	4	ok
src\evolution\strategy_evolver.py	332	0	blank
src\evolution\strategy_evolver.py	333	4	comment
src\evolution\strategy_evolver.py	334	4	ok
src\evolution\strategy_evolver.py	335	4	ok
src\evolution\strategy_evolver.py	336	0	blank
src\evolution\strategy_evolver.py	337	4	ok
src\evolution\strategy_evolver.py	338	4	ok
src\evolution\strategy_evolver.py	339	4	ok
src\evolution\strategy_evolver.py	340	4	ok
src\evolution\strategy_evolver.py	341	0	blank
src\evolution\strategy_evolver.py	342	4	ok
src\evolution\strategy_evolver.py	343	4	ok
src\evolution\strategy_evolver.py	344	0	blank
src\evolution\strategy_evolver.py	345	4	ok
src\evolution\strategy_evolver.py	346	0	blank
src\evolution\strategy_evolver.py	347	4	ok
src\evolution\strategy_evolver.py	348	4	docstring
src\evolution\strategy_evolver.py	349	4	docstring
src\evolution\strategy_evolver.py	350	0	blank
src\evolution\strategy_evolver.py	351	4	docstring
src\evolution\strategy_evolver.py	352	4	docstring
src\evolution\strategy_evolver.py	353	4	docstring
src\evolution\strategy_evolver.py	354	0	blank
src\evolution\strategy_evolver.py	355	4	docstring
src\evolution\strategy_evolver.py	356	4	docstring
src\evolution\strategy_evolver.py	357	4	docstring
src\evolution\strategy_evolver.py	358	4	ok
src\evolution\strategy_evolver.py	359	4	ok
src\evolution\strategy_evolver.py	360	4	ok
src\evolution\strategy_evolver.py	361	0	blank
src\evolution\strategy_evolver.py	362	4	ok
src\evolution\strategy_evolver.py	363	0	blank
src\evolution\strategy_evolver.py	364	4	comment
src\evolution\strategy_evolver.py	365	4	ok
src\evolution\strategy_evolver.py	366	0	blank
src\evolution\strategy_evolver.py	367	4	comment
src\evolution\strategy_evolver.py	368	4	ok
src\evolution\strategy_evolver.py	369	4	ok
src\evolution\strategy_evolver.py	370	4	ok
src\evolution\strategy_evolver.py	371	0	blank
src\evolution\strategy_evolver.py	372	4	comment
src\evolution\strategy_evolver.py	373	4	ok
src\evolution\strategy_evolver.py	374	4	ok
src\evolution\strategy_evolver.py	375	4	ok
src\evolution\strategy_evolver.py	376	4	ok
src\evolution\strategy_evolver.py	377	4	ok
src\evolution\strategy_evolver.py	378	4	ok
src\evolution\strategy_evolver.py	379	0	blank
src\evolution\strategy_evolver.py	380	4	comment
src\evolution\strategy_evolver.py	381	4	ok
src\evolution\strategy_evolver.py	382	4	ok
src\evolution\strategy_evolver.py	383	4	ok
src\evolution\strategy_evolver.py	384	4	ok
src\evolution\strategy_evolver.py	385	0	blank
src\evolution\strategy_evolver.py	386	4	comment
src\evolution\strategy_evolver.py	387	4	ok
src\evolution\strategy_evolver.py	388	4	ok
src\evolution\strategy_evolver.py	389	4	ok
src\evolution\strategy_evolver.py	390	4	ok
src\evolution\strategy_evolver.py	391	4	ok
src\evolution\strategy_evolver.py	392	4	ok
src\evolution\strategy_evolver.py	393	4	ok
src\evolution\strategy_evolver.py	394	4	ok
src\evolution\strategy_evolver.py	395	4	ok
src\evolution\strategy_evolver.py	396	4	ok
src\evolution\strategy_evolver.py	397	4	ok
src\evolution\strategy_evolver.py	398	4	ok
src\evolution\strategy_evolver.py	399	4	ok
src\evolution\strategy_evolver.py	400	4	ok
src\evolution\strategy_evolver.py	401	4	ok
src\evolution\strategy_evolver.py	402	0	blank
src\evolution\strategy_evolver.py	403	4	comment
src\evolution\strategy_evolver.py	404	4	ok
src\evolution\strategy_evolver.py	405	4	ok
src\evolution\strategy_evolver.py	406	4	ok
src\evolution\strategy_evolver.py	407	4	ok
src\evolution\strategy_evolver.py	408	4	ok
src\evolution\strategy_evolver.py	409	4	ok
src\evolution\strategy_evolver.py	410	0	blank
src\evolution\strategy_evolver.py	411	4	ok
src\evolution\strategy_evolver.py	412	4	ok
src\evolution\strategy_evolver.py	413	0	blank
src\evolution\strategy_evolver.py	414	4	comment
src\evolution\strategy_evolver.py	415	4	ok
src\evolution\strategy_evolver.py	416	4	ok
src\evolution\strategy_evolver.py	417	4	ok
src\evolution\strategy_evolver.py	418	4	ok
src\evolution\strategy_evolver.py	419	4	ok
src\evolution\strategy_evolver.py	420	0	blank
src\evolution\strategy_evolver.py	421	4	ok
src\evolution\strategy_evolver.py	422	4	ok
src\evolution\strategy_evolver.py	423	4	ok
src\evolution\strategy_evolver.py	424	0	blank
src\evolution\strategy_evolver.py	425	4	ok
src\evolution\strategy_evolver.py	426	0	blank
src\evolution\strategy_evolver.py	427	4	ok
src\evolution\strategy_evolver.py	428	4	ok
src\evolution\strategy_evolver.py	429	4	ok
src\evolution\strategy_evolver.py	430	0	blank
src\evolution\strategy_evolver.py	431	4	ok
src\evolution\strategy_evolver.py	432	4	docstring
src\evolution\strategy_evolver.py	433	4	ok
src\evolution\strategy_evolver.py	434	4	ok
src\evolution\strategy_evolver.py	435	0	blank
src\evolution\strategy_evolver.py	436	4	comment
src\evolution\strategy_evolver.py	437	4	ok
src\evolution\strategy_evolver.py	438	4	ok
src\evolution\strategy_evolver.py	439	4	ok
src\evolution\strategy_evolver.py	440	0	blank
src\evolution\strategy_evolver.py	441	4	comment
src\evolution\strategy_evolver.py	442	4	comment
src\evolution\strategy_evolver.py	443	4	comment
src\evolution\strategy_evolver.py	444	4	comment
src\evolution\strategy_evolver.py	445	0	blank
src\evolution\strategy_evolver.py	446	4	ok
src\evolution\strategy_evolver.py	447	4	ok
src\evolution\strategy_evolver.py	448	4	ok
src\evolution\strategy_evolver.py	449	0	blank
src\evolution\strategy_evolver.py	450	4	ok
src\evolution\strategy_evolver.py	451	4	ok
src\evolution\strategy_evolver.py	452	4	ok
src\evolution\strategy_evolver.py	453	0	blank
src\evolution\strategy_evolver.py	454	4	ok
src\main.py	1	4	docstring
src\main.py	2	4	docstring
src\main.py	3	4	docstring
src\main.py	4	0	blank
src\main.py	5	4	docstring
src\main.py	6	4	docstring
src\main.py	7	4	docstring
src\main.py	8	4	docstring
src\main.py	9	4	docstring
src\main.py	10	4	docstring
src\main.py	11	0	blank
src\main.py	12	4	ok
src\main.py	13	4	ok
src\main.py	14	4	ok
src\main.py	15	4	ok
src\main.py	16	4	ok
src\main.py	17	4	ok
src\main.py	18	0	blank
src\main.py	19	4	ok
src\main.py	20	4	ok
src\main.py	21	4	ok
src\main.py	22	4	ok
src\main.py	23	4	ok
src\main.py	24	0	blank
src\main.py	25	4	comment
src\main.py	26	4	ok
src\main.py	27	4	ok
src\main.py	28	4	ok
src\main.py	29	3	long_line
src\main.py	30	4	ok
src\main.py	31	4	ok
src\main.py	32	0	blank
src\main.py	33	4	comment
src\main.py	34	4	ok
src\main.py	35	0	blank
src\main.py	36	4	comment
src\main.py	37	4	ok
src\main.py	38	0	blank
src\main.py	39	0	blank
src\main.py	40	5	typed_signature
src\main.py	41	4	docstring
src\main.py	42	4	ok
src\main.py	43	4	ok
src\main.py	44	4	ok
src\main.py	45	4	ok
src\main.py	46	4	ok
src\main.py	47	4	ok
src\main.py	48	4	ok
src\main.py	49	0	blank
src\main.py	50	0	blank
src\main.py	51	5	typed_signature
src\main.py	52	4	docstring
src\main.py	53	4	ok
src\main.py	54	4	ok
src\main.py	55	4	ok
src\main.py	56	4	ok
src\main.py	57	4	ok
src\main.py	58	4	ok
src\main.py	59	4	ok
src\main.py	60	4	ok
src\main.py	61	4	ok
src\main.py	62	4	ok
src\main.py	63	4	ok
src\main.py	64	4	ok
src\main.py	65	4	ok
src\main.py	66	4	ok
src\main.py	67	4	ok
src\main.py	68	0	blank
src\main.py	69	4	ok
src\main.py	70	4	ok
src\main.py	71	4	ok
src\main.py	72	4	ok
src\main.py	73	4	ok
src\main.py	74	4	ok
src\main.py	75	4	ok
src\main.py	76	4	ok
src\main.py	77	4	ok
src\main.py	78	4	ok
src\main.py	79	4	ok
src\main.py	80	4	ok
src\main.py	81	4	ok
src\main.py	82	4	ok
src\main.py	83	4	ok
src\main.py	84	4	ok
src\main.py	85	4	ok
src\main.py	86	4	ok
src\main.py	87	4	ok
src\main.py	88	4	ok
src\main.py	89	4	ok
src\main.py	90	4	ok
src\main.py	91	4	ok
src\main.py	92	4	ok
src\main.py	93	4	ok
src\main.py	94	4	ok
src\main.py	95	0	blank
src\main.py	96	4	ok
src\main.py	97	0	blank
src\main.py	98	0	blank
src\main.py	99	5	typed_signature
src\main.py	100	4	docstring
src\main.py	101	4	ok
src\main.py	102	4	ok
src\main.py	103	4	ok
src\main.py	104	4	ok
src\main.py	105	4	ok
src\main.py	106	4	ok
src\main.py	107	4	ok
src\main.py	108	4	ok
src\main.py	109	4	ok
src\main.py	110	4	ok
src\main.py	111	0	blank
src\main.py	112	5	typed_signature
src\main.py	113	4	docstring
src\main.py	114	4	ok
src\main.py	115	0	blank
src\main.py	116	4	ok
src\main.py	117	0	blank
src\main.py	118	4	ok
src\main.py	119	4	ok
src\main.py	120	4	ok
src\main.py	121	4	ok
src\main.py	122	4	ok
src\main.py	123	4	ok
src\main.py	124	4	ok
src\main.py	125	0	blank
src\main.py	126	4	ok
src\main.py	127	0	blank
src\main.py	128	0	blank
src\main.py	129	4	ok
src\main.py	130	4	docstring
src\main.py	131	4	docstring
src\main.py	132	4	docstring
src\main.py	133	4	docstring
src\main.py	134	4	docstring
src\main.py	135	4	docstring
src\main.py	136	4	docstring
src\main.py	137	4	docstring
src\main.py	138	4	docstring
src\main.py	139	4	docstring
src\main.py	140	4	docstring
src\main.py	141	4	docstring
src\main.py	142	4	docstring
src\main.py	143	4	docstring
src\main.py	144	4	docstring
src\main.py	145	4	docstring
src\main.py	146	3	print
src\main.py	147	0	blank
src\main.py	148	0	blank
src\main.py	149	4	ok
src\main.py	150	4	docstring
src\main.py	151	3	print
src\main.py	152	0	blank
src\main.py	153	4	ok
src\main.py	154	4	ok
src\main.py	155	4	ok
src\main.py	156	4	ok
src\main.py	157	0	blank
src\main.py	158	4	ok
src\main.py	159	0	blank
src\main.py	160	4	comment
src\main.py	161	4	ok
src\main.py	162	4	ok
src\main.py	163	4	ok
src\main.py	164	4	ok
src\main.py	165	4	ok
src\main.py	166	4	ok
src\main.py	167	4	ok
src\main.py	168	4	ok
src\main.py	169	4	ok
src\main.py	170	4	ok
src\main.py	171	4	ok
src\main.py	172	0	blank
src\main.py	173	4	comment
src\main.py	174	4	ok
src\main.py	175	4	ok
src\main.py	176	4	ok
src\main.py	177	4	ok
src\main.py	178	4	ok
src\main.py	179	0	blank
src\main.py	180	4	comment
src\main.py	181	4	ok
src\main.py	182	4	ok
src\main.py	183	4	ok
src\main.py	184	4	ok
src\main.py	185	4	ok
src\main.py	186	4	ok
src\main.py	187	4	ok
src\main.py	188	4	ok
src\main.py	189	4	ok
src\main.py	190	4	ok
src\main.py	191	4	ok
src\main.py	192	0	blank
src\main.py	193	3	print
src\main.py	194	3	print
src\main.py	195	0	blank
src\main.py	196	4	ok
src\main.py	197	0	blank
src\main.py	198	0	blank
src\main.py	199	4	ok
src\main.py	200	4	ok
src\main.py	201	4	ok
src\main.py	202	4	ok
src\main.py	203	4	ok
src\main.py	204	4	docstring
src\main.py	205	4	docstring
src\main.py	206	0	blank
src\main.py	207	4	docstring
src\main.py	208	4	docstring
src\main.py	209	4	docstring
src\main.py	210	4	docstring
src\main.py	211	4	docstring
src\main.py	212	4	ok
src\main.py	213	4	ok
src\main.py	214	4	ok
src\main.py	215	4	ok
src\main.py	216	4	ok
src\main.py	217	4	ok
src\main.py	218	0	blank
src\main.py	219	3	print
src\main.py	220	0	blank
src\main.py	221	4	ok
src\main.py	222	3	print
src\main.py	223	4	ok
src\main.py	224	4	ok
src\main.py	225	4	ok
src\main.py	226	4	ok
src\main.py	227	4	ok
src\main.py	228	4	ok
src\main.py	229	0	blank
src\main.py	230	4	ok
src\main.py	231	4	comment
src\main.py	232	4	ok
src\main.py	233	4	ok
src\main.py	234	4	ok
src\main.py	235	4	ok
src\main.py	236	4	ok
src\main.py	237	4	ok
src\main.py	238	4	ok
src\main.py	239	0	blank
src\main.py	240	4	comment
src\main.py	241	4	ok
src\main.py	242	4	ok
src\main.py	243	4	ok
src\main.py	244	4	ok
src\main.py	245	4	ok
src\main.py	246	4	ok
src\main.py	247	4	ok
src\main.py	248	0	blank
src\main.py	249	4	comment
src\main.py	250	4	ok
src\main.py	251	4	ok
src\main.py	252	4	ok
src\main.py	253	3	long_line
src\main.py	254	4	ok
src\main.py	255	4	ok
src\main.py	256	4	ok
src\main.py	257	4	ok
src\main.py	258	4	ok
src\main.py	259	4	ok
src\main.py	260	0	blank
src\main.py	261	4	comment
src\main.py	262	4	ok
src\main.py	263	4	docstring
src\main.py	264	4	ok
src\main.py	265	4	ok
src\main.py	266	4	ok
src\main.py	267	4	ok
src\main.py	268	4	ok
src\main.py	269	4	ok
src\main.py	270	4	ok
src\main.py	271	4	ok
src\main.py	272	4	ok
src\main.py	273	4	ok
src\main.py	274	4	ok
src\main.py	275	4	ok
src\main.py	276	4	ok
src\main.py	277	4	ok
src\main.py	278	4	ok
src\main.py	279	4	ok
src\main.py	280	4	ok
src\main.py	281	4	ok
src\main.py	282	0	blank
src\main.py	283	4	comment
src\main.py	284	4	ok
src\main.py	285	4	ok
src\main.py	286	4	ok
src\main.py	287	4	ok
src\main.py	288	4	ok
src\main.py	289	4	ok
src\main.py	290	4	ok
src\main.py	291	4	ok
src\main.py	292	4	ok
src\main.py	293	4	ok
src\main.py	294	4	ok
src\main.py	295	0	blank
src\main.py	296	4	comment
src\main.py	297	4	ok
src\main.py	298	4	ok
src\main.py	299	4	ok
src\main.py	300	4	ok
src\main.py	301	4	ok
src\main.py	302	4	ok
src\main.py	303	4	ok
src\main.py	304	0	blank
src\main.py	305	4	ok
src\main.py	306	4	ok
src\main.py	307	0	blank
src\main.py	308	4	ok
src\main.py	309	0	blank
src\main.py	310	4	comment
src\main.py	311	4	ok
src\main.py	312	4	ok
src\main.py	313	4	ok
src\main.py	314	4	ok
src\main.py	315	4	ok
src\main.py	316	4	ok
src\main.py	317	4	ok
src\main.py	318	4	ok
src\main.py	319	4	ok
src\main.py	320	4	ok
src\main.py	321	4	ok
src\main.py	322	4	ok
src\main.py	323	4	ok
src\main.py	324	0	blank
src\main.py	325	4	ok
src\main.py	326	4	ok
src\main.py	327	0	blank
src\main.py	328	4	ok
src\main.py	329	4	ok
src\main.py	330	4	ok
src\main.py	331	4	ok
src\main.py	332	4	ok
src\main.py	333	0	blank
src\main.py	334	4	comment
src\main.py	335	4	ok
src\main.py	336	4	ok
src\main.py	337	4	ok
src\main.py	338	4	ok
src\main.py	339	4	ok
src\main.py	340	4	ok
src\main.py	341	4	ok
src\main.py	342	4	ok
src\main.py	343	4	ok
src\main.py	344	4	ok
src\main.py	345	4	ok
src\main.py	346	4	ok
src\main.py	347	4	ok
src\main.py	348	4	ok
src\main.py	349	4	ok
src\main.py	350	4	ok
src\main.py	351	4	ok
src\main.py	352	0	blank
src\main.py	353	4	ok
src\main.py	354	0	blank
src\main.py	355	4	ok
src\main.py	356	0	blank
src\main.py	357	4	comment
src\main.py	358	4	ok
src\main.py	359	0	blank
src\main.py	360	4	comment
src\main.py	361	4	ok
src\main.py	362	4	ok
src\main.py	363	4	ok
src\main.py	364	4	ok
src\main.py	365	4	ok
src\main.py	366	4	ok
src\main.py	367	4	ok
src\main.py	368	0	blank
src\main.py	369	4	comment
src\main.py	370	4	comment
src\main.py	371	4	ok
src\main.py	372	4	ok
src\main.py	373	4	ok
src\main.py	374	4	ok
src\main.py	375	0	blank
src\main.py	376	4	comment
src\main.py	377	4	ok
src\main.py	378	4	ok
src\main.py	379	4	ok
src\main.py	380	4	ok
src\main.py	381	4	ok
src\main.py	382	4	ok
src\main.py	383	4	ok
src\main.py	384	4	ok
src\main.py	385	4	ok
src\main.py	386	4	ok
src\main.py	387	4	ok
src\main.py	388	4	ok
src\main.py	389	4	ok
src\main.py	390	4	ok
src\main.py	391	4	ok
src\main.py	392	4	ok
src\main.py	393	4	ok
src\main.py	394	4	ok
src\main.py	395	4	ok
src\main.py	396	4	ok
src\main.py	397	4	ok
src\main.py	398	4	ok
src\main.py	399	4	ok
src\main.py	400	0	blank
src\main.py	401	4	comment
src\main.py	402	4	ok
src\main.py	403	4	ok
src\main.py	404	4	ok
src\main.py	405	3	long_line
src\main.py	406	4	ok
src\main.py	407	4	ok
src\main.py	408	0	blank
src\main.py	409	4	comment
src\main.py	410	4	ok
src\main.py	411	4	ok
src\main.py	412	4	ok
src\main.py	413	4	ok
src\main.py	414	4	ok
src\main.py	415	4	ok
src\main.py	416	4	ok
src\main.py	417	4	ok
src\main.py	418	4	ok
src\main.py	419	4	ok
src\main.py	420	4	ok
src\main.py	421	0	blank
src\main.py	422	0	blank
src\main.py	423	4	comment
src\main.py	424	4	comment
src\main.py	425	0	blank
src\main.py	426	4	comment
src\main.py	427	4	ok
src\main.py	428	4	ok
src\main.py	429	0	blank
src\main.py	430	4	comment
src\main.py	431	4	ok
src\main.py	432	4	ok
src\main.py	433	4	ok
src\main.py	434	4	ok
src\main.py	435	4	ok
src\main.py	436	4	ok
src\main.py	437	4	ok
src\main.py	438	4	ok
src\main.py	439	4	ok
src\main.py	440	4	ok
src\main.py	441	4	ok
src\main.py	442	4	ok
src\main.py	443	4	ok
src\main.py	444	4	ok
src\main.py	445	4	ok
src\main.py	446	4	ok
src\main.py	447	4	ok
src\main.py	448	4	ok
src\main.py	449	4	ok
src\main.py	450	4	ok
src\main.py	451	4	ok
src\main.py	452	4	ok
src\main.py	453	0	blank
src\main.py	454	4	comment
src\main.py	455	4	ok
src\main.py	456	4	ok
src\main.py	457	4	ok
src\main.py	458	4	ok
src\main.py	459	4	ok
src\main.py	460	4	ok
src\main.py	461	4	ok
src\main.py	462	4	ok
src\main.py	463	4	ok
src\main.py	464	4	ok
src\main.py	465	4	ok
src\main.py	466	4	ok
src\main.py	467	4	ok
src\main.py	468	4	ok
src\main.py	469	4	ok
src\main.py	470	4	ok
src\main.py	471	4	ok
src\main.py	472	4	ok
src\main.py	473	4	ok
src\main.py	474	4	ok
src\main.py	475	4	ok
src\main.py	476	4	ok
src\main.py	477	4	ok
src\main.py	478	4	ok
src\main.py	479	0	blank
src\main.py	480	4	comment
src\main.py	481	4	ok
src\main.py	482	4	ok
src\main.py	483	4	ok
src\main.py	484	4	ok
src\main.py	485	4	ok
src\main.py	486	4	ok
src\main.py	487	4	ok
src\main.py	488	4	ok
src\main.py	489	4	ok
src\main.py	490	4	ok
src\main.py	491	4	ok
src\main.py	492	4	ok
src\main.py	493	4	ok
src\main.py	494	4	ok
src\main.py	495	4	ok
src\main.py	496	4	ok
src\main.py	497	4	ok
src\main.py	498	4	ok
src\main.py	499	4	ok
src\main.py	500	4	ok
src\main.py	501	4	ok
src\main.py	502	4	ok
src\main.py	503	4	ok
src\main.py	504	4	ok
src\main.py	505	0	blank
src\main.py	506	4	comment
src\main.py	507	4	comment
src\main.py	508	4	ok
src\main.py	509	4	ok
src\main.py	510	0	blank
src\main.py	511	4	ok
src\main.py	512	4	ok
src\main.py	513	4	comment
src\main.py	514	4	ok
src\main.py	515	4	comment
src\main.py	516	4	ok
src\main.py	517	4	ok
src\main.py	518	4	ok
src\main.py	519	4	ok
src\main.py	520	3	long_line
src\main.py	521	4	ok
src\main.py	522	4	ok
src\main.py	523	4	ok
src\main.py	524	4	comment
src\main.py	525	4	ok
src\main.py	526	4	comment
src\main.py	527	4	ok
src\main.py	528	4	ok
src\main.py	529	4	ok
src\main.py	530	4	ok
src\main.py	531	3	long_line
src\main.py	532	4	ok
src\main.py	533	4	ok
src\main.py	534	0	blank
src\main.py	535	4	comment
src\main.py	536	4	ok
src\main.py	537	4	ok
src\main.py	538	0	blank
src\main.py	539	4	ok
src\main.py	540	4	comment
src\main.py	541	4	ok
src\main.py	542	3	long_line
src\main.py	543	4	ok
src\main.py	544	4	ok
src\main.py	545	4	ok
src\main.py	546	4	ok
src\main.py	547	4	ok
src\main.py	548	4	ok
src\main.py	549	4	ok
src\main.py	550	4	ok
src\main.py	551	4	ok
src\main.py	552	4	ok
src\main.py	553	4	ok
src\main.py	554	4	ok
src\main.py	555	4	ok
src\main.py	556	4	ok
src\main.py	557	4	ok
src\main.py	558	4	ok
src\main.py	559	4	ok
src\main.py	560	4	ok
src\main.py	561	4	ok
src\main.py	562	4	ok
src\main.py	563	0	blank
src\main.py	564	0	blank
src\main.py	565	4	comment
src\main.py	566	4	ok
src\main.py	567	4	ok
src\main.py	568	4	ok
src\main.py	569	0	blank
src\main.py	570	4	comment
src\main.py	571	4	ok
src\main.py	572	0	blank
src\main.py	573	4	comment
src\main.py	574	4	ok
src\main.py	575	0	blank
src\main.py	576	4	comment
src\main.py	577	4	ok
src\main.py	578	4	ok
src\main.py	579	4	ok
src\main.py	580	4	ok
src\main.py	581	4	ok
src\main.py	582	0	blank
src\main.py	583	4	ok
src\main.py	584	4	ok
src\main.py	585	4	ok
src\main.py	586	4	ok
src\main.py	587	4	ok
src\main.py	588	0	blank
src\main.py	589	4	ok
src\main.py	590	4	comment
src\main.py	591	4	ok
src\main.py	592	4	ok
src\main.py	593	4	ok
src\main.py	594	4	ok
src\main.py	595	4	ok
src\main.py	596	0	blank
src\main.py	597	4	ok
src\main.py	598	4	ok
src\main.py	599	3	long_line
src\main.py	600	4	ok
src\main.py	601	4	ok
src\main.py	602	4	ok
src\main.py	603	4	ok
src\main.py	604	4	ok
src\main.py	605	4	ok
src\main.py	606	4	ok
src\main.py	607	0	blank
src\main.py	608	4	ok
src\main.py	609	4	comment
src\main.py	610	4	ok
src\main.py	611	4	ok
src\main.py	612	4	ok
src\main.py	613	4	ok
src\main.py	614	4	ok
src\main.py	615	4	ok
src\main.py	616	4	ok
src\main.py	617	4	ok
src\main.py	618	4	ok
src\main.py	619	4	ok
src\main.py	620	0	blank
src\main.py	621	4	ok
src\main.py	622	4	ok
src\main.py	623	4	ok
src\main.py	624	4	ok
src\main.py	625	4	ok
src\main.py	626	4	ok
src\main.py	627	4	ok
src\main.py	628	4	ok
src\main.py	629	4	ok
src\main.py	630	4	ok
src\main.py	631	4	ok
src\main.py	632	4	ok
src\main.py	633	0	blank
src\main.py	634	4	ok
src\main.py	635	4	comment
src\main.py	636	4	ok
src\main.py	637	4	ok
src\main.py	638	4	ok
src\main.py	639	4	ok
src\main.py	640	4	ok
src\main.py	641	4	ok
src\main.py	642	4	ok
src\main.py	643	4	ok
src\main.py	644	4	ok
src\main.py	645	4	ok
src\main.py	646	0	blank
src\main.py	647	4	comment
src\main.py	648	4	ok
src\main.py	649	4	ok
src\main.py	650	4	ok
src\main.py	651	4	ok
src\main.py	652	4	ok
src\main.py	653	3	long_line
src\main.py	654	4	ok
src\main.py	655	4	ok
src\main.py	656	0	blank
src\main.py	657	4	ok
src\main.py	658	4	ok
src\main.py	659	4	ok
src\main.py	660	4	ok
src\main.py	661	0	blank
src\main.py	662	4	ok
src\main.py	663	4	ok
src\main.py	664	4	ok
src\main.py	665	4	ok
src\main.py	666	4	ok
src\main.py	667	4	ok
src\main.py	668	4	ok
src\main.py	669	3	long_line
src\main.py	670	4	ok
src\main.py	671	0	blank
src\main.py	672	4	ok
src\main.py	673	4	ok
src\main.py	674	0	blank
src\main.py	675	4	comment
src\main.py	676	4	ok
src\main.py	677	0	blank
src\main.py	678	4	ok
src\main.py	679	4	ok
src\main.py	680	4	ok
src\main.py	681	4	comment
src\main.py	682	4	ok
src\main.py	683	4	ok
src\main.py	684	4	ok
src\main.py	685	4	ok
src\main.py	686	4	ok
src\main.py	687	4	ok
src\main.py	688	0	blank
src\main.py	689	4	comment
src\main.py	690	4	ok
src\main.py	691	4	ok
src\main.py	692	4	ok
src\main.py	693	4	ok
src\main.py	694	4	ok
src\main.py	695	4	ok
src\main.py	696	4	ok
src\main.py	697	4	ok
src\main.py	698	0	blank
src\main.py	699	4	comment
src\main.py	700	4	ok
src\main.py	701	4	ok
src\main.py	702	4	ok
src\main.py	703	4	ok
src\main.py	704	4	ok
src\main.py	705	0	blank
src\main.py	706	4	comment
src\main.py	707	4	ok
src\main.py	708	4	ok
src\main.py	709	0	blank
src\main.py	710	4	comment
src\main.py	711	4	ok
src\main.py	712	4	ok
src\main.py	713	0	blank
src\main.py	714	4	comment
src\main.py	715	4	ok
src\main.py	716	4	ok
src\main.py	717	4	ok
src\main.py	718	4	ok
src\main.py	719	4	ok
src\main.py	720	4	ok
src\main.py	721	4	ok
src\main.py	722	4	ok
src\main.py	723	4	ok
src\main.py	724	3	long_line
src\main.py	725	4	ok
src\main.py	726	4	ok
src\main.py	727	4	ok
src\main.py	728	4	ok
src\main.py	729	2	bare_except
src\main.py	730	2	stub
src\main.py	731	0	blank
src\main.py	732	4	comment
src\main.py	733	4	ok
src\main.py	734	4	ok
src\main.py	735	4	ok
src\main.py	736	4	ok
src\main.py	737	4	ok
src\main.py	738	4	ok
src\main.py	739	4	ok
src\main.py	740	2	bare_except
src\main.py	741	2	stub
src\main.py	742	0	blank
src\main.py	743	4	comment
src\main.py	744	4	ok
src\main.py	745	4	ok
src\main.py	746	4	ok
src\main.py	747	4	ok
src\main.py	748	4	ok
src\main.py	749	2	bare_except
src\main.py	750	2	stub
src\main.py	751	0	blank
src\main.py	752	4	comment
src\main.py	753	4	ok
src\main.py	754	4	ok
src\main.py	755	4	ok
src\main.py	756	4	ok
src\main.py	757	4	ok
src\main.py	758	4	ok
src\main.py	759	4	ok
src\main.py	760	4	ok
src\main.py	761	4	ok
src\main.py	762	4	ok
src\main.py	763	4	ok
src\main.py	764	4	ok
src\main.py	765	4	ok
src\main.py	766	4	ok
src\main.py	767	0	blank
src\main.py	768	4	ok
src\main.py	769	4	ok
src\main.py	770	4	ok
src\main.py	771	4	ok
src\main.py	772	4	ok
src\main.py	773	4	ok
src\main.py	774	4	ok
src\main.py	775	4	ok
src\main.py	776	4	ok
src\main.py	777	4	ok
src\main.py	778	4	ok
src\main.py	779	4	ok
src\main.py	780	4	ok
src\main.py	781	4	comment
src\main.py	782	4	ok
src\main.py	783	4	ok
src\main.py	784	4	ok
src\main.py	785	4	ok
src\main.py	786	4	ok
src\main.py	787	4	ok
src\main.py	788	4	ok
src\main.py	789	4	ok
src\main.py	790	0	blank
src\main.py	791	4	comment
src\main.py	792	4	ok
src\main.py	793	4	ok
src\main.py	794	4	ok
src\main.py	795	4	ok
src\main.py	796	4	ok
src\main.py	797	4	ok
src\main.py	798	4	ok
src\main.py	799	4	ok
src\main.py	800	4	ok
src\main.py	801	4	ok
src\main.py	802	4	ok
src\main.py	803	4	ok
src\main.py	804	4	ok
src\main.py	805	0	blank
src\main.py	806	4	comment
src\main.py	807	4	ok
src\main.py	808	4	ok
src\main.py	809	4	ok
src\main.py	810	4	ok
src\main.py	811	0	blank
src\main.py	812	4	comment
src\main.py	813	4	ok
src\main.py	814	4	ok
src\main.py	815	4	ok
src\main.py	816	0	blank
src\main.py	817	4	comment
src\main.py	818	4	ok
src\main.py	819	4	ok
src\main.py	820	4	ok
src\main.py	821	0	blank
src\main.py	822	4	comment
src\main.py	823	4	ok
src\main.py	824	4	ok
src\main.py	825	4	ok
src\main.py	826	4	ok
src\main.py	827	4	ok
src\main.py	828	4	ok
src\main.py	829	0	blank
src\main.py	830	4	comment
src\main.py	831	4	ok
src\main.py	832	4	ok
src\main.py	833	4	ok
src\main.py	834	3	long_line
src\main.py	835	0	blank
src\main.py	836	4	comment
src\main.py	837	4	ok
src\main.py	838	4	ok
src\main.py	839	4	ok
src\main.py	840	4	ok
src\main.py	841	4	ok
src\main.py	842	0	blank
src\main.py	843	4	comment
src\main.py	844	4	ok
src\main.py	845	4	ok
src\main.py	846	4	ok
src\main.py	847	3	long_line
src\main.py	848	4	ok
src\main.py	849	4	ok
src\main.py	850	4	ok
src\main.py	851	4	ok
src\main.py	852	4	ok
src\main.py	853	3	long_line
src\main.py	854	0	blank
src\main.py	855	4	ok
src\main.py	856	4	ok
src\main.py	857	0	blank
src\main.py	858	4	comment
src\main.py	859	4	ok
src\main.py	860	4	ok
src\main.py	861	0	blank
src\main.py	862	4	ok
src\main.py	863	4	ok
src\main.py	864	4	ok
src\main.py	865	4	ok
src\main.py	866	4	ok
src\main.py	867	4	ok
src\main.py	868	0	blank
src\main.py	869	0	blank
src\main.py	870	4	ok
src\main.py	871	4	ok
src\main.py	872	4	ok
src\main.py	873	4	ok
src\main.py	874	4	ok
src\main.py	875	4	docstring
src\main.py	876	4	docstring
src\main.py	877	0	blank
src\main.py	878	4	docstring
src\main.py	879	4	docstring
src\main.py	880	4	docstring
src\main.py	881	4	docstring
src\main.py	882	4	docstring
src\main.py	883	3	print
src\main.py	884	0	blank
src\main.py	885	4	comment
src\main.py	886	3	print
src\main.py	887	3	print
src\main.py	888	0	blank
src\main.py	889	0	blank
src\main.py	890	4	ok
src\main.py	891	4	docstring
src\main.py	892	4	ok
src\main.py	893	4	ok
src\main.py	894	4	ok
src\main.py	895	4	ok
src\main.py	896	4	ok
src\main.py	897	4	ok
src\main.py	898	4	ok
src\main.py	899	4	ok
src\main.py	900	4	ok
src\main.py	901	4	ok
src\main.py	902	4	ok
src\main.py	903	4	ok
src\main.py	904	4	ok
src\main.py	905	4	ok
src\main.py	906	4	ok
src\main.py	907	4	ok
src\main.py	908	4	ok
src\main.py	909	4	ok
src\main.py	910	4	ok
src\main.py	911	4	ok
src\main.py	912	4	ok
src\main.py	913	4	ok
src\main.py	914	4	ok
src\main.py	915	4	ok
src\main.py	916	4	ok
src\main.py	917	4	ok
src\main.py	918	4	ok
src\main.py	919	4	ok
src\main.py	920	4	ok
src\main.py	921	4	ok
src\main.py	922	4	ok
src\main.py	923	0	blank
src\main.py	924	4	ok
src\main.py	925	0	blank
src\main.py	926	4	comment
src\main.py	927	4	ok
src\main.py	928	0	blank
src\main.py	929	4	comment
src\main.py	930	4	ok
src\main.py	931	4	ok
src\main.py	932	4	ok
src\main.py	933	4	ok
src\main.py	934	0	blank
src\main.py	935	4	ok
src\main.py	936	4	ok
src\main.py	937	0	blank
src\main.py	938	4	ok
src\main.py	939	4	ok
src\main.py	940	4	ok
src\main.py	941	4	ok
src\main.py	942	3	print
src\main.py	943	4	ok
src\main.py	944	3	print
src\main.py	945	0	blank
src\main.py	946	4	ok
src\main.py	947	4	ok
src\main.py	948	4	ok
src\main.py	949	4	ok
src\main.py	950	4	ok
src\main.py	951	4	ok
src\main.py	952	0	blank
src\main.py	953	4	ok
src\main.py	954	4	ok
src\main.py	955	3	print
src\main.py	956	4	ok
src\main.py	957	4	ok
src\main.py	958	4	ok
src\main.py	959	4	ok
src\main.py	960	4	ok
src\main.py	961	4	ok
src\main.py	962	0	blank
src\main.py	963	4	ok
src\main.py	964	4	ok
src\main.py	965	4	ok
src\main.py	966	3	print
src\main.py	967	0	blank
src\main.py	968	0	blank
src\main.py	969	4	ok
src\main.py	970	4	ok
src\memory\__init__.py	1	4	docstring
src\memory\__init__.py	2	4	docstring
src\memory\__init__.py	3	4	docstring
src\memory\__init__.py	4	4	docstring
src\memory\agent_journal.py	1	4	docstring
src\memory\agent_journal.py	2	4	docstring
src\memory\agent_journal.py	3	4	docstring
src\memory\agent_journal.py	4	4	docstring
src\memory\agent_journal.py	5	4	ok
src\memory\agent_journal.py	6	4	ok
src\memory\agent_journal.py	7	4	ok
src\memory\agent_journal.py	8	4	ok
src\memory\agent_journal.py	9	4	ok
src\memory\agent_journal.py	10	0	blank
src\memory\agent_journal.py	11	0	blank
src\memory\agent_journal.py	12	4	ok
src\memory\agent_journal.py	13	4	docstring
src\memory\agent_journal.py	14	4	docstring
src\memory\agent_journal.py	15	0	blank
src\memory\agent_journal.py	16	4	docstring
src\memory\agent_journal.py	17	4	docstring
src\memory\agent_journal.py	18	4	docstring
src\memory\agent_journal.py	19	4	docstring
src\memory\agent_journal.py	20	4	docstring
src\memory\agent_journal.py	21	4	docstring
src\memory\agent_journal.py	22	4	docstring
src\memory\agent_journal.py	23	0	blank
src\memory\agent_journal.py	24	4	ok
src\memory\agent_journal.py	25	4	ok
src\memory\agent_journal.py	26	0	blank
src\memory\agent_journal.py	27	4	ok
src\memory\agent_journal.py	28	4	ok
src\memory\agent_journal.py	29	0	blank
src\memory\agent_journal.py	30	5	typed_signature
src\memory\agent_journal.py	31	4	docstring
src\memory\agent_journal.py	32	4	ok
src\memory\agent_journal.py	33	4	ok
src\memory\agent_journal.py	34	4	ok
src\memory\agent_journal.py	35	4	ok
src\memory\agent_journal.py	36	4	ok
src\memory\agent_journal.py	37	4	ok
src\memory\agent_journal.py	38	4	ok
src\memory\agent_journal.py	39	4	ok
src\memory\agent_journal.py	40	0	blank
src\memory\agent_journal.py	41	4	comment
src\memory\agent_journal.py	42	4	ok
src\memory\agent_journal.py	43	4	ok
src\memory\agent_journal.py	44	4	ok
src\memory\agent_journal.py	45	4	ok
src\memory\agent_journal.py	46	4	ok
src\memory\agent_journal.py	47	4	ok
src\memory\agent_journal.py	48	4	ok
src\memory\agent_journal.py	49	4	ok
src\memory\agent_journal.py	50	4	ok
src\memory\agent_journal.py	51	4	ok
src\memory\agent_journal.py	52	4	ok
src\memory\agent_journal.py	53	4	ok
src\memory\agent_journal.py	54	4	ok
src\memory\agent_journal.py	55	4	ok
src\memory\agent_journal.py	56	4	ok
src\memory\agent_journal.py	57	4	ok
src\memory\agent_journal.py	58	4	ok
src\memory\agent_journal.py	59	4	ok
src\memory\agent_journal.py	60	0	blank
src\memory\agent_journal.py	61	4	ok
src\memory\agent_journal.py	62	4	docstring
src\memory\agent_journal.py	63	4	ok
src\memory\agent_journal.py	64	4	ok
src\memory\agent_journal.py	65	4	ok
src\memory\agent_journal.py	66	4	ok
src\memory\agent_journal.py	67	4	ok
src\memory\agent_journal.py	68	4	ok
src\memory\agent_journal.py	69	0	blank
src\memory\agent_journal.py	70	4	ok
src\memory\agent_journal.py	71	4	docstring
src\memory\agent_journal.py	72	4	ok
src\memory\agent_journal.py	73	4	ok
src\memory\agent_journal.py	74	4	ok
src\memory\agent_journal.py	75	0	blank
src\memory\agent_journal.py	76	5	typed_signature
src\memory\agent_journal.py	77	4	ok
src\memory\agent_journal.py	78	0	blank
src\memory\agent_journal.py	79	5	typed_signature
src\memory\agent_journal.py	80	4	docstring
src\memory\agent_journal.py	81	4	docstring
src\memory\agent_journal.py	82	0	blank
src\memory\agent_journal.py	83	4	docstring
src\memory\agent_journal.py	84	4	docstring
src\memory\agent_journal.py	85	4	docstring
src\memory\agent_journal.py	86	4	docstring
src\memory\agent_journal.py	87	4	docstring
src\memory\agent_journal.py	88	4	docstring
src\memory\agent_journal.py	89	4	docstring
src\memory\agent_journal.py	90	4	docstring
src\memory\agent_journal.py	91	4	docstring
src\memory\agent_journal.py	92	4	docstring
src\memory\agent_journal.py	93	4	ok
src\memory\agent_journal.py	94	4	ok
src\memory\agent_journal.py	95	0	blank
src\memory\agent_journal.py	96	4	ok
src\memory\agent_journal.py	97	4	ok
src\memory\agent_journal.py	98	4	ok
src\memory\agent_journal.py	99	4	comment
src\memory\agent_journal.py	100	4	ok
src\memory\agent_journal.py	101	0	blank
src\memory\agent_journal.py	102	4	comment
src\memory\agent_journal.py	103	4	ok
src\memory\agent_journal.py	104	4	ok
src\memory\agent_journal.py	105	0	blank
src\memory\agent_journal.py	106	4	ok
src\memory\agent_journal.py	107	4	ok
src\memory\agent_journal.py	108	0	blank
src\memory\agent_journal.py	109	5	typed_signature
src\memory\agent_journal.py	110	4	docstring
src\memory\agent_journal.py	111	4	docstring
src\memory\agent_journal.py	112	0	blank
src\memory\agent_journal.py	113	4	docstring
src\memory\agent_journal.py	114	4	docstring
src\memory\agent_journal.py	115	0	blank
src\memory\agent_journal.py	116	4	docstring
src\memory\agent_journal.py	117	4	docstring
src\memory\agent_journal.py	118	4	docstring
src\memory\agent_journal.py	119	4	docstring
src\memory\agent_journal.py	120	4	docstring
src\memory\agent_journal.py	121	4	docstring
src\memory\agent_journal.py	122	4	docstring
src\memory\agent_journal.py	123	4	ok
src\memory\agent_journal.py	124	0	blank
src\memory\agent_journal.py	125	4	ok
src\memory\agent_journal.py	126	4	ok
src\memory\agent_journal.py	127	0	blank
src\memory\agent_journal.py	128	4	comment
src\memory\agent_journal.py	129	4	ok
src\memory\agent_journal.py	130	4	ok
src\memory\agent_journal.py	131	0	blank
src\memory\agent_journal.py	132	4	ok
src\memory\agent_journal.py	133	4	ok
src\memory\agent_journal.py	134	4	ok
src\memory\agent_journal.py	135	4	ok
src\memory\agent_journal.py	136	0	blank
src\memory\agent_journal.py	137	4	comment
src\memory\agent_journal.py	138	4	ok
src\memory\agent_journal.py	139	4	ok
src\memory\agent_journal.py	140	4	ok
src\memory\agent_journal.py	141	4	ok
src\memory\agent_journal.py	142	4	ok
src\memory\agent_journal.py	143	4	ok
src\memory\agent_journal.py	144	4	ok
src\memory\agent_journal.py	145	0	blank
src\memory\agent_journal.py	146	4	comment
src\memory\agent_journal.py	147	4	ok
src\memory\agent_journal.py	148	4	ok
src\memory\agent_journal.py	149	0	blank
src\memory\agent_journal.py	150	4	comment
src\memory\agent_journal.py	151	4	ok
src\memory\agent_journal.py	152	4	ok
src\memory\agent_journal.py	153	4	ok
src\memory\agent_journal.py	154	4	ok
src\memory\agent_journal.py	155	4	ok
src\memory\agent_journal.py	156	4	ok
src\memory\agent_journal.py	157	4	ok
src\memory\agent_journal.py	158	0	blank
src\memory\agent_journal.py	159	4	comment
src\memory\agent_journal.py	160	4	ok
src\memory\agent_journal.py	161	0	blank
src\memory\agent_journal.py	162	4	comment
src\memory\agent_journal.py	163	4	ok
src\memory\agent_journal.py	164	4	ok
src\memory\agent_journal.py	165	0	blank
src\memory\agent_journal.py	166	4	ok
src\memory\agent_journal.py	167	4	ok
src\memory\agent_journal.py	168	4	docstring
src\memory\agent_journal.py	169	4	docstring
src\memory\agent_journal.py	170	4	docstring
src\memory\agent_journal.py	171	4	docstring
src\memory\agent_journal.py	172	0	blank
src\memory\agent_journal.py	173	4	docstring
src\memory\agent_journal.py	174	4	docstring
src\memory\agent_journal.py	175	4	docstring
src\memory\agent_journal.py	176	0	blank
src\memory\agent_journal.py	177	4	docstring
src\memory\agent_journal.py	178	0	blank
src\memory\agent_journal.py	179	4	docstring
src\memory\agent_journal.py	180	4	docstring
src\memory\agent_journal.py	181	0	blank
src\memory\agent_journal.py	182	4	docstring
src\memory\agent_journal.py	183	4	docstring
src\memory\agent_journal.py	184	4	docstring
src\memory\agent_journal.py	185	0	blank
src\memory\agent_journal.py	186	4	docstring
src\memory\agent_journal.py	187	4	docstring
src\memory\agent_journal.py	188	0	blank
src\memory\agent_journal.py	189	4	docstring
src\memory\agent_journal.py	190	4	docstring
src\memory\agent_journal.py	191	0	blank
src\memory\agent_journal.py	192	4	docstring
src\memory\agent_journal.py	193	4	docstring
src\memory\agent_journal.py	194	0	blank
src\memory\agent_journal.py	195	4	docstring
src\memory\agent_journal.py	196	4	docstring
src\memory\agent_journal.py	197	0	blank
src\memory\agent_journal.py	198	4	ok
src\memory\agent_journal.py	199	4	ok
src\memory\agent_journal.py	200	4	ok
src\memory\agent_journal.py	201	4	ok
src\memory\agent_journal.py	202	4	ok
src\memory\agent_journal.py	203	4	ok
src\memory\agent_journal.py	204	4	ok
src\memory\agent_journal.py	205	0	blank
src\memory\agent_journal.py	206	0	blank
src\memory\agent_journal.py	207	5	typed_signature
src\memory\agent_journal.py	208	4	docstring
src\memory\agent_journal.py	209	4	ok
src\memory\agent_journal.py	210	0	blank
src\memory\agent_journal.py	211	4	ok
src\memory\agent_journal.py	212	4	ok
src\memory\agent_journal.py	213	0	blank
src\memory\agent_journal.py	214	4	ok
src\memory\agent_journal.py	215	4	ok
src\memory\agent_journal.py	216	4	ok
src\memory\agent_journal.py	217	4	ok
src\memory\agent_journal.py	218	4	ok
src\memory\agent_journal.py	219	4	ok
src\memory\agent_journal.py	220	0	blank
src\memory\agent_journal.py	221	4	ok
src\memory\agent_journal.py	222	4	ok
src\memory\agent_journal.py	223	4	ok
src\memory\agent_journal.py	224	4	ok
src\memory\agent_journal.py	225	4	ok
src\memory\agent_journal.py	226	4	ok
src\memory\agent_journal.py	227	0	blank
src\memory\agent_journal.py	228	4	comment
src\memory\agent_journal.py	229	4	ok
src\memory\agent_journal.py	230	4	ok
src\memory\agent_journal.py	231	4	ok
src\memory\agent_journal.py	232	4	ok
src\memory\agent_journal.py	233	4	ok
src\memory\agent_journal.py	234	4	ok
src\memory\agent_journal.py	235	4	ok
src\memory\agent_journal.py	236	0	blank
src\memory\agent_journal.py	237	4	ok
src\memory\agent_journal.py	238	3	long_line
src\memory\agent_journal.py	239	4	ok
src\memory\agent_journal.py	240	0	blank
src\memory\agent_journal.py	241	4	ok
src\memory\agent_journal.py	242	4	ok
src\memory\agent_journal.py	243	4	ok
src\memory\agent_journal.py	244	4	ok
src\memory\agent_journal.py	245	0	blank
src\memory\agent_journal.py	246	5	typed_signature
src\memory\agent_journal.py	247	4	docstring
src\memory\agent_journal.py	248	4	docstring
src\memory\agent_journal.py	249	0	blank
src\memory\agent_journal.py	250	4	docstring
src\memory\agent_journal.py	251	4	docstring
src\memory\agent_journal.py	252	4	docstring
src\memory\agent_journal.py	253	4	docstring
src\memory\agent_journal.py	254	4	docstring
src\memory\agent_journal.py	255	4	comment
src\memory\agent_journal.py	256	4	ok
src\memory\agent_journal.py	257	4	ok
src\memory\agent_journal.py	258	4	ok
src\memory\agent_journal.py	259	4	ok
src\memory\agent_journal.py	260	4	ok
src\memory\agent_journal.py	261	4	ok
src\memory\agent_journal.py	262	4	ok
src\memory\agent_journal.py	263	4	ok
src\memory\agent_journal.py	264	4	ok
src\memory\agent_journal.py	265	0	blank
src\memory\agent_journal.py	266	4	ok
src\memory\agent_journal.py	267	4	ok
src\memory\agent_journal.py	268	0	blank
src\memory\agent_journal.py	269	4	ok
src\memory\agent_journal.py	270	4	ok
src\memory\agent_journal.py	271	4	ok
src\memory\agent_journal.py	272	4	ok
src\memory\agent_journal.py	273	4	ok
src\memory\agent_journal.py	274	4	ok
src\memory\agent_journal.py	275	0	blank
src\memory\agent_journal.py	276	4	comment
src\memory\agent_journal.py	277	4	ok
src\memory\agent_journal.py	278	4	ok
src\memory\agent_journal.py	279	4	ok
src\memory\agent_journal.py	280	0	blank
src\memory\agent_journal.py	281	4	comment
src\memory\agent_journal.py	282	4	ok
src\memory\agent_journal.py	283	4	ok
src\memory\agent_journal.py	284	4	ok
src\memory\agent_journal.py	285	4	ok
src\memory\agent_journal.py	286	4	ok
src\memory\agent_journal.py	287	4	ok
src\memory\agent_journal.py	288	4	ok
src\memory\agent_journal.py	289	0	blank
src\memory\agent_journal.py	290	4	ok
src\memory\agent_journal.py	291	4	ok
src\memory\agent_journal.py	292	0	blank
src\memory\agent_journal.py	293	5	typed_signature
src\memory\agent_journal.py	294	4	docstring
src\memory\agent_journal.py	295	4	docstring
src\memory\agent_journal.py	296	4	docstring
src\memory\agent_journal.py	297	4	docstring
src\memory\agent_journal.py	298	4	comment
src\memory\agent_journal.py	299	4	ok
src\memory\agent_journal.py	300	4	ok
src\memory\agent_journal.py	301	4	ok
src\memory\agent_journal.py	302	4	ok
src\memory\agent_journal.py	303	4	ok
src\memory\agent_journal.py	304	4	ok
src\memory\agent_journal.py	305	4	ok
src\memory\agent_journal.py	306	4	ok
src\memory\agent_journal.py	307	4	ok
src\memory\agent_journal.py	308	0	blank
src\memory\agent_journal.py	309	4	ok
src\memory\agent_journal.py	310	4	ok
src\memory\agent_journal.py	311	4	ok
src\memory\agent_journal.py	312	0	blank
src\memory\agent_journal.py	313	4	ok
src\memory\agent_journal.py	314	4	ok
src\memory\agent_journal.py	315	0	blank
src\memory\agent_journal.py	316	4	ok
src\memory\agent_journal.py	317	4	ok
src\memory\agent_journal.py	318	4	ok
src\memory\agent_journal.py	319	4	ok
src\memory\agent_journal.py	320	4	ok
src\memory\agent_journal.py	321	4	ok
src\memory\agent_journal.py	322	0	blank
src\memory\agent_journal.py	323	4	comment
src\memory\agent_journal.py	324	4	ok
src\memory\agent_journal.py	325	4	comment
src\memory\agent_journal.py	326	4	ok
src\memory\agent_journal.py	327	4	ok
src\memory\agent_journal.py	328	4	ok
src\memory\agent_journal.py	329	4	ok
src\memory\agent_journal.py	330	4	ok
src\memory\agent_journal.py	331	4	ok
src\memory\agent_journal.py	332	4	ok
src\memory\agent_journal.py	333	2	bare_except
src\memory\agent_journal.py	334	4	ok
src\memory\agent_journal.py	335	4	ok
src\memory\agent_journal.py	336	0	blank
src\memory\agent_journal.py	337	4	docstring
src\memory\agent_journal.py	338	4	docstring
src\memory\agent_journal.py	339	4	docstring
src\memory\agent_journal.py	340	4	docstring
src\memory\agent_journal.py	341	4	docstring
src\memory\agent_journal.py	342	4	docstring
src\memory\agent_journal.py	343	4	docstring
src\memory\agent_journal.py	344	4	docstring
src\memory\agent_journal.py	345	0	blank
src\memory\agent_journal.py	346	4	comment
src\memory\agent_journal.py	347	4	ok
src\memory\agent_journal.py	348	4	ok
src\memory\agent_journal.py	349	4	ok
src\memory\agent_journal.py	350	4	ok
src\memory\agent_journal.py	351	0	blank
src\memory\agent_journal.py	352	4	comment
src\memory\agent_journal.py	353	4	ok
src\memory\agent_journal.py	354	4	ok
src\memory\agent_journal.py	355	4	ok
src\memory\agent_journal.py	356	4	ok
src\memory\agent_journal.py	357	2	bare_except
src\memory\agent_journal.py	358	4	ok
src\memory\agent_journal.py	359	0	blank
src\memory\agent_journal.py	360	4	docstring
src\memory\agent_journal.py	361	4	docstring
src\memory\agent_journal.py	362	4	docstring
src\memory\agent_journal.py	363	4	docstring
src\memory\agent_journal.py	364	0	blank
src\memory\agent_journal.py	365	4	ok
src\memory\agent_journal.py	366	4	docstring
src\memory\agent_journal.py	367	4	docstring
src\memory\agent_journal.py	368	4	docstring
src\memory\agent_journal.py	369	4	docstring
src\memory\agent_journal.py	370	4	docstring
src\memory\agent_journal.py	371	4	docstring
src\memory\agent_journal.py	372	0	blank
src\memory\agent_journal.py	373	4	docstring
src\memory\agent_journal.py	374	4	docstring
src\memory\agent_journal.py	375	4	docstring
src\memory\agent_journal.py	376	4	docstring
src\memory\agent_journal.py	377	4	docstring
src\memory\agent_journal.py	378	4	ok
src\memory\agent_journal.py	379	0	blank
src\memory\agent_journal.py	380	4	comment
src\memory\agent_journal.py	381	4	ok
src\memory\agent_journal.py	382	4	ok
src\memory\agent_journal.py	383	4	ok
src\memory\agent_journal.py	384	4	ok
src\memory\agent_journal.py	385	0	blank
src\memory\agent_journal.py	386	4	comment
src\memory\agent_journal.py	387	4	comment
src\memory\agent_journal.py	388	4	ok
src\memory\agent_journal.py	389	4	ok
src\memory\agent_journal.py	390	4	ok
src\memory\agent_journal.py	391	4	ok
src\memory\agent_journal.py	392	0	blank
src\memory\agent_journal.py	393	4	ok
src\memory\agent_journal.py	394	0	blank
src\memory\agent_journal.py	395	5	typed_signature
src\memory\agent_journal.py	396	4	docstring
src\memory\agent_journal.py	397	4	docstring
src\memory\agent_journal.py	398	4	docstring
src\memory\agent_journal.py	399	4	docstring
src\memory\agent_journal.py	400	4	ok
src\memory\agent_journal.py	401	0	blank
src\memory\agent_journal.py	402	4	ok
src\memory\agent_journal.py	403	4	ok
src\memory\agent_journal.py	404	4	ok
src\memory\agent_journal.py	405	4	ok
src\memory\agent_journal.py	406	4	comment
src\memory\agent_journal.py	407	4	ok
src\memory\agent_journal.py	408	4	ok
src\memory\agent_journal.py	409	4	ok
src\memory\agent_journal.py	410	4	ok
src\memory\agent_journal.py	411	4	ok
src\memory\agent_journal.py	412	4	ok
src\memory\agent_journal.py	413	2	bare_except
src\memory\agent_journal.py	414	4	ok
src\memory\agent_journal.py	415	4	ok
src\memory\agent_journal.py	416	0	blank
src\memory\agent_journal.py	417	4	ok
src\memory\agent_journal.py	418	4	ok
src\memory\agent_journal.py	419	4	ok
src\memory\agent_journal.py	420	4	ok
src\memory\agent_journal.py	421	0	blank
src\memory\agent_journal.py	422	4	ok
src\memory\agent_journal.py	423	4	ok
src\memory\agent_journal.py	424	0	blank
src\memory\agent_journal.py	425	4	ok
src\memory\agent_journal.py	426	4	ok
src\memory\agent_journal.py	427	4	ok
src\memory\agent_journal.py	428	4	ok
src\memory\agent_journal.py	429	4	ok
src\memory\agent_journal.py	430	4	ok
src\memory\agent_journal.py	431	0	blank
src\memory\agent_journal.py	432	5	typed_signature
src\memory\agent_journal.py	433	4	docstring
src\memory\agent_journal.py	434	4	ok
src\memory\agent_journal.py	435	4	ok
src\memory\agent_journal.py	436	4	ok
src\memory\agent_journal.py	437	4	ok
src\memory\agent_journal.py	438	0	blank
src\memory\agent_journal.py	439	4	comment
src\memory\agent_journal.py	440	4	ok
src\memory\agent_journal.py	441	0	blank
src\memory\agent_journal.py	442	4	comment
src\memory\agent_journal.py	443	4	ok
src\memory\agent_journal.py	444	4	ok
src\memory\agent_journal.py	445	4	ok
src\memory\agent_journal.py	446	4	ok
src\memory\agent_journal.py	447	4	ok
src\memory\agent_journal.py	448	4	ok
src\memory\agent_journal.py	449	4	ok
src\memory\agent_journal.py	450	4	ok
src\memory\agent_journal.py	451	4	ok
src\memory\agent_journal.py	452	4	ok
src\memory\agent_journal.py	453	4	ok
src\memory\agent_journal.py	454	4	ok
src\memory\agent_journal.py	455	4	ok
src\memory\agent_journal.py	456	4	ok
src\memory\agent_journal.py	457	4	ok
src\memory\agent_journal.py	458	4	ok
src\memory\agent_journal.py	459	4	ok
src\memory\agent_journal.py	460	3	long_line
src\memory\agent_journal.py	461	0	blank
src\memory\agent_journal.py	462	4	ok
src\memory\agent_journal.py	463	4	ok
src\memory\agent_journal.py	464	0	blank
src\memory\agent_journal.py	465	4	ok
src\memory\agent_journal.py	466	4	ok
src\memory\agent_journal.py	467	4	ok
src\memory\agent_journal.py	468	4	ok
src\memory\agent_journal.py	469	4	ok
src\memory\agent_journal.py	470	4	ok
src\memory\agent_journal.py	471	4	ok
src\memory\agent_journal.py	472	0	blank
src\memory\agent_journal.py	473	4	ok
src\memory\agent_journal.py	474	4	docstring
src\memory\agent_journal.py	475	4	docstring
src\memory\agent_journal.py	476	4	docstring
src\memory\agent_journal.py	477	4	docstring
src\memory\agent_journal.py	478	4	docstring
src\memory\agent_journal.py	479	4	docstring
src\memory\agent_journal.py	480	4	docstring
src\memory\agent_journal.py	481	4	docstring
src\memory\agent_journal.py	482	4	docstring
src\memory\agent_journal.py	483	0	blank
src\memory\agent_journal.py	484	4	ok
src\memory\agent_journal.py	485	4	ok
src\memory\agent_journal.py	486	4	ok
src\memory\agent_journal.py	487	4	ok
src\memory\agent_journal.py	488	0	blank
src\memory\agent_journal.py	489	4	ok
src\memory\agent_journal.py	490	4	ok
src\memory\agent_journal.py	491	4	ok
src\memory\agent_journal.py	492	3	long_line
src\memory\agent_journal.py	493	0	blank
src\memory\agent_journal.py	494	4	docstring
src\memory\agent_journal.py	495	4	docstring
src\memory\agent_journal.py	496	4	docstring
src\memory\agent_journal.py	497	4	docstring
src\memory\agent_journal.py	498	4	docstring
src\memory\agent_journal.py	499	4	docstring
src\memory\agent_journal.py	500	0	blank
src\memory\agent_journal.py	501	4	docstring
src\memory\agent_journal.py	502	4	docstring
src\memory\agent_journal.py	503	4	docstring
src\memory\agent_journal.py	504	0	blank
src\memory\agent_journal.py	505	4	comment
src\memory\agent_journal.py	506	4	ok
src\memory\agent_journal.py	507	4	ok
src\memory\agent_journal.py	508	4	ok
src\memory\agent_journal.py	509	4	ok
src\memory\agent_journal.py	510	0	blank
src\memory\agent_journal.py	511	4	ok
src\memory\agent_journal.py	512	0	blank
src\memory\agent_journal.py	513	4	ok
src\memory\agent_journal.py	514	4	ok
src\memory\agent_journal.py	515	4	ok
src\memory\agent_journal.py	516	4	ok
src\memory\agent_journal.py	517	4	ok
src\memory\agent_journal.py	518	4	ok
src\memory\agent_journal.py	519	4	ok
src\memory\agent_journal.py	520	4	ok
src\memory\agent_journal.py	521	4	ok
src\memory\agent_journal.py	522	4	docstring
src\memory\agent_journal.py	523	4	ok
src\memory\agent_journal.py	524	4	ok
src\memory\agent_journal.py	525	0	blank
src\memory\agent_journal.py	526	4	ok
src\memory\agent_journal.py	527	4	ok
src\memory\agent_journal.py	528	4	ok
src\memory\agent_journal.py	529	4	ok
src\memory\agent_journal.py	530	0	blank
src\memory\agent_journal.py	531	4	ok
src\memory\agent_journal.py	532	0	blank
src\memory\agent_journal.py	533	4	ok
src\memory\agent_journal.py	534	4	ok
src\memory\agent_journal.py	535	4	ok
src\memory\agent_journal.py	536	4	ok
src\memory\agent_journal.py	537	4	ok
src\memory\agent_journal.py	538	4	ok
src\memory\agent_journal.py	539	4	ok
src\memory\agent_journal.py	540	4	ok
src\memory\agent_journal.py	541	4	ok
src\memory\agent_journal.py	542	4	ok
src\memory\agent_journal.py	543	0	blank
src\memory\agent_journal.py	544	4	ok
src\memory\agent_journal.py	545	0	blank
src\memory\agent_journal.py	546	4	ok
src\memory\agent_journal.py	547	4	ok
src\memory\agent_journal.py	548	0	blank
src\memory\agent_journal.py	549	4	ok
src\memory\agent_journal.py	550	4	ok
src\memory\agent_journal.py	551	0	blank
src\memory\agent_journal.py	552	5	typed_signature
src\memory\agent_journal.py	553	4	docstring
src\memory\agent_journal.py	554	4	docstring
src\memory\agent_journal.py	555	0	blank
src\memory\agent_journal.py	556	4	docstring
src\memory\agent_journal.py	557	4	docstring
src\memory\agent_journal.py	558	0	blank
src\memory\agent_journal.py	559	4	docstring
src\memory\agent_journal.py	560	4	docstring
src\memory\agent_journal.py	561	4	docstring
src\memory\agent_journal.py	562	4	docstring
src\memory\agent_journal.py	563	4	ok
src\memory\agent_journal.py	564	4	ok
src\memory\agent_journal.py	565	0	blank
src\memory\agent_journal.py	566	4	ok
src\memory\agent_journal.py	567	4	ok
src\memory\agent_journal.py	568	0	blank
src\memory\agent_journal.py	569	4	comment
src\memory\agent_journal.py	570	4	ok
src\memory\agent_journal.py	571	4	ok
src\memory\agent_journal.py	572	4	ok
src\memory\agent_journal.py	573	4	ok
src\memory\agent_journal.py	574	4	ok
src\memory\agent_journal.py	575	4	ok
src\memory\agent_journal.py	576	0	blank
src\memory\agent_journal.py	577	4	comment
src\memory\agent_journal.py	578	4	ok
src\memory\agent_journal.py	579	4	ok
src\memory\agent_journal.py	580	4	ok
src\memory\agent_journal.py	581	4	ok
src\memory\agent_journal.py	582	0	blank
src\memory\agent_journal.py	583	4	ok
src\memory\agent_journal.py	584	4	ok
src\memory\agent_journal.py	585	0	blank
src\memory\agent_journal.py	586	5	typed_signature
src\memory\agent_journal.py	587	4	docstring
src\memory\agent_journal.py	588	4	ok
src\memory\agent_journal.py	589	4	ok
src\memory\agent_journal.py	590	4	ok
src\memory\agent_journal.py	591	4	ok
src\memory\agent_journal.py	592	0	blank
src\memory\agent_journal.py	593	4	ok
src\memory\agent_journal.py	594	4	ok
src\memory\agent_journal.py	595	4	ok
src\memory\agent_journal.py	596	4	ok
src\memory\agent_journal.py	597	4	ok
src\memory\agent_journal.py	598	4	ok
src\memory\agent_journal.py	599	4	ok
src\memory\agent_journal.py	600	0	blank
src\memory\agent_journal.py	601	4	ok
src\memory\agent_journal.py	602	4	ok
src\memory\agent_journal.py	603	4	ok
src\memory\agent_journal.py	604	0	blank
src\memory\agent_journal.py	605	4	ok
src\memory\agent_journal.py	606	0	blank
src\memory\agent_journal.py	607	5	typed_signature
src\memory\agent_journal.py	608	4	docstring
src\memory\agent_journal.py	609	4	ok
src\memory\agent_journal.py	610	4	ok
src\memory\agent_journal.py	611	4	ok
src\memory\agent_journal.py	612	4	ok
src\memory\agent_journal.py	613	4	ok
src\memory\agent_journal.py	614	4	ok
src\memory\agent_journal.py	615	4	ok
src\memory\agent_journal.py	616	0	blank
src\memory\agent_journal.py	617	5	typed_signature
src\memory\agent_journal.py	618	4	docstring
src\memory\agent_journal.py	619	4	ok
src\memory\agent_journal.py	620	4	ok
src\memory\agent_journal.py	621	4	ok
src\memory\agent_journal.py	622	0	blank
src\memory\agent_journal.py	623	4	ok
src\memory\agent_journal.py	624	4	ok
src\memory\agent_journal.py	625	4	ok
src\memory\agent_journal.py	626	4	ok
src\memory\agent_journal.py	627	4	ok
src\memory\agent_journal.py	628	4	ok
src\memory\agent_journal.py	629	0	blank
src\memory\agent_journal.py	630	4	ok
src\memory\agent_journal.py	631	0	blank
src\memory\agent_journal.py	632	5	typed_signature
src\memory\agent_journal.py	633	4	docstring
src\memory\agent_journal.py	634	4	ok
src\memory\agent_journal.py	635	0	blank
src\memory\agent_journal.py	636	0	blank
src\memory\agent_journal.py	637	4	comment
src\memory\agent_journal.py	638	4	ok
src\memory\agent_journal.py	639	0	blank
src\memory\agent_journal.py	640	5	typed_signature
src\memory\agent_journal.py	641	4	docstring
src\memory\agent_journal.py	642	4	ok
src\memory\agent_journal.py	643	4	ok
src\memory\agent_journal.py	644	4	ok
src\memory\agent_journal.py	645	4	ok
src\memory\domain_memory.py	1	4	docstring
src\memory\domain_memory.py	2	4	docstring
src\memory\domain_memory.py	3	4	docstring
src\memory\domain_memory.py	4	0	blank
src\memory\domain_memory.py	5	4	docstring
src\memory\domain_memory.py	6	4	docstring
src\memory\domain_memory.py	7	4	docstring
src\memory\domain_memory.py	8	4	docstring
src\memory\domain_memory.py	9	4	docstring
src\memory\domain_memory.py	10	0	blank
src\memory\domain_memory.py	11	4	docstring
src\memory\domain_memory.py	12	4	docstring
src\memory\domain_memory.py	13	4	docstring
src\memory\domain_memory.py	14	0	blank
src\memory\domain_memory.py	15	4	ok
src\memory\domain_memory.py	16	4	ok
src\memory\domain_memory.py	17	4	ok
src\memory\domain_memory.py	18	4	ok
src\memory\domain_memory.py	19	4	ok
src\memory\domain_memory.py	20	0	blank
src\memory\domain_memory.py	21	4	ok
src\memory\domain_memory.py	22	0	blank
src\memory\domain_memory.py	23	4	ok
src\memory\domain_memory.py	24	4	ok
src\memory\domain_memory.py	25	4	ok
src\memory\domain_memory.py	26	4	ok
src\memory\domain_memory.py	27	4	ok
src\memory\domain_memory.py	28	4	ok
src\memory\domain_memory.py	29	0	blank
src\memory\domain_memory.py	30	4	ok
src\memory\domain_memory.py	31	4	ok
src\memory\domain_memory.py	32	4	ok
src\memory\domain_memory.py	33	4	ok
src\memory\domain_memory.py	34	4	ok
src\memory\domain_memory.py	35	0	blank
src\memory\domain_memory.py	36	0	blank
src\memory\domain_memory.py	37	4	ok
src\memory\domain_memory.py	38	4	docstring
src\memory\domain_memory.py	39	4	docstring
src\memory\domain_memory.py	40	4	docstring
src\memory\domain_memory.py	41	4	docstring
src\memory\domain_memory.py	42	0	blank
src\memory\domain_memory.py	43	4	ok
src\memory\domain_memory.py	44	4	ok
src\memory\domain_memory.py	45	4	ok
src\memory\domain_memory.py	46	4	ok
src\memory\domain_memory.py	47	0	blank
src\memory\domain_memory.py	48	4	ok
src\memory\domain_memory.py	49	4	ok
src\memory\domain_memory.py	50	4	ok
src\memory\domain_memory.py	51	4	ok
src\memory\domain_memory.py	52	4	ok
src\memory\domain_memory.py	53	4	ok
src\memory\domain_memory.py	54	0	blank
src\memory\domain_memory.py	55	4	ok
src\memory\domain_memory.py	56	4	docstring
src\memory\domain_memory.py	57	4	ok
src\memory\domain_memory.py	58	4	ok
src\memory\domain_memory.py	59	4	comment
src\memory\domain_memory.py	60	4	comment
src\memory\domain_memory.py	61	4	ok
src\memory\domain_memory.py	62	0	blank
src\memory\domain_memory.py	63	4	comment
src\memory\domain_memory.py	64	4	ok
src\memory\domain_memory.py	65	4	ok
src\memory\domain_memory.py	66	0	blank
src\memory\domain_memory.py	67	4	ok
src\memory\domain_memory.py	68	4	ok
src\memory\domain_memory.py	69	4	ok
src\memory\domain_memory.py	70	4	ok
src\memory\domain_memory.py	71	4	ok
src\memory\domain_memory.py	72	4	ok
src\memory\domain_memory.py	73	4	ok
src\memory\domain_memory.py	74	4	ok
src\memory\domain_memory.py	75	4	ok
src\memory\domain_memory.py	76	4	ok
src\memory\domain_memory.py	77	4	ok
src\memory\domain_memory.py	78	4	ok
src\memory\domain_memory.py	79	4	ok
src\memory\domain_memory.py	80	4	ok
src\memory\domain_memory.py	81	0	blank
src\memory\domain_memory.py	82	4	ok
src\memory\domain_memory.py	83	4	ok
src\memory\domain_memory.py	84	4	ok
src\memory\domain_memory.py	85	0	blank
src\memory\domain_memory.py	86	4	comment
src\memory\domain_memory.py	87	4	ok
src\memory\domain_memory.py	88	4	ok
src\memory\domain_memory.py	89	4	ok
src\memory\domain_memory.py	90	4	ok
src\memory\domain_memory.py	91	4	ok
src\memory\domain_memory.py	92	4	ok
src\memory\domain_memory.py	93	0	blank
src\memory\domain_memory.py	94	4	ok
src\memory\domain_memory.py	95	4	docstring
src\memory\domain_memory.py	96	4	ok
src\memory\domain_memory.py	97	4	ok
src\memory\domain_memory.py	98	4	ok
src\memory\domain_memory.py	99	4	ok
src\memory\domain_memory.py	100	4	ok
src\memory\domain_memory.py	101	4	ok
src\memory\domain_memory.py	102	4	ok
src\memory\domain_memory.py	103	4	ok
src\memory\domain_memory.py	104	4	ok
src\memory\domain_memory.py	105	4	ok
src\memory\domain_memory.py	106	0	blank
src\memory\domain_memory.py	107	4	ok
src\memory\domain_memory.py	108	4	docstring
src\memory\domain_memory.py	109	4	ok
src\memory\domain_memory.py	110	4	ok
src\memory\domain_memory.py	111	4	comment
src\memory\domain_memory.py	112	4	ok
src\memory\domain_memory.py	113	4	ok
src\memory\domain_memory.py	114	4	ok
src\memory\domain_memory.py	115	4	ok
src\memory\domain_memory.py	116	4	ok
src\memory\domain_memory.py	117	0	blank
src\memory\domain_memory.py	118	5	typed_signature
src\memory\domain_memory.py	119	4	docstring
src\memory\domain_memory.py	120	4	ok
src\memory\domain_memory.py	121	4	ok
src\memory\domain_memory.py	122	4	comment
src\memory\domain_memory.py	123	4	ok
src\memory\domain_memory.py	124	4	ok
src\memory\domain_memory.py	125	4	ok
src\memory\domain_memory.py	126	0	blank
src\memory\domain_memory.py	127	4	ok
src\memory\domain_memory.py	128	4	ok
src\memory\domain_memory.py	129	4	ok
src\memory\domain_memory.py	130	4	ok
src\memory\domain_memory.py	131	4	ok
src\memory\domain_memory.py	132	4	ok
src\memory\domain_memory.py	133	4	ok
src\memory\domain_memory.py	134	4	docstring
src\memory\domain_memory.py	135	4	docstring
src\memory\domain_memory.py	136	0	blank
src\memory\domain_memory.py	137	4	docstring
src\memory\domain_memory.py	138	4	docstring
src\memory\domain_memory.py	139	4	docstring
src\memory\domain_memory.py	140	4	docstring
src\memory\domain_memory.py	141	4	docstring
src\memory\domain_memory.py	142	0	blank
src\memory\domain_memory.py	143	4	docstring
src\memory\domain_memory.py	144	4	docstring
src\memory\domain_memory.py	145	4	docstring
src\memory\domain_memory.py	146	4	ok
src\memory\domain_memory.py	147	4	ok
src\memory\domain_memory.py	148	4	ok
src\memory\domain_memory.py	149	0	blank
src\memory\domain_memory.py	150	4	ok
src\memory\domain_memory.py	151	4	ok
src\memory\domain_memory.py	152	0	blank
src\memory\domain_memory.py	153	4	comment
src\memory\domain_memory.py	154	4	ok
src\memory\domain_memory.py	155	4	ok
src\memory\domain_memory.py	156	0	blank
src\memory\domain_memory.py	157	4	ok
src\memory\domain_memory.py	158	4	ok
src\memory\domain_memory.py	159	4	ok
src\memory\domain_memory.py	160	4	ok
src\memory\domain_memory.py	161	4	ok
src\memory\domain_memory.py	162	4	ok
src\memory\domain_memory.py	163	4	ok
src\memory\domain_memory.py	164	4	ok
src\memory\domain_memory.py	165	4	ok
src\memory\domain_memory.py	166	0	blank
src\memory\domain_memory.py	167	4	comment
src\memory\domain_memory.py	168	4	ok
src\memory\domain_memory.py	169	4	ok
src\memory\domain_memory.py	170	4	ok
src\memory\domain_memory.py	171	4	ok
src\memory\domain_memory.py	172	4	ok
src\memory\domain_memory.py	173	4	ok
src\memory\domain_memory.py	174	0	blank
src\memory\domain_memory.py	175	4	ok
src\memory\domain_memory.py	176	4	ok
src\memory\domain_memory.py	177	4	ok
src\memory\domain_memory.py	178	4	ok
src\memory\domain_memory.py	179	4	ok
src\memory\domain_memory.py	180	4	ok
src\memory\domain_memory.py	181	4	ok
src\memory\domain_memory.py	182	4	ok
src\memory\domain_memory.py	183	4	ok
src\memory\domain_memory.py	184	4	ok
src\memory\domain_memory.py	185	4	ok
src\memory\domain_memory.py	186	4	ok
src\memory\domain_memory.py	187	4	ok
src\memory\domain_memory.py	188	0	blank
src\memory\domain_memory.py	189	4	comment
src\memory\domain_memory.py	190	4	ok
src\memory\domain_memory.py	191	4	ok
src\memory\domain_memory.py	192	4	ok
src\memory\domain_memory.py	193	0	blank
src\memory\domain_memory.py	194	4	ok
src\memory\domain_memory.py	195	0	blank
src\memory\domain_memory.py	196	5	typed_signature
src\memory\domain_memory.py	197	4	docstring
src\memory\domain_memory.py	198	4	ok
src\memory\domain_memory.py	199	0	blank
src\memory\domain_memory.py	200	4	ok
src\memory\domain_memory.py	201	4	ok
src\memory\domain_memory.py	202	4	ok
src\memory\domain_memory.py	203	4	ok
src\memory\domain_memory.py	204	4	ok
src\memory\domain_memory.py	205	4	ok
src\memory\domain_memory.py	206	0	blank
src\memory\domain_memory.py	207	4	ok
src\memory\domain_memory.py	208	4	ok
src\memory\domain_memory.py	209	4	ok
src\memory\domain_memory.py	210	4	ok
src\memory\domain_memory.py	211	4	ok
src\memory\domain_memory.py	212	0	blank
src\memory\domain_memory.py	213	4	ok
src\memory\domain_memory.py	214	4	ok
src\memory\domain_memory.py	215	4	ok
src\memory\domain_memory.py	216	4	ok
src\memory\domain_memory.py	217	4	ok
src\memory\domain_memory.py	218	0	blank
src\memory\domain_memory.py	219	4	ok
src\memory\domain_memory.py	220	0	blank
src\memory\domain_memory.py	221	4	ok
src\memory\domain_memory.py	222	4	ok
src\memory\domain_memory.py	223	4	ok
src\memory\domain_memory.py	224	4	ok
src\memory\domain_memory.py	225	4	ok
src\memory\domain_memory.py	226	4	ok
src\memory\domain_memory.py	227	4	ok
src\memory\domain_memory.py	228	4	docstring
src\memory\domain_memory.py	229	4	docstring
src\memory\domain_memory.py	230	0	blank
src\memory\domain_memory.py	231	4	docstring
src\memory\domain_memory.py	232	4	docstring
src\memory\domain_memory.py	233	4	docstring
src\memory\domain_memory.py	234	4	docstring
src\memory\domain_memory.py	235	4	docstring
src\memory\domain_memory.py	236	0	blank
src\memory\domain_memory.py	237	4	docstring
src\memory\domain_memory.py	238	4	docstring
src\memory\domain_memory.py	239	4	docstring
src\memory\domain_memory.py	240	4	ok
src\memory\domain_memory.py	241	4	ok
src\memory\domain_memory.py	242	0	blank
src\memory\domain_memory.py	243	4	comment
src\memory\domain_memory.py	244	4	ok
src\memory\domain_memory.py	245	4	ok
src\memory\domain_memory.py	246	4	ok
src\memory\domain_memory.py	247	0	blank
src\memory\domain_memory.py	248	4	ok
src\memory\domain_memory.py	249	4	ok
src\memory\domain_memory.py	250	0	blank
src\memory\domain_memory.py	251	4	comment
src\memory\domain_memory.py	252	4	ok
src\memory\domain_memory.py	253	4	ok
src\memory\domain_memory.py	254	4	ok
src\memory\domain_memory.py	255	4	ok
src\memory\domain_memory.py	256	4	ok
src\memory\domain_memory.py	257	4	ok
src\memory\domain_memory.py	258	4	ok
src\memory\domain_memory.py	259	4	ok
src\memory\domain_memory.py	260	0	blank
src\memory\domain_memory.py	261	4	ok
src\memory\domain_memory.py	262	4	ok
src\memory\domain_memory.py	263	4	ok
src\memory\domain_memory.py	264	4	ok
src\memory\domain_memory.py	265	4	comment
src\memory\domain_memory.py	266	4	ok
src\memory\domain_memory.py	267	4	ok
src\memory\domain_memory.py	268	4	ok
src\memory\domain_memory.py	269	0	blank
src\memory\domain_memory.py	270	4	ok
src\memory\domain_memory.py	271	4	ok
src\memory\domain_memory.py	272	0	blank
src\memory\domain_memory.py	273	4	comment
src\memory\domain_memory.py	274	4	ok
src\memory\domain_memory.py	275	4	ok
src\memory\domain_memory.py	276	4	ok
src\memory\domain_memory.py	277	4	ok
src\memory\domain_memory.py	278	0	blank
src\memory\domain_memory.py	279	4	ok
src\memory\domain_memory.py	280	4	ok
src\memory\domain_memory.py	281	4	ok
src\memory\domain_memory.py	282	4	ok
src\memory\domain_memory.py	283	4	ok
src\memory\domain_memory.py	284	4	ok
src\memory\domain_memory.py	285	0	blank
src\memory\domain_memory.py	286	4	ok
src\memory\domain_memory.py	287	4	ok
src\memory\domain_memory.py	288	4	ok
src\memory\domain_memory.py	289	4	ok
src\memory\domain_memory.py	290	4	ok
src\memory\domain_memory.py	291	0	blank
src\memory\domain_memory.py	292	4	ok
src\memory\domain_memory.py	293	0	blank
src\memory\domain_memory.py	294	5	typed_signature
src\memory\domain_memory.py	295	4	docstring
src\memory\domain_memory.py	296	4	ok
src\memory\domain_memory.py	297	4	ok
src\memory\domain_memory.py	298	0	blank
src\memory\domain_memory.py	299	4	ok
src\memory\domain_memory.py	300	4	ok
src\memory\domain_memory.py	301	0	blank
src\memory\domain_memory.py	302	4	ok
src\memory\domain_memory.py	303	4	ok
src\memory\domain_memory.py	304	4	ok
src\memory\domain_memory.py	305	4	ok
src\memory\domain_memory.py	306	4	ok
src\memory\domain_memory.py	307	4	ok
src\memory\domain_memory.py	308	0	blank
src\memory\domain_memory.py	309	4	ok
src\memory\domain_memory.py	310	4	ok
src\memory\domain_memory.py	311	4	ok
src\memory\domain_memory.py	312	4	ok
src\memory\domain_memory.py	313	4	ok
src\memory\domain_memory.py	314	4	ok
src\memory\domain_memory.py	315	0	blank
src\memory\domain_memory.py	316	4	ok
src\memory\domain_memory.py	317	0	blank
src\memory\domain_memory.py	318	4	ok
src\memory\domain_memory.py	319	4	ok
src\memory\domain_memory.py	320	4	ok
src\memory\domain_memory.py	321	4	ok
src\memory\domain_memory.py	322	0	blank
src\memory\domain_memory.py	323	4	ok
src\memory\domain_memory.py	324	4	ok
src\memory\domain_memory.py	325	4	ok
src\memory\domain_memory.py	326	4	ok
src\memory\domain_memory.py	327	4	ok
src\memory\domain_memory.py	328	0	blank
src\memory\domain_memory.py	329	4	ok
src\memory\domain_memory.py	330	0	blank
src\memory\domain_memory.py	331	5	typed_signature
src\memory\domain_memory.py	332	4	docstring
src\memory\domain_memory.py	333	4	docstring
src\memory\domain_memory.py	334	0	blank
src\memory\domain_memory.py	335	4	docstring
src\memory\domain_memory.py	336	4	docstring
src\memory\domain_memory.py	337	0	blank
src\memory\domain_memory.py	338	4	docstring
src\memory\domain_memory.py	339	4	docstring
src\memory\domain_memory.py	340	4	docstring
src\memory\domain_memory.py	341	4	docstring
src\memory\domain_memory.py	342	0	blank
src\memory\domain_memory.py	343	4	docstring
src\memory\domain_memory.py	344	4	docstring
src\memory\domain_memory.py	345	4	docstring
src\memory\domain_memory.py	346	4	ok
src\memory\domain_memory.py	347	0	blank
src\memory\domain_memory.py	348	4	ok
src\memory\domain_memory.py	349	4	ok
src\memory\domain_memory.py	350	0	blank
src\memory\domain_memory.py	351	4	ok
src\memory\domain_memory.py	352	4	ok
src\memory\domain_memory.py	353	0	blank
src\memory\domain_memory.py	354	4	ok
src\memory\domain_memory.py	355	4	comment
src\memory\domain_memory.py	356	4	ok
src\memory\domain_memory.py	357	4	ok
src\memory\domain_memory.py	358	4	ok
src\memory\domain_memory.py	359	0	blank
src\memory\domain_memory.py	360	4	comment
src\memory\domain_memory.py	361	4	ok
src\memory\domain_memory.py	362	4	ok
src\memory\domain_memory.py	363	4	ok
src\memory\domain_memory.py	364	4	ok
src\memory\domain_memory.py	365	2	bare_except
src\memory\domain_memory.py	366	4	ok
src\memory\domain_memory.py	367	0	blank
src\memory\domain_memory.py	368	4	comment
src\memory\domain_memory.py	369	4	ok
src\memory\domain_memory.py	370	4	ok
src\memory\domain_memory.py	371	4	ok
src\memory\domain_memory.py	372	4	ok
src\memory\domain_memory.py	373	4	ok
src\memory\domain_memory.py	374	4	ok
src\memory\domain_memory.py	375	4	ok
src\memory\domain_memory.py	376	0	blank
src\memory\domain_memory.py	377	4	ok
src\memory\domain_memory.py	378	4	ok
src\memory\domain_memory.py	379	4	ok
src\memory\domain_memory.py	380	0	blank
src\memory\domain_memory.py	381	4	ok
src\memory\domain_memory.py	382	0	blank
src\memory\domain_memory.py	383	5	typed_signature
src\memory\domain_memory.py	384	4	docstring
src\memory\domain_memory.py	385	4	ok
src\memory\domain_memory.py	386	4	ok
src\memory\domain_memory.py	387	4	comment
src\memory\domain_memory.py	388	4	comment
src\memory\domain_memory.py	389	4	ok
src\memory\domain_memory.py	390	4	ok
src\memory\domain_memory.py	391	4	ok
src\memory\domain_memory.py	392	0	blank
src\memory\domain_memory.py	393	4	ok
src\memory\domain_memory.py	394	4	docstring
src\memory\domain_memory.py	395	4	docstring
src\memory\domain_memory.py	396	0	blank
src\memory\domain_memory.py	397	4	docstring
src\memory\domain_memory.py	398	4	docstring
src\memory\domain_memory.py	399	4	docstring
src\memory\domain_memory.py	400	4	docstring
src\memory\domain_memory.py	401	0	blank
src\memory\domain_memory.py	402	4	docstring
src\memory\domain_memory.py	403	4	docstring
src\memory\domain_memory.py	404	4	docstring
src\memory\domain_memory.py	405	0	blank
src\memory\domain_memory.py	406	4	docstring
src\memory\domain_memory.py	407	4	docstring
src\memory\domain_memory.py	408	4	docstring
src\memory\domain_memory.py	409	4	ok
src\memory\domain_memory.py	410	0	blank
src\memory\domain_memory.py	411	4	ok
src\memory\domain_memory.py	412	4	ok
src\memory\domain_memory.py	413	0	blank
src\memory\domain_memory.py	414	4	ok
src\memory\domain_memory.py	415	4	ok
src\memory\domain_memory.py	416	4	ok
src\memory\domain_memory.py	417	0	blank
src\memory\domain_memory.py	418	4	comment
src\memory\domain_memory.py	419	4	ok
src\memory\domain_memory.py	420	4	ok
src\memory\domain_memory.py	421	4	ok
src\memory\domain_memory.py	422	4	ok
src\memory\domain_memory.py	423	4	ok
src\memory\domain_memory.py	424	4	ok
src\memory\domain_memory.py	425	0	blank
src\memory\domain_memory.py	426	4	docstring
src\memory\domain_memory.py	427	0	blank
src\memory\domain_memory.py	428	4	docstring
src\memory\domain_memory.py	429	4	docstring
src\memory\domain_memory.py	430	4	docstring
src\memory\domain_memory.py	431	0	blank
src\memory\domain_memory.py	432	4	docstring
src\memory\domain_memory.py	433	4	docstring
src\memory\domain_memory.py	434	4	docstring
src\memory\domain_memory.py	435	4	docstring
src\memory\domain_memory.py	436	4	docstring
src\memory\domain_memory.py	437	0	blank
src\memory\domain_memory.py	438	4	docstring
src\memory\domain_memory.py	439	0	blank
src\memory\domain_memory.py	440	4	docstring
src\memory\domain_memory.py	441	4	docstring
src\memory\domain_memory.py	442	4	docstring
src\memory\domain_memory.py	443	4	docstring
src\memory\domain_memory.py	444	4	docstring
src\memory\domain_memory.py	445	0	blank
src\memory\domain_memory.py	446	4	ok
src\memory\domain_memory.py	447	4	ok
src\memory\domain_memory.py	448	4	ok
src\memory\domain_memory.py	449	4	ok
src\memory\domain_memory.py	450	4	ok
src\memory\domain_memory.py	451	4	ok
src\memory\domain_memory.py	452	4	ok
src\memory\domain_memory.py	453	0	blank
src\memory\domain_memory.py	454	4	ok
src\memory\domain_memory.py	455	4	ok
src\memory\domain_memory.py	456	4	ok
src\memory\domain_memory.py	457	0	blank
src\memory\domain_memory.py	458	4	ok
src\memory\domain_memory.py	459	4	ok
src\memory\domain_memory.py	460	0	blank
src\memory\domain_memory.py	461	4	ok
src\memory\domain_memory.py	462	4	ok
src\memory\domain_memory.py	463	4	ok
src\memory\domain_memory.py	464	0	blank
src\memory\domain_memory.py	465	4	ok
src\memory\domain_memory.py	466	0	blank
src\memory\domain_memory.py	467	4	ok
src\memory\domain_memory.py	468	3	long_line
src\memory\domain_memory.py	469	0	blank
src\memory\domain_memory.py	470	4	ok
src\memory\domain_memory.py	471	4	ok
src\memory\domain_memory.py	472	4	comment
src\memory\domain_memory.py	473	4	ok
src\memory\domain_memory.py	474	4	ok
src\memory\domain_memory.py	475	4	ok
src\memory\domain_memory.py	476	0	blank
src\memory\domain_memory.py	477	4	ok
src\memory\domain_memory.py	478	4	ok
src\memory\domain_memory.py	479	0	blank
src\memory\domain_memory.py	480	5	typed_signature
src\memory\domain_memory.py	481	4	docstring
src\memory\domain_memory.py	482	4	docstring
src\memory\domain_memory.py	483	0	blank
src\memory\domain_memory.py	484	4	docstring
src\memory\domain_memory.py	485	4	docstring
src\memory\domain_memory.py	486	4	docstring
src\memory\domain_memory.py	487	4	docstring
src\memory\domain_memory.py	488	0	blank
src\memory\domain_memory.py	489	4	docstring
src\memory\domain_memory.py	490	4	docstring
src\memory\domain_memory.py	491	4	docstring
src\memory\domain_memory.py	492	0	blank
src\memory\domain_memory.py	493	4	docstring
src\memory\domain_memory.py	494	4	docstring
src\memory\domain_memory.py	495	4	docstring
src\memory\domain_memory.py	496	4	ok
src\memory\domain_memory.py	497	0	blank
src\memory\domain_memory.py	498	4	ok
src\memory\domain_memory.py	499	4	ok
src\memory\domain_memory.py	500	0	blank
src\memory\domain_memory.py	501	4	ok
src\memory\domain_memory.py	502	4	ok
src\memory\domain_memory.py	503	4	ok
src\memory\domain_memory.py	504	0	blank
src\memory\domain_memory.py	505	4	ok
src\memory\domain_memory.py	506	4	ok
src\memory\domain_memory.py	507	4	ok
src\memory\domain_memory.py	508	0	blank
src\memory\domain_memory.py	509	4	comment
src\memory\domain_memory.py	510	4	ok
src\memory\domain_memory.py	511	4	ok
src\memory\domain_memory.py	512	0	blank
src\memory\domain_memory.py	513	4	ok
src\memory\domain_memory.py	514	4	ok
src\memory\domain_memory.py	515	4	ok
src\memory\domain_memory.py	516	2	bare_except
src\memory\domain_memory.py	517	4	ok
src\memory\domain_memory.py	518	0	blank
src\memory\domain_memory.py	519	4	ok
src\memory\domain_memory.py	520	4	ok
src\memory\domain_memory.py	521	0	blank
src\memory\domain_memory.py	522	4	comment
src\memory\domain_memory.py	523	4	ok
src\memory\domain_memory.py	524	4	ok
src\memory\domain_memory.py	525	4	ok
src\memory\domain_memory.py	526	0	blank
src\memory\domain_memory.py	527	4	ok
src\memory\domain_memory.py	528	4	ok
src\memory\domain_memory.py	529	4	ok
src\memory\domain_memory.py	530	4	ok
src\memory\domain_memory.py	531	4	ok
src\memory\domain_memory.py	532	0	blank
src\memory\domain_memory.py	533	4	comment
src\memory\domain_memory.py	534	4	ok
src\memory\domain_memory.py	535	4	ok
src\memory\domain_memory.py	536	4	ok
src\memory\domain_memory.py	537	4	ok
src\memory\domain_memory.py	538	0	blank
src\memory\domain_memory.py	539	4	comment
src\memory\domain_memory.py	540	4	ok
src\memory\domain_memory.py	541	0	blank
src\memory\domain_memory.py	542	4	comment
src\memory\domain_memory.py	543	4	ok
src\memory\domain_memory.py	544	4	ok
src\memory\domain_memory.py	545	4	ok
src\memory\domain_memory.py	546	4	ok
src\memory\domain_memory.py	547	4	ok
src\memory\domain_memory.py	548	4	ok
src\memory\domain_memory.py	549	4	ok
src\memory\domain_memory.py	550	4	ok
src\memory\domain_memory.py	551	4	ok
src\memory\domain_memory.py	552	4	ok
src\memory\domain_memory.py	553	4	ok
src\memory\domain_memory.py	554	0	blank
src\memory\domain_memory.py	555	4	ok
src\memory\domain_memory.py	556	0	blank
src\memory\domain_memory.py	557	4	ok
src\memory\domain_memory.py	558	4	ok
src\memory\domain_memory.py	559	0	blank
src\memory\domain_memory.py	560	4	comment
src\memory\domain_memory.py	561	4	ok
src\memory\domain_memory.py	562	0	blank
src\memory\domain_memory.py	563	4	ok
src\memory\domain_memory.py	564	0	blank
src\memory\domain_memory.py	565	0	blank
src\memory\domain_memory.py	566	4	comment
src\memory\domain_memory.py	567	4	ok
src\memory\domain_memory.py	568	0	blank
src\memory\domain_memory.py	569	5	typed_signature
src\memory\domain_memory.py	570	4	docstring
src\memory\domain_memory.py	571	4	ok
src\memory\domain_memory.py	572	4	ok
src\memory\domain_memory.py	573	4	ok
src\memory\domain_memory.py	574	4	ok
src\memory\market_memory.py	1	4	docstring
src\memory\market_memory.py	2	4	docstring
src\memory\market_memory.py	3	4	docstring
src\memory\market_memory.py	4	0	blank
src\memory\market_memory.py	5	4	docstring
src\memory\market_memory.py	6	4	docstring
src\memory\market_memory.py	7	4	docstring
src\memory\market_memory.py	8	4	ok
src\memory\market_memory.py	9	4	ok
src\memory\market_memory.py	10	4	ok
src\memory\market_memory.py	11	4	ok
src\memory\market_memory.py	12	4	ok
src\memory\market_memory.py	13	4	ok
src\memory\market_memory.py	14	0	blank
src\memory\market_memory.py	15	4	comment
src\memory\market_memory.py	16	4	ok
src\memory\market_memory.py	17	4	ok
src\memory\market_memory.py	18	4	ok
src\memory\market_memory.py	19	4	ok
src\memory\market_memory.py	20	4	ok
src\memory\market_memory.py	21	4	ok
src\memory\market_memory.py	22	4	ok
src\memory\market_memory.py	23	0	blank
src\memory\market_memory.py	24	0	blank
src\memory\market_memory.py	25	4	ok
src\memory\market_memory.py	26	4	docstring
src\memory\market_memory.py	27	4	docstring
src\memory\market_memory.py	28	0	blank
src\memory\market_memory.py	29	4	docstring
src\memory\market_memory.py	30	4	docstring
src\memory\market_memory.py	31	4	docstring
src\memory\market_memory.py	32	0	blank
src\memory\market_memory.py	33	4	ok
src\memory\market_memory.py	34	4	ok
src\memory\market_memory.py	35	4	ok
src\memory\market_memory.py	36	4	ok
src\memory\market_memory.py	37	0	blank
src\memory\market_memory.py	38	4	ok
src\memory\market_memory.py	39	4	ok
src\memory\market_memory.py	40	4	ok
src\memory\market_memory.py	41	4	ok
src\memory\market_memory.py	42	4	ok
src\memory\market_memory.py	43	0	blank
src\memory\market_memory.py	44	4	ok
src\memory\market_memory.py	45	4	docstring
src\memory\market_memory.py	46	4	ok
src\memory\market_memory.py	47	4	ok
src\memory\market_memory.py	48	4	comment
src\memory\market_memory.py	49	4	comment
src\memory\market_memory.py	50	4	comment
src\memory\market_memory.py	51	4	ok
src\memory\market_memory.py	52	0	blank
src\memory\market_memory.py	53	4	comment
src\memory\market_memory.py	54	4	ok
src\memory\market_memory.py	55	4	ok
src\memory\market_memory.py	56	4	ok
src\memory\market_memory.py	57	4	ok
src\memory\market_memory.py	58	4	ok
src\memory\market_memory.py	59	4	ok
src\memory\market_memory.py	60	4	ok
src\memory\market_memory.py	61	4	ok
src\memory\market_memory.py	62	0	blank
src\memory\market_memory.py	63	4	ok
src\memory\market_memory.py	64	4	ok
src\memory\market_memory.py	65	4	ok
src\memory\market_memory.py	66	0	blank
src\memory\market_memory.py	67	4	comment
src\memory\market_memory.py	68	4	ok
src\memory\market_memory.py	69	0	blank
src\memory\market_memory.py	70	4	ok
src\memory\market_memory.py	71	4	docstring
src\memory\market_memory.py	72	4	ok
src\memory\market_memory.py	73	4	ok
src\memory\market_memory.py	74	4	ok
src\memory\market_memory.py	75	4	ok
src\memory\market_memory.py	76	4	ok
src\memory\market_memory.py	77	4	ok
src\memory\market_memory.py	78	0	blank
src\memory\market_memory.py	79	4	comment
src\memory\market_memory.py	80	4	ok
src\memory\market_memory.py	81	4	ok
src\memory\market_memory.py	82	4	ok
src\memory\market_memory.py	83	4	ok
src\memory\market_memory.py	84	4	ok
src\memory\market_memory.py	85	4	ok
src\memory\market_memory.py	86	4	ok
src\memory\market_memory.py	87	4	ok
src\memory\market_memory.py	88	4	comment
src\memory\market_memory.py	89	4	ok
src\memory\market_memory.py	90	4	ok
src\memory\market_memory.py	91	4	ok
src\memory\market_memory.py	92	0	blank
src\memory\market_memory.py	93	4	ok
src\memory\market_memory.py	94	4	ok
src\memory\market_memory.py	95	4	ok
src\memory\market_memory.py	96	4	ok
src\memory\market_memory.py	97	4	ok
src\memory\market_memory.py	98	4	ok
src\memory\market_memory.py	99	4	ok
src\memory\market_memory.py	100	4	ok
src\memory\market_memory.py	101	4	ok
src\memory\market_memory.py	102	4	ok
src\memory\market_memory.py	103	4	ok
src\memory\market_memory.py	104	4	ok
src\memory\market_memory.py	105	2	stub
src\memory\market_memory.py	106	4	ok
src\memory\market_memory.py	107	4	ok
src\memory\market_memory.py	108	4	ok
src\memory\market_memory.py	109	4	ok
src\memory\market_memory.py	110	4	ok
src\memory\market_memory.py	111	0	blank
src\memory\market_memory.py	112	4	ok
src\memory\market_memory.py	113	4	docstring
src\memory\market_memory.py	114	4	ok
src\memory\market_memory.py	115	4	ok
src\memory\market_memory.py	116	4	ok
src\memory\market_memory.py	117	4	ok
src\memory\market_memory.py	118	4	ok
src\memory\market_memory.py	119	4	ok
src\memory\market_memory.py	120	0	blank
src\memory\market_memory.py	121	5	typed_signature
src\memory\market_memory.py	122	4	docstring
src\memory\market_memory.py	123	4	docstring
src\memory\market_memory.py	124	0	blank
src\memory\market_memory.py	125	4	docstring
src\memory\market_memory.py	126	4	docstring
src\memory\market_memory.py	127	4	docstring
src\memory\market_memory.py	128	4	docstring
src\memory\market_memory.py	129	4	docstring
src\memory\market_memory.py	130	4	docstring
src\memory\market_memory.py	131	4	docstring
src\memory\market_memory.py	132	4	docstring
src\memory\market_memory.py	133	4	docstring
src\memory\market_memory.py	134	4	docstring
src\memory\market_memory.py	135	4	ok
src\memory\market_memory.py	136	4	ok
src\memory\market_memory.py	137	4	ok
src\memory\market_memory.py	138	4	ok
src\memory\market_memory.py	139	4	ok
src\memory\market_memory.py	140	4	ok
src\memory\market_memory.py	141	4	ok
src\memory\market_memory.py	142	0	blank
src\memory\market_memory.py	143	4	comment
src\memory\market_memory.py	144	4	ok
src\memory\market_memory.py	145	4	ok
src\memory\market_memory.py	146	4	ok
src\memory\market_memory.py	147	0	blank
src\memory\market_memory.py	148	4	comment
src\memory\market_memory.py	149	4	ok
src\memory\market_memory.py	150	4	ok
src\memory\market_memory.py	151	4	ok
src\memory\market_memory.py	152	4	ok
src\memory\market_memory.py	153	4	ok
src\memory\market_memory.py	154	0	blank
src\memory\market_memory.py	155	4	comment
src\memory\market_memory.py	156	4	ok
src\memory\market_memory.py	157	4	ok
src\memory\market_memory.py	158	0	blank
src\memory\market_memory.py	159	4	comment
src\memory\market_memory.py	160	4	ok
src\memory\market_memory.py	161	4	ok
src\memory\market_memory.py	162	4	ok
src\memory\market_memory.py	163	0	blank
src\memory\market_memory.py	164	4	ok
src\memory\market_memory.py	165	4	ok
src\memory\market_memory.py	166	4	ok
src\memory\market_memory.py	167	4	ok
src\memory\market_memory.py	168	4	ok
src\memory\market_memory.py	169	4	ok
src\memory\market_memory.py	170	4	ok
src\memory\market_memory.py	171	4	ok
src\memory\market_memory.py	172	4	ok
src\memory\market_memory.py	173	4	ok
src\memory\market_memory.py	174	0	blank
src\memory\market_memory.py	175	4	ok
src\memory\market_memory.py	176	4	ok
src\memory\market_memory.py	177	4	ok
src\memory\market_memory.py	178	4	ok
src\memory\market_memory.py	179	4	ok
src\memory\market_memory.py	180	4	ok
src\memory\market_memory.py	181	4	ok
src\memory\market_memory.py	182	4	docstring
src\memory\market_memory.py	183	4	docstring
src\memory\market_memory.py	184	0	blank
src\memory\market_memory.py	185	4	docstring
src\memory\market_memory.py	186	4	docstring
src\memory\market_memory.py	187	4	docstring
src\memory\market_memory.py	188	4	docstring
src\memory\market_memory.py	189	4	docstring
src\memory\market_memory.py	190	0	blank
src\memory\market_memory.py	191	4	docstring
src\memory\market_memory.py	192	4	docstring
src\memory\market_memory.py	193	4	docstring
src\memory\market_memory.py	194	4	ok
src\memory\market_memory.py	195	4	ok
src\memory\market_memory.py	196	0	blank
src\memory\market_memory.py	197	4	ok
src\memory\market_memory.py	198	4	ok
src\memory\market_memory.py	199	4	ok
src\memory\market_memory.py	200	4	ok
src\memory\market_memory.py	201	4	ok
src\memory\market_memory.py	202	4	ok
src\memory\market_memory.py	203	4	ok
src\memory\market_memory.py	204	4	ok
src\memory\market_memory.py	205	4	ok
src\memory\market_memory.py	206	4	ok
src\memory\market_memory.py	207	4	ok
src\memory\market_memory.py	208	4	ok
src\memory\market_memory.py	209	4	ok
src\memory\market_memory.py	210	4	ok
src\memory\market_memory.py	211	0	blank
src\memory\market_memory.py	212	4	ok
src\memory\market_memory.py	213	0	blank
src\memory\market_memory.py	214	4	comment
src\memory\market_memory.py	215	4	ok
src\memory\market_memory.py	216	4	ok
src\memory\market_memory.py	217	4	ok
src\memory\market_memory.py	218	4	ok
src\memory\market_memory.py	219	4	comment
src\memory\market_memory.py	220	4	ok
src\memory\market_memory.py	221	4	ok
src\memory\market_memory.py	222	0	blank
src\memory\market_memory.py	223	4	ok
src\memory\market_memory.py	224	4	ok
src\memory\market_memory.py	225	4	ok
src\memory\market_memory.py	226	4	ok
src\memory\market_memory.py	227	4	ok
src\memory\market_memory.py	228	4	ok
src\memory\market_memory.py	229	4	ok
src\memory\market_memory.py	230	4	ok
src\memory\market_memory.py	231	4	ok
src\memory\market_memory.py	232	4	ok
src\memory\market_memory.py	233	4	ok
src\memory\market_memory.py	234	4	ok
src\memory\market_memory.py	235	4	ok
src\memory\market_memory.py	236	4	ok
src\memory\market_memory.py	237	0	blank
src\memory\market_memory.py	238	4	comment
src\memory\market_memory.py	239	4	ok
src\memory\market_memory.py	240	4	ok
src\memory\market_memory.py	241	4	ok
src\memory\market_memory.py	242	0	blank
src\memory\market_memory.py	243	4	ok
src\memory\market_memory.py	244	0	blank
src\memory\market_memory.py	245	4	ok
src\memory\market_memory.py	246	4	ok
src\memory\market_memory.py	247	4	ok
src\memory\market_memory.py	248	4	ok
src\memory\market_memory.py	249	4	ok
src\memory\market_memory.py	250	4	ok
src\memory\market_memory.py	251	4	docstring
src\memory\market_memory.py	252	4	docstring
src\memory\market_memory.py	253	0	blank
src\memory\market_memory.py	254	4	docstring
src\memory\market_memory.py	255	4	docstring
src\memory\market_memory.py	256	4	docstring
src\memory\market_memory.py	257	4	docstring
src\memory\market_memory.py	258	0	blank
src\memory\market_memory.py	259	4	docstring
src\memory\market_memory.py	260	4	docstring
src\memory\market_memory.py	261	4	docstring
src\memory\market_memory.py	262	4	ok
src\memory\market_memory.py	263	4	ok
src\memory\market_memory.py	264	0	blank
src\memory\market_memory.py	265	4	comment
src\memory\market_memory.py	266	4	ok
src\memory\market_memory.py	267	4	ok
src\memory\market_memory.py	268	4	comment
src\memory\market_memory.py	269	4	ok
src\memory\market_memory.py	270	4	ok
src\memory\market_memory.py	271	4	ok
src\memory\market_memory.py	272	4	ok
src\memory\market_memory.py	273	4	ok
src\memory\market_memory.py	274	0	blank
src\memory\market_memory.py	275	4	ok
src\memory\market_memory.py	276	0	blank
src\memory\market_memory.py	277	4	comment
src\memory\market_memory.py	278	4	ok
src\memory\market_memory.py	279	4	ok
src\memory\market_memory.py	280	4	ok
src\memory\market_memory.py	281	4	ok
src\memory\market_memory.py	282	4	ok
src\memory\market_memory.py	283	4	ok
src\memory\market_memory.py	284	4	ok
src\memory\market_memory.py	285	4	comment
src\memory\market_memory.py	286	4	ok
src\memory\market_memory.py	287	4	ok
src\memory\market_memory.py	288	2	bare_except
src\memory\market_memory.py	289	2	stub
src\memory\market_memory.py	290	0	blank
src\memory\market_memory.py	291	4	ok
src\memory\market_memory.py	292	4	ok
src\memory\market_memory.py	293	0	blank
src\memory\market_memory.py	294	4	ok
src\memory\market_memory.py	295	4	ok
src\memory\market_memory.py	296	0	blank
src\memory\market_memory.py	297	4	comment
src\memory\market_memory.py	298	4	ok
src\memory\market_memory.py	299	4	comment
src\memory\market_memory.py	300	4	ok
src\memory\market_memory.py	301	4	ok
src\memory\market_memory.py	302	4	ok
src\memory\market_memory.py	303	0	blank
src\memory\market_memory.py	304	4	ok
src\memory\market_memory.py	305	4	ok
src\memory\market_memory.py	306	0	blank
src\memory\market_memory.py	307	4	ok
src\memory\market_memory.py	308	4	ok
src\memory\market_memory.py	309	4	ok
src\memory\market_memory.py	310	4	ok
src\memory\market_memory.py	311	4	ok
src\memory\market_memory.py	312	4	ok
src\memory\market_memory.py	313	2	bare_except
src\memory\market_memory.py	314	4	ok
src\memory\market_memory.py	315	0	blank
src\memory\market_memory.py	316	4	ok
src\memory\market_memory.py	317	4	ok
src\memory\market_memory.py	318	4	ok
src\memory\market_memory.py	319	4	ok
src\memory\market_memory.py	320	4	ok
src\memory\market_memory.py	321	0	blank
src\memory\market_memory.py	322	4	ok
src\memory\market_memory.py	323	0	blank
src\memory\market_memory.py	324	4	ok
src\memory\market_memory.py	325	4	ok
src\memory\market_memory.py	326	4	ok
src\memory\market_memory.py	327	4	ok
src\memory\market_memory.py	328	4	ok
src\memory\market_memory.py	329	4	ok
src\memory\market_memory.py	330	4	docstring
src\memory\market_memory.py	331	4	docstring
src\memory\market_memory.py	332	0	blank
src\memory\market_memory.py	333	4	docstring
src\memory\market_memory.py	334	4	docstring
src\memory\market_memory.py	335	4	docstring
src\memory\market_memory.py	336	4	docstring
src\memory\market_memory.py	337	4	docstring
src\memory\market_memory.py	338	4	ok
src\memory\market_memory.py	339	4	ok
src\memory\market_memory.py	340	4	ok
src\memory\market_memory.py	341	4	ok
src\memory\market_memory.py	342	4	ok
src\memory\market_memory.py	343	0	blank
src\memory\market_memory.py	344	4	comment
src\memory\market_memory.py	345	4	ok
src\memory\market_memory.py	346	4	ok
src\memory\market_memory.py	347	4	ok
src\memory\market_memory.py	348	4	ok
src\memory\market_memory.py	349	4	ok
src\memory\market_memory.py	350	0	blank
src\memory\market_memory.py	351	4	ok
src\memory\market_memory.py	352	0	blank
src\memory\market_memory.py	353	4	comment
src\memory\market_memory.py	354	4	ok
src\memory\market_memory.py	355	0	blank
src\memory\market_memory.py	356	5	typed_signature
src\memory\market_memory.py	357	4	docstring
src\memory\market_memory.py	358	4	ok
src\memory\market_memory.py	359	4	ok
src\memory\market_memory.py	360	0	blank
src\memory\market_memory.py	361	4	ok
src\memory\market_memory.py	362	4	ok
src\memory\market_memory.py	363	4	ok
src\memory\market_memory.py	364	4	ok
src\memory\market_memory.py	365	4	ok
src\memory\market_memory.py	366	4	ok
src\memory\market_memory.py	367	0	blank
src\memory\market_memory.py	368	4	ok
src\memory\market_memory.py	369	4	ok
src\memory\market_memory.py	370	4	ok
src\memory\market_memory.py	371	4	ok
src\memory\market_memory.py	372	4	ok
src\memory\market_memory.py	373	4	ok
src\memory\market_memory.py	374	4	ok
src\memory\market_memory.py	375	4	ok
src\memory\market_memory.py	376	2	bare_except
src\memory\market_memory.py	377	4	ok
src\memory\market_memory.py	378	0	blank
src\memory\market_memory.py	379	4	ok
src\memory\market_memory.py	380	4	ok
src\memory\market_memory.py	381	4	ok
src\memory\market_memory.py	382	4	ok
src\memory\market_memory.py	383	4	ok
src\memory\market_memory.py	384	4	ok
src\memory\market_memory.py	385	4	ok
src\memory\market_memory.py	386	0	blank
src\memory\market_memory.py	387	4	ok
src\memory\market_memory.py	388	4	ok
src\memory\market_memory.py	389	0	blank
src\memory\market_memory.py	390	4	docstring
src\memory\market_memory.py	391	4	docstring
src\memory\market_memory.py	392	4	docstring
src\memory\market_memory.py	393	4	docstring
src\memory\market_memory.py	394	4	docstring
src\memory\market_memory.py	395	0	blank
src\memory\market_memory.py	396	4	ok
src\memory\market_memory.py	397	4	docstring
src\memory\market_memory.py	398	4	docstring
src\memory\market_memory.py	399	4	docstring
src\memory\market_memory.py	400	4	docstring
src\memory\market_memory.py	401	4	ok
src\memory\market_memory.py	402	0	blank
src\memory\market_memory.py	403	4	ok
src\memory\market_memory.py	404	0	blank
src\memory\market_memory.py	405	5	typed_signature
src\memory\market_memory.py	406	4	docstring
src\memory\market_memory.py	407	4	docstring
src\memory\market_memory.py	408	0	blank
src\memory\market_memory.py	409	4	docstring
src\memory\market_memory.py	410	4	docstring
src\memory\market_memory.py	411	4	docstring
src\memory\market_memory.py	412	4	docstring
src\memory\market_memory.py	413	0	blank
src\memory\market_memory.py	414	4	docstring
src\memory\market_memory.py	415	4	docstring
src\memory\market_memory.py	416	0	blank
src\memory\market_memory.py	417	4	docstring
src\memory\market_memory.py	418	4	docstring
src\memory\market_memory.py	419	4	docstring
src\memory\market_memory.py	420	4	ok
src\memory\market_memory.py	421	0	blank
src\memory\market_memory.py	422	4	ok
src\memory\market_memory.py	423	4	ok
src\memory\market_memory.py	424	0	blank
src\memory\market_memory.py	425	4	ok
src\memory\market_memory.py	426	4	ok
src\memory\market_memory.py	427	0	blank
src\memory\market_memory.py	428	4	ok
src\memory\market_memory.py	429	4	comment
src\memory\market_memory.py	430	4	ok
src\memory\market_memory.py	431	4	ok
src\memory\market_memory.py	432	4	ok
src\memory\market_memory.py	433	4	ok
src\memory\market_memory.py	434	0	blank
src\memory\market_memory.py	435	4	ok
src\memory\market_memory.py	436	4	ok
src\memory\market_memory.py	437	2	bare_except
src\memory\market_memory.py	438	4	ok
src\memory\market_memory.py	439	0	blank
src\memory\market_memory.py	440	4	ok
src\memory\market_memory.py	441	4	ok
src\memory\market_memory.py	442	0	blank
src\memory\market_memory.py	443	4	comment
src\memory\market_memory.py	444	4	ok
src\memory\market_memory.py	445	4	ok
src\memory\market_memory.py	446	4	ok
src\memory\market_memory.py	447	0	blank
src\memory\market_memory.py	448	4	ok
src\memory\market_memory.py	449	0	blank
src\memory\market_memory.py	450	4	comment
src\memory\market_memory.py	451	4	comment
src\memory\market_memory.py	452	4	ok
src\memory\market_memory.py	453	0	blank
src\memory\market_memory.py	454	4	comment
src\memory\market_memory.py	455	4	ok
src\memory\market_memory.py	456	4	comment
src\memory\market_memory.py	457	4	ok
src\memory\market_memory.py	458	4	ok
src\memory\market_memory.py	459	4	comment
src\memory\market_memory.py	460	4	ok
src\memory\market_memory.py	461	4	ok
src\memory\market_memory.py	462	4	comment
src\memory\market_memory.py	463	4	ok
src\memory\market_memory.py	464	0	blank
src\memory\market_memory.py	465	4	comment
src\memory\market_memory.py	466	4	ok
src\memory\market_memory.py	467	4	ok
src\memory\market_memory.py	468	4	ok
src\memory\market_memory.py	469	4	ok
src\memory\market_memory.py	470	4	ok
src\memory\market_memory.py	471	0	blank
src\memory\market_memory.py	472	4	ok
src\memory\market_memory.py	473	4	ok
src\memory\market_memory.py	474	4	ok
src\memory\market_memory.py	475	0	blank
src\memory\market_memory.py	476	4	ok
src\memory\market_memory.py	477	0	blank
src\memory\market_memory.py	478	5	typed_signature
src\memory\market_memory.py	479	4	docstring
src\memory\market_memory.py	480	4	comment
src\memory\market_memory.py	481	4	ok
src\memory\market_memory.py	482	4	ok
src\memory\market_memory.py	483	0	blank
src\memory\market_memory.py	484	4	ok
src\memory\market_memory.py	485	4	ok
src\memory\market_memory.py	486	4	ok
src\memory\market_memory.py	487	4	ok
src\memory\market_memory.py	488	4	ok
src\memory\market_memory.py	489	4	ok
src\memory\market_memory.py	490	4	ok
src\memory\market_memory.py	491	4	ok
src\memory\market_memory.py	492	4	ok
src\memory\market_memory.py	493	0	blank
src\memory\market_memory.py	494	5	typed_signature
src\memory\market_memory.py	495	4	docstring
src\memory\market_memory.py	496	4	docstring
src\memory\market_memory.py	497	0	blank
src\memory\market_memory.py	498	4	docstring
src\memory\market_memory.py	499	4	docstring
src\memory\market_memory.py	500	4	docstring
src\memory\market_memory.py	501	4	docstring
src\memory\market_memory.py	502	0	blank
src\memory\market_memory.py	503	4	docstring
src\memory\market_memory.py	504	4	docstring
src\memory\market_memory.py	505	0	blank
src\memory\market_memory.py	506	4	docstring
src\memory\market_memory.py	507	4	docstring
src\memory\market_memory.py	508	4	docstring
src\memory\market_memory.py	509	4	ok
src\memory\market_memory.py	510	4	ok
src\memory\market_memory.py	511	0	blank
src\memory\market_memory.py	512	4	comment
src\memory\market_memory.py	513	4	ok
src\memory\market_memory.py	514	4	ok
src\memory\market_memory.py	515	4	ok
src\memory\market_memory.py	516	0	blank
src\memory\market_memory.py	517	4	comment
src\memory\market_memory.py	518	4	ok
src\memory\market_memory.py	519	4	ok
src\memory\market_memory.py	520	0	blank
src\memory\market_memory.py	521	4	comment
src\memory\market_memory.py	522	4	ok
src\memory\market_memory.py	523	4	ok
src\memory\market_memory.py	524	4	ok
src\memory\market_memory.py	525	4	ok
src\memory\market_memory.py	526	0	blank
src\memory\market_memory.py	527	4	comment
src\memory\market_memory.py	528	4	ok
src\memory\market_memory.py	529	0	blank
src\memory\market_memory.py	530	4	ok
src\memory\market_memory.py	531	0	blank
src\memory\market_memory.py	532	4	comment
src\memory\market_memory.py	533	4	ok
src\memory\market_memory.py	534	4	ok
src\memory\market_memory.py	535	0	blank
src\memory\market_memory.py	536	4	comment
src\memory\market_memory.py	537	4	ok
src\memory\market_memory.py	538	0	blank
src\memory\market_memory.py	539	4	ok
src\memory\market_memory.py	540	4	ok
src\memory\market_memory.py	541	4	ok
src\memory\market_memory.py	542	0	blank
src\memory\market_memory.py	543	4	ok
src\memory\market_memory.py	544	4	ok
src\memory\market_memory.py	545	4	ok
src\memory\market_memory.py	546	0	blank
src\memory\market_memory.py	547	4	ok
src\memory\market_memory.py	548	0	blank
src\memory\market_memory.py	549	0	blank
src\memory\market_memory.py	550	4	comment
src\memory\market_memory.py	551	4	ok
src\memory\market_memory.py	552	0	blank
src\memory\market_memory.py	553	5	typed_signature
src\memory\market_memory.py	554	4	docstring
src\memory\market_memory.py	555	4	ok
src\memory\market_memory.py	556	4	ok
src\memory\market_memory.py	557	4	ok
src\memory\market_memory.py	558	4	ok
src\memory\reflector.py	1	4	docstring
src\memory\reflector.py	2	4	docstring
src\memory\reflector.py	3	4	docstring
src\memory\reflector.py	4	0	blank
src\memory\reflector.py	5	4	docstring
src\memory\reflector.py	6	4	docstring
src\memory\reflector.py	7	4	docstring
src\memory\reflector.py	8	4	docstring
src\memory\reflector.py	9	4	docstring
src\memory\reflector.py	10	4	docstring
src\memory\reflector.py	11	0	blank
src\memory\reflector.py	12	4	ok
src\memory\reflector.py	13	4	ok
src\memory\reflector.py	14	4	ok
src\memory\reflector.py	15	4	ok
src\memory\reflector.py	16	4	ok
src\memory\reflector.py	17	4	ok
src\memory\reflector.py	18	4	ok
src\memory\reflector.py	19	0	blank
src\memory\reflector.py	20	4	ok
src\memory\reflector.py	21	4	ok
src\memory\reflector.py	22	0	blank
src\memory\reflector.py	23	4	ok
src\memory\reflector.py	24	4	ok
src\memory\reflector.py	25	4	ok
src\memory\reflector.py	26	4	ok
src\memory\reflector.py	27	4	ok
src\memory\reflector.py	28	4	ok
src\memory\reflector.py	29	4	ok
src\memory\reflector.py	30	0	blank
src\memory\reflector.py	31	4	ok
src\memory\reflector.py	32	4	ok
src\memory\reflector.py	33	4	ok
src\memory\reflector.py	34	4	ok
src\memory\reflector.py	35	4	ok
src\memory\reflector.py	36	4	ok
src\memory\reflector.py	37	0	blank
src\memory\reflector.py	38	0	blank
src\memory\reflector.py	39	4	ok
src\memory\reflector.py	40	4	ok
src\memory\reflector.py	41	4	docstring
src\memory\reflector.py	42	4	ok
src\memory\reflector.py	43	4	ok
src\memory\reflector.py	44	4	ok
src\memory\reflector.py	45	4	ok
src\memory\reflector.py	46	4	ok
src\memory\reflector.py	47	4	ok
src\memory\reflector.py	48	4	ok
src\memory\reflector.py	49	4	ok
src\memory\reflector.py	50	4	ok
src\memory\reflector.py	51	4	ok
src\memory\reflector.py	52	4	ok
src\memory\reflector.py	53	4	ok
src\memory\reflector.py	54	4	ok
src\memory\reflector.py	55	4	ok
src\memory\reflector.py	56	4	ok
src\memory\reflector.py	57	0	blank
src\memory\reflector.py	58	0	blank
src\memory\reflector.py	59	4	ok
src\memory\reflector.py	60	4	docstring
src\memory\reflector.py	61	4	ok
src\memory\reflector.py	62	4	ok
src\memory\reflector.py	63	4	ok
src\memory\reflector.py	64	4	ok
src\memory\reflector.py	65	4	ok
src\memory\reflector.py	66	4	ok
src\memory\reflector.py	67	4	ok
src\memory\reflector.py	68	4	ok
src\memory\reflector.py	69	0	blank
src\memory\reflector.py	70	0	blank
src\memory\reflector.py	71	4	ok
src\memory\reflector.py	72	4	docstring
src\memory\reflector.py	73	4	docstring
src\memory\reflector.py	74	4	docstring
src\memory\reflector.py	75	4	docstring
src\memory\reflector.py	76	0	blank
src\memory\reflector.py	77	4	docstring
src\memory\reflector.py	78	4	docstring
src\memory\reflector.py	79	4	docstring
src\memory\reflector.py	80	0	blank
src\memory\reflector.py	81	4	docstring
src\memory\reflector.py	82	4	docstring
src\memory\reflector.py	83	4	docstring
src\memory\reflector.py	84	4	docstring
src\memory\reflector.py	85	4	docstring
src\memory\reflector.py	86	4	docstring
src\memory\reflector.py	87	4	docstring
src\memory\reflector.py	88	4	docstring
src\memory\reflector.py	89	4	docstring
src\memory\reflector.py	90	4	docstring
src\memory\reflector.py	91	4	docstring
src\memory\reflector.py	92	4	docstring
src\memory\reflector.py	93	0	blank
src\memory\reflector.py	94	4	docstring
src\memory\reflector.py	95	4	docstring
src\memory\reflector.py	96	4	docstring
src\memory\reflector.py	97	4	docstring
src\memory\reflector.py	98	0	blank
src\memory\reflector.py	99	4	docstring
src\memory\reflector.py	100	4	docstring
src\memory\reflector.py	101	4	docstring
src\memory\reflector.py	102	4	docstring
src\memory\reflector.py	103	0	blank
src\memory\reflector.py	104	4	docstring
src\memory\reflector.py	105	4	docstring
src\memory\reflector.py	106	4	docstring
src\memory\reflector.py	107	4	docstring
src\memory\reflector.py	108	0	blank
src\memory\reflector.py	109	4	docstring
src\memory\reflector.py	110	4	docstring
src\memory\reflector.py	111	4	docstring
src\memory\reflector.py	112	0	blank
src\memory\reflector.py	113	4	docstring
src\memory\reflector.py	114	4	docstring
src\memory\reflector.py	115	4	docstring
src\memory\reflector.py	116	4	docstring
src\memory\reflector.py	117	4	docstring
src\memory\reflector.py	118	0	blank
src\memory\reflector.py	119	4	docstring
src\memory\reflector.py	120	4	docstring
src\memory\reflector.py	121	4	docstring
src\memory\reflector.py	122	4	docstring
src\memory\reflector.py	123	4	docstring
src\memory\reflector.py	124	4	docstring
src\memory\reflector.py	125	0	blank
src\memory\reflector.py	126	4	docstring
src\memory\reflector.py	127	4	docstring
src\memory\reflector.py	128	4	docstring
src\memory\reflector.py	129	4	docstring
src\memory\reflector.py	130	4	docstring
src\memory\reflector.py	131	4	docstring
src\memory\reflector.py	132	0	blank
src\memory\reflector.py	133	4	docstring
src\memory\reflector.py	134	4	docstring
src\memory\reflector.py	135	4	docstring
src\memory\reflector.py	136	4	docstring
src\memory\reflector.py	137	4	docstring
src\memory\reflector.py	138	4	docstring
src\memory\reflector.py	139	0	blank
src\memory\reflector.py	140	4	docstring
src\memory\reflector.py	141	4	docstring
src\memory\reflector.py	142	4	docstring
src\memory\reflector.py	143	4	docstring
src\memory\reflector.py	144	4	docstring
src\memory\reflector.py	145	0	blank
src\memory\reflector.py	146	4	docstring
src\memory\reflector.py	147	4	docstring
src\memory\reflector.py	148	4	docstring
src\memory\reflector.py	149	4	docstring
src\memory\reflector.py	150	4	docstring
src\memory\reflector.py	151	0	blank
src\memory\reflector.py	152	4	docstring
src\memory\reflector.py	153	4	docstring
src\memory\reflector.py	154	4	docstring
src\memory\reflector.py	155	4	docstring
src\memory\reflector.py	156	4	docstring
src\memory\reflector.py	157	0	blank
src\memory\reflector.py	158	4	docstring
src\memory\reflector.py	159	4	docstring
src\memory\reflector.py	160	4	docstring
src\memory\reflector.py	161	4	docstring
src\memory\reflector.py	162	4	docstring
src\memory\reflector.py	163	0	blank
src\memory\reflector.py	164	4	docstring
src\memory\reflector.py	165	4	docstring
src\memory\reflector.py	166	4	docstring
src\memory\reflector.py	167	0	blank
src\memory\reflector.py	168	4	docstring
src\memory\reflector.py	169	4	docstring
src\memory\reflector.py	170	4	docstring
src\memory\reflector.py	171	4	docstring
src\memory\reflector.py	172	4	docstring
src\memory\reflector.py	173	4	docstring
src\memory\reflector.py	174	4	docstring
src\memory\reflector.py	175	4	docstring
src\memory\reflector.py	176	4	docstring
src\memory\reflector.py	177	4	docstring
src\memory\reflector.py	178	4	docstring
src\memory\reflector.py	179	4	docstring
src\memory\reflector.py	180	4	docstring
src\memory\reflector.py	181	4	docstring
src\memory\reflector.py	182	4	docstring
src\memory\reflector.py	183	4	docstring
src\memory\reflector.py	184	4	docstring
src\memory\reflector.py	185	4	docstring
src\memory\reflector.py	186	4	docstring
src\memory\reflector.py	187	4	docstring
src\memory\reflector.py	188	4	docstring
src\memory\reflector.py	189	4	docstring
src\memory\reflector.py	190	4	docstring
src\memory\reflector.py	191	4	docstring
src\memory\reflector.py	192	4	docstring
src\memory\reflector.py	193	4	docstring
src\memory\reflector.py	194	4	docstring
src\memory\reflector.py	195	4	docstring
src\memory\reflector.py	196	4	docstring
src\memory\reflector.py	197	4	docstring
src\memory\reflector.py	198	4	docstring
src\memory\reflector.py	199	4	docstring
src\memory\reflector.py	200	4	docstring
src\memory\reflector.py	201	4	docstring
src\memory\reflector.py	202	4	docstring
src\memory\reflector.py	203	4	docstring
src\memory\reflector.py	204	4	docstring
src\memory\reflector.py	205	4	docstring
src\memory\reflector.py	206	4	docstring
src\memory\reflector.py	207	4	docstring
src\memory\reflector.py	208	4	docstring
src\memory\reflector.py	209	4	docstring
src\memory\reflector.py	210	4	docstring
src\memory\reflector.py	211	4	docstring
src\memory\reflector.py	212	4	docstring
src\memory\reflector.py	213	4	docstring
src\memory\reflector.py	214	4	docstring
src\memory\reflector.py	215	4	docstring
src\memory\reflector.py	216	4	docstring
src\memory\reflector.py	217	4	docstring
src\memory\reflector.py	218	4	docstring
src\memory\reflector.py	219	4	docstring
src\memory\reflector.py	220	4	docstring
src\memory\reflector.py	221	4	docstring
src\memory\reflector.py	222	4	docstring
src\memory\reflector.py	223	0	blank
src\memory\reflector.py	224	4	docstring
src\memory\reflector.py	225	4	docstring
src\memory\reflector.py	226	4	docstring
src\memory\reflector.py	227	0	blank
src\memory\reflector.py	228	4	docstring
src\memory\reflector.py	229	4	docstring
src\memory\reflector.py	230	4	docstring
src\memory\reflector.py	231	4	docstring
src\memory\reflector.py	232	4	docstring
src\memory\reflector.py	233	0	blank
src\memory\reflector.py	234	4	docstring
src\memory\reflector.py	235	4	docstring
src\memory\reflector.py	236	0	blank
src\memory\reflector.py	237	4	ok
src\memory\reflector.py	238	4	ok
src\memory\reflector.py	239	0	blank
src\memory\reflector.py	240	4	ok
src\memory\reflector.py	241	4	docstring
src\memory\reflector.py	242	4	docstring
src\memory\reflector.py	243	0	blank
src\memory\reflector.py	244	4	docstring
src\memory\reflector.py	245	4	docstring
src\memory\reflector.py	246	0	blank
src\memory\reflector.py	247	4	docstring
src\memory\reflector.py	248	4	docstring
src\memory\reflector.py	249	4	docstring
src\memory\reflector.py	250	4	ok
src\memory\reflector.py	251	4	ok
src\memory\reflector.py	252	4	ok
src\memory\reflector.py	253	4	ok
src\memory\reflector.py	254	4	ok
src\memory\reflector.py	255	4	ok
src\memory\reflector.py	256	4	ok
src\memory\reflector.py	257	4	ok
src\memory\reflector.py	258	4	ok
src\memory\reflector.py	259	4	ok
src\memory\reflector.py	260	4	ok
src\memory\reflector.py	261	4	ok
src\memory\reflector.py	262	4	ok
src\memory\reflector.py	263	4	ok
src\memory\reflector.py	264	4	ok
src\memory\reflector.py	265	4	ok
src\memory\reflector.py	266	4	ok
src\memory\reflector.py	267	0	blank
src\memory\reflector.py	268	4	ok
src\memory\reflector.py	269	4	ok
src\memory\reflector.py	270	4	ok
src\memory\reflector.py	271	4	ok
src\memory\reflector.py	272	4	ok
src\memory\reflector.py	273	4	ok
src\memory\reflector.py	274	0	blank
src\memory\reflector.py	275	4	comment
src\memory\reflector.py	276	4	ok
src\memory\reflector.py	277	4	ok
src\memory\reflector.py	278	4	ok
src\memory\reflector.py	279	0	blank
src\memory\reflector.py	280	4	ok
src\memory\reflector.py	281	4	comment
src\memory\reflector.py	282	4	ok
src\memory\reflector.py	283	4	ok
src\memory\reflector.py	284	4	comment
src\memory\reflector.py	285	4	ok
src\memory\reflector.py	286	4	ok
src\memory\reflector.py	287	4	ok
src\memory\reflector.py	288	4	ok
src\memory\reflector.py	289	4	ok
src\memory\reflector.py	290	4	ok
src\memory\reflector.py	291	0	blank
src\memory\reflector.py	292	4	ok
src\memory\reflector.py	293	0	blank
src\memory\reflector.py	294	4	comment
src\memory\reflector.py	295	4	ok
src\memory\reflector.py	296	3	long_line
src\memory\reflector.py	297	0	blank
src\memory\reflector.py	298	4	ok
src\memory\reflector.py	299	4	ok
src\memory\reflector.py	300	4	ok
src\memory\reflector.py	301	4	ok
src\memory\reflector.py	302	4	ok
src\memory\reflector.py	303	4	ok
src\memory\reflector.py	304	4	ok
src\memory\reflector.py	305	4	ok
src\memory\reflector.py	306	4	ok
src\memory\reflector.py	307	4	ok
src\memory\reflector.py	308	4	ok
src\memory\reflector.py	309	4	ok
src\memory\reflector.py	310	4	comment
src\memory\reflector.py	311	4	ok
src\memory\reflector.py	312	0	blank
src\memory\reflector.py	313	4	comment
src\memory\reflector.py	314	4	ok
src\memory\reflector.py	315	4	ok
src\memory\reflector.py	316	4	ok
src\memory\reflector.py	317	4	ok
src\memory\reflector.py	318	4	ok
src\memory\reflector.py	319	4	ok
src\memory\reflector.py	320	0	blank
src\memory\reflector.py	321	4	comment
src\memory\reflector.py	322	4	ok
src\memory\reflector.py	323	0	blank
src\memory\reflector.py	324	4	comment
src\memory\reflector.py	325	4	ok
src\memory\reflector.py	326	3	long_line
src\memory\reflector.py	327	4	ok
src\memory\reflector.py	328	3	long_line
src\memory\reflector.py	329	4	ok
src\memory\reflector.py	330	3	long_line
src\memory\reflector.py	331	4	ok
src\memory\reflector.py	332	3	long_line
src\memory\reflector.py	333	0	blank
src\memory\reflector.py	334	4	ok
src\memory\reflector.py	335	4	ok
src\memory\reflector.py	336	4	ok
src\memory\reflector.py	337	4	ok
src\memory\reflector.py	338	4	ok
src\memory\reflector.py	339	4	ok
src\memory\reflector.py	340	4	ok
src\memory\reflector.py	341	4	ok
src\memory\reflector.py	342	4	ok
src\memory\reflector.py	343	4	ok
src\memory\reflector.py	344	0	blank
src\memory\reflector.py	345	0	blank
src\memory\reflector.py	346	4	ok
src\memory\reflector.py	347	4	docstring
src\memory\reflector.py	348	4	docstring
src\memory\reflector.py	349	4	docstring
src\memory\reflector.py	350	4	docstring
src\memory\reflector.py	351	0	blank
src\memory\reflector.py	352	4	ok
src\memory\reflector.py	353	4	ok
src\memory\reflector.py	354	0	blank
src\memory\reflector.py	355	4	ok
src\memory\reflector.py	356	4	ok
src\memory\reflector.py	357	4	ok
src\memory\reflector.py	358	4	ok
src\memory\reflector.py	359	4	ok
src\memory\reflector.py	360	4	ok
src\memory\reflector.py	361	4	ok
src\memory\reflector.py	362	4	ok
src\memory\reflector.py	363	4	ok
src\memory\reflector.py	364	0	blank
src\memory\reflector.py	365	4	comment
src\memory\reflector.py	366	4	ok
src\memory\reflector.py	367	0	blank
src\memory\reflector.py	368	4	ok
src\memory\reflector.py	369	4	ok
src\memory\reflector.py	370	4	ok
src\memory\reflector.py	371	4	ok
src\memory\reflector.py	372	4	ok
src\memory\reflector.py	373	4	ok
src\memory\reflector.py	374	0	blank
src\memory\reflector.py	375	4	ok
src\memory\reflector.py	376	0	blank
src\memory\reflector.py	377	4	ok
src\memory\reflector.py	378	4	docstring
src\memory\reflector.py	379	4	ok
src\memory\reflector.py	380	4	ok
src\memory\reflector.py	381	4	ok
src\memory\reflector.py	382	4	ok
src\memory\reflector.py	383	4	ok
src\memory\reflector.py	384	4	ok
src\memory\reflector.py	385	4	ok
src\memory\reflector.py	386	4	ok
src\memory\reflector.py	387	4	ok
src\memory\reflector.py	388	0	blank
src\memory\reflector.py	389	4	ok
src\memory\reflector.py	390	4	docstring
src\memory\reflector.py	391	4	ok
src\memory\reflector.py	392	4	ok
src\memory\reflector.py	393	4	ok
src\memory\reflector.py	394	4	ok
src\memory\reflector.py	395	4	ok
src\memory\reflector.py	396	4	ok
src\memory\reflector.py	397	4	ok
src\memory\reflector.py	398	0	blank
src\memory\reflector.py	399	4	ok
src\memory\reflector.py	400	4	docstring
src\memory\reflector.py	401	4	ok
src\memory\reflector.py	402	4	ok
src\memory\reflector.py	403	4	ok
src\memory\reflector.py	404	0	blank
src\memory\reflector.py	405	4	ok
src\memory\reflector.py	406	4	comment
src\memory\reflector.py	407	4	comment
src\memory\reflector.py	408	4	comment
src\memory\reflector.py	409	4	ok
src\memory\reflector.py	410	0	blank
src\memory\reflector.py	411	4	comment
src\memory\reflector.py	412	4	ok
src\memory\reflector.py	413	4	ok
src\memory\reflector.py	414	4	ok
src\memory\reflector.py	415	4	ok
src\memory\reflector.py	416	4	ok
src\memory\reflector.py	417	4	ok
src\memory\reflector.py	418	4	ok
src\memory\reflector.py	419	4	ok
src\memory\reflector.py	420	4	ok
src\memory\reflector.py	421	4	ok
src\memory\reflector.py	422	0	blank
src\memory\reflector.py	423	4	comment
src\memory\reflector.py	424	4	ok
src\memory\reflector.py	425	4	ok
src\memory\reflector.py	426	4	ok
src\memory\reflector.py	427	4	ok
src\memory\reflector.py	428	4	ok
src\memory\reflector.py	429	4	ok
src\memory\reflector.py	430	4	ok
src\memory\reflector.py	431	4	ok
src\memory\reflector.py	432	0	blank
src\memory\reflector.py	433	4	ok
src\memory\reflector.py	434	4	ok
src\memory\reflector.py	435	4	ok
src\memory\reflector.py	436	4	ok
src\memory\reflector.py	437	4	ok
src\memory\reflector.py	438	4	ok
src\memory\reflector.py	439	4	ok
src\memory\reflector.py	440	4	ok
src\memory\reflector.py	441	4	ok
src\memory\reflector.py	442	4	ok
src\memory\reflector.py	443	4	ok
src\memory\reflector.py	444	4	ok
src\memory\reflector.py	445	4	ok
src\memory\reflector.py	446	4	ok
src\memory\reflector.py	447	4	ok
src\memory\reflector.py	448	4	ok
src\memory\reflector.py	449	4	ok
src\memory\reflector.py	450	0	blank
src\memory\reflector.py	451	4	ok
src\memory\reflector.py	452	4	ok
src\memory\reflector.py	453	4	ok
src\memory\reflector.py	454	0	blank
src\memory\reflector.py	455	5	typed_signature
src\memory\reflector.py	456	4	docstring
src\memory\reflector.py	457	4	ok
src\memory\reflector.py	458	4	ok
src\memory\reflector.py	459	4	comment
src\memory\reflector.py	460	4	ok
src\memory\reflector.py	461	4	ok
src\memory\reflector.py	462	4	ok
src\memory\reflector.py	463	0	blank
src\memory\reflector.py	464	5	typed_signature
src\memory\reflector.py	465	4	docstring
src\memory\reflector.py	466	4	docstring
src\memory\reflector.py	467	0	blank
src\memory\reflector.py	468	4	docstring
src\memory\reflector.py	469	4	docstring
src\memory\reflector.py	470	0	blank
src\memory\reflector.py	471	4	docstring
src\memory\reflector.py	472	4	docstring
src\memory\reflector.py	473	4	docstring
src\memory\reflector.py	474	4	ok
src\memory\reflector.py	475	0	blank
src\memory\reflector.py	476	4	comment
src\memory\reflector.py	477	4	comment
src\memory\reflector.py	478	4	ok
src\memory\reflector.py	479	0	blank
src\memory\reflector.py	480	4	ok
src\memory\reflector.py	481	0	blank
src\memory\reflector.py	482	4	ok
src\memory\reflector.py	483	4	ok
src\memory\reflector.py	484	4	ok
src\memory\reflector.py	485	4	ok
src\memory\reflector.py	486	0	blank
src\memory\reflector.py	487	4	ok
src\memory\reflector.py	488	4	ok
src\memory\reflector.py	489	4	ok
src\memory\reflector.py	490	4	ok
src\memory\reflector.py	491	0	blank
src\memory\reflector.py	492	4	ok
src\memory\reflector.py	493	4	comment
src\memory\reflector.py	494	4	ok
src\memory\reflector.py	495	4	ok
src\memory\reflector.py	496	0	blank
src\memory\reflector.py	497	4	ok
src\memory\reflector.py	498	4	comment
src\memory\reflector.py	499	4	ok
src\memory\reflector.py	500	4	ok
src\memory\reflector.py	501	4	ok
src\memory\reflector.py	502	4	ok
src\memory\reflector.py	503	4	ok
src\memory\reflector.py	504	3	long_line
src\memory\reflector.py	505	4	ok
src\memory\reflector.py	506	4	ok
src\memory\reflector.py	507	4	ok
src\memory\reflector.py	508	0	blank
src\memory\reflector.py	509	4	comment
src\memory\reflector.py	510	4	ok
src\memory\reflector.py	511	4	ok
src\memory\reflector.py	512	4	ok
src\memory\reflector.py	513	4	ok
src\memory\reflector.py	514	4	ok
src\memory\reflector.py	515	0	blank
src\memory\reflector.py	516	4	ok
src\memory\reflector.py	517	4	ok
src\memory\reflector.py	518	4	ok
src\memory\reflector.py	519	4	ok
src\memory\reflector.py	520	4	ok
src\memory\reflector.py	521	4	ok
src\memory\reflector.py	522	4	ok
src\memory\reflector.py	523	4	ok
src\memory\reflector.py	524	4	ok
src\memory\reflector.py	525	4	ok
src\memory\reflector.py	526	0	blank
src\memory\reflector.py	527	4	ok
src\memory\reflector.py	528	4	ok
src\memory\reflector.py	529	4	ok
src\memory\reflector.py	530	4	ok
src\memory\reflector.py	531	4	ok
src\memory\reflector.py	532	4	ok
src\memory\reflector.py	533	4	ok
src\memory\reflector.py	534	4	ok
src\memory\reflector.py	535	4	ok
src\memory\reflector.py	536	4	ok
src\memory\reflector.py	537	4	ok
src\memory\reflector.py	538	4	ok
src\memory\reflector.py	539	4	ok
src\memory\reflector.py	540	4	ok
src\memory\reflector.py	541	4	ok
src\memory\reflector.py	542	0	blank
src\memory\reflector.py	543	4	comment
src\memory\reflector.py	544	4	ok
src\memory\reflector.py	545	4	ok
src\memory\reflector.py	546	4	ok
src\memory\reflector.py	547	4	ok
src\memory\reflector.py	548	4	ok
src\memory\reflector.py	549	0	blank
src\memory\reflector.py	550	4	comment
src\memory\reflector.py	551	4	ok
src\memory\reflector.py	552	4	ok
src\memory\reflector.py	553	4	ok
src\memory\reflector.py	554	0	blank
src\memory\reflector.py	555	4	ok
src\memory\reflector.py	556	4	ok
src\memory\reflector.py	557	4	ok
src\memory\reflector.py	558	4	ok
src\memory\reflector.py	559	4	ok
src\memory\reflector.py	560	4	ok
src\memory\reflector.py	561	4	docstring
src\memory\reflector.py	562	4	docstring
src\memory\reflector.py	563	0	blank
src\memory\reflector.py	564	4	docstring
src\memory\reflector.py	565	4	docstring
src\memory\reflector.py	566	4	docstring
src\memory\reflector.py	567	4	docstring
src\memory\reflector.py	568	0	blank
src\memory\reflector.py	569	4	docstring
src\memory\reflector.py	570	4	docstring
src\memory\reflector.py	571	4	docstring
src\memory\reflector.py	572	4	ok
src\memory\reflector.py	573	0	blank
src\memory\reflector.py	574	4	ok
src\memory\reflector.py	575	4	ok
src\memory\reflector.py	576	4	comment
src\memory\reflector.py	577	4	ok
src\memory\reflector.py	578	4	ok
src\memory\reflector.py	579	4	ok
src\memory\reflector.py	580	4	ok
src\memory\reflector.py	581	4	ok
src\memory\reflector.py	582	4	ok
src\memory\reflector.py	583	4	ok
src\memory\reflector.py	584	4	ok
src\memory\reflector.py	585	4	ok
src\memory\reflector.py	586	4	comment
src\memory\reflector.py	587	4	ok
src\memory\reflector.py	588	4	ok
src\memory\reflector.py	589	4	ok
src\memory\reflector.py	590	4	ok
src\memory\reflector.py	591	4	ok
src\memory\reflector.py	592	0	blank
src\memory\reflector.py	593	4	comment
src\memory\reflector.py	594	5	typed_signature
src\memory\reflector.py	595	4	ok
src\memory\reflector.py	596	4	ok
src\memory\reflector.py	597	4	ok
src\memory\reflector.py	598	4	ok
src\memory\reflector.py	599	0	blank
src\memory\reflector.py	600	4	ok
src\memory\reflector.py	601	4	ok
src\memory\reflector.py	602	4	ok
src\memory\reflector.py	603	4	ok
src\memory\reflector.py	604	4	ok
src\memory\reflector.py	605	0	blank
src\memory\reflector.py	606	4	ok
src\memory\reflector.py	607	4	ok
src\memory\reflector.py	608	4	ok
src\memory\reflector.py	609	4	ok
src\memory\reflector.py	610	4	ok
src\memory\reflector.py	611	0	blank
src\memory\reflector.py	612	5	typed_signature
src\memory\reflector.py	613	4	docstring
src\memory\reflector.py	614	4	ok
src\memory\reflector.py	615	4	ok
src\memory\reflector.py	616	4	ok
src\memory\reflector.py	617	4	ok
src\memory\reflector.py	618	4	ok
src\memory\reflector.py	619	4	ok
src\memory\reflector.py	620	4	ok
src\memory\reflector.py	621	2	bare_except
src\memory\reflector.py	622	2	stub
src\memory\reflector.py	623	0	blank
src\memory\reflector.py	624	4	ok
src\memory\reflector.py	625	4	ok
src\memory\reflector.py	626	4	ok
src\memory\reflector.py	627	4	ok
src\memory\reflector.py	628	0	blank
src\memory\reflector.py	629	4	ok
src\memory\reflector.py	630	4	docstring
src\memory\reflector.py	631	4	docstring
src\memory\reflector.py	632	0	blank
src\memory\reflector.py	633	4	docstring
src\memory\reflector.py	634	4	docstring
src\memory\reflector.py	635	4	docstring
src\memory\reflector.py	636	4	docstring
src\memory\reflector.py	637	0	blank
src\memory\reflector.py	638	4	docstring
src\memory\reflector.py	639	4	docstring
src\memory\reflector.py	640	4	docstring
src\memory\reflector.py	641	0	blank
src\memory\reflector.py	642	4	docstring
src\memory\reflector.py	643	4	docstring
src\memory\reflector.py	644	4	docstring
src\memory\reflector.py	645	4	ok
src\memory\reflector.py	646	4	ok
src\memory\reflector.py	647	4	ok
src\memory\reflector.py	648	0	blank
src\memory\reflector.py	649	4	comment
src\memory\reflector.py	650	4	ok
src\memory\reflector.py	651	4	ok
src\memory\reflector.py	652	4	ok
src\memory\reflector.py	653	4	ok
src\memory\reflector.py	654	4	ok
src\memory\reflector.py	655	4	ok
src\memory\reflector.py	656	4	ok
src\memory\reflector.py	657	4	ok
src\memory\reflector.py	658	4	ok
src\memory\reflector.py	659	4	ok
src\memory\reflector.py	660	4	ok
src\memory\reflector.py	661	0	blank
src\memory\reflector.py	662	4	docstring
src\memory\reflector.py	663	0	blank
src\memory\reflector.py	664	4	docstring
src\memory\reflector.py	665	4	docstring
src\memory\reflector.py	666	0	blank
src\memory\reflector.py	667	4	docstring
src\memory\reflector.py	668	4	docstring
src\memory\reflector.py	669	4	docstring
src\memory\reflector.py	670	4	docstring
src\memory\reflector.py	671	4	docstring
src\memory\reflector.py	672	4	docstring
src\memory\reflector.py	673	0	blank
src\memory\reflector.py	674	4	docstring
src\memory\reflector.py	675	0	blank
src\memory\reflector.py	676	4	docstring
src\memory\reflector.py	677	4	docstring
src\memory\reflector.py	678	4	docstring
src\memory\reflector.py	679	4	docstring
src\memory\reflector.py	680	4	docstring
src\memory\reflector.py	681	4	docstring
src\memory\reflector.py	682	0	blank
src\memory\reflector.py	683	4	ok
src\memory\reflector.py	684	4	ok
src\memory\reflector.py	685	4	ok
src\memory\reflector.py	686	4	ok
src\memory\reflector.py	687	4	ok
src\memory\reflector.py	688	4	ok
src\memory\reflector.py	689	4	ok
src\memory\reflector.py	690	0	blank
src\memory\reflector.py	691	4	ok
src\memory\reflector.py	692	0	blank
src\memory\reflector.py	693	4	comment
src\memory\reflector.py	694	4	ok
src\memory\reflector.py	695	0	blank
src\memory\reflector.py	696	4	comment
src\memory\reflector.py	697	4	ok
src\memory\reflector.py	698	4	ok
src\memory\reflector.py	699	0	blank
src\memory\reflector.py	700	4	comment
src\memory\reflector.py	701	4	ok
src\memory\reflector.py	702	0	blank
src\memory\reflector.py	703	4	comment
src\memory\reflector.py	704	4	ok
src\memory\reflector.py	705	4	ok
src\memory\reflector.py	706	4	ok
src\memory\reflector.py	707	4	ok
src\memory\reflector.py	708	0	blank
src\memory\reflector.py	709	4	comment
src\memory\reflector.py	710	4	ok
src\memory\reflector.py	711	0	blank
src\memory\reflector.py	712	4	comment
src\memory\reflector.py	713	4	ok
src\memory\reflector.py	714	4	ok
src\memory\reflector.py	715	4	ok
src\memory\reflector.py	716	4	ok
src\memory\reflector.py	717	4	ok
src\memory\reflector.py	718	4	ok
src\memory\reflector.py	719	4	ok
src\memory\reflector.py	720	4	ok
src\memory\reflector.py	721	4	ok
src\memory\reflector.py	722	4	ok
src\memory\reflector.py	723	4	ok
src\memory\reflector.py	724	4	ok
src\memory\reflector.py	725	4	ok
src\memory\reflector.py	726	4	ok
src\memory\reflector.py	727	0	blank
src\memory\reflector.py	728	4	ok
src\memory\reflector.py	729	4	ok
src\memory\reflector.py	730	0	blank
src\memory\reflector.py	731	4	ok
src\memory\reflector.py	732	4	ok
src\memory\reflector.py	733	4	ok
src\memory\reflector.py	734	4	ok
src\memory\reflector.py	735	4	ok
src\memory\reflector.py	736	0	blank
src\memory\reflector.py	737	4	ok
src\memory\reflector.py	738	4	ok
src\memory\reflector.py	739	4	comment
src\memory\reflector.py	740	4	ok
src\memory\reflector.py	741	4	ok
src\memory\reflector.py	742	4	ok
src\memory\reflector.py	743	4	ok
src\memory\reflector.py	744	0	blank
src\memory\reflector.py	745	4	ok
src\memory\reflector.py	746	4	ok
src\memory\reflector.py	747	4	ok
src\memory\reflector.py	748	4	ok
src\memory\reflector.py	749	4	ok
src\memory\reflector.py	750	4	ok
src\memory\reflector.py	751	4	docstring
src\memory\reflector.py	752	4	docstring
src\memory\reflector.py	753	0	blank
src\memory\reflector.py	754	4	docstring
src\memory\reflector.py	755	0	blank
src\memory\reflector.py	756	4	docstring
src\memory\reflector.py	757	4	docstring
src\memory\reflector.py	758	4	docstring
src\memory\reflector.py	759	4	docstring
src\memory\reflector.py	760	0	blank
src\memory\reflector.py	761	4	docstring
src\memory\reflector.py	762	4	docstring
src\memory\reflector.py	763	4	docstring
src\memory\reflector.py	764	4	comment
src\memory\reflector.py	765	4	ok
src\memory\reflector.py	766	4	ok
src\memory\reflector.py	767	4	ok
src\memory\reflector.py	768	4	ok
src\memory\reflector.py	769	4	ok
src\memory\reflector.py	770	4	ok
src\memory\reflector.py	771	4	ok
src\memory\reflector.py	772	4	ok
src\memory\reflector.py	773	4	ok
src\memory\reflector.py	774	4	ok
src\memory\reflector.py	775	4	ok
src\memory\reflector.py	776	4	ok
src\memory\reflector.py	777	4	ok
src\memory\reflector.py	778	4	ok
src\memory\reflector.py	779	4	ok
src\memory\reflector.py	780	4	ok
src\memory\reflector.py	781	0	blank
src\memory\reflector.py	782	4	ok
src\memory\reflector.py	783	4	ok
src\memory\reflector.py	784	4	ok
src\memory\reflector.py	785	0	blank
src\memory\reflector.py	786	4	comment
src\memory\reflector.py	787	4	ok
src\memory\reflector.py	788	0	blank
src\memory\reflector.py	789	4	comment
src\memory\reflector.py	790	4	ok
src\memory\reflector.py	791	4	ok
src\memory\reflector.py	792	4	ok
src\memory\reflector.py	793	4	ok
src\memory\reflector.py	794	4	ok
src\memory\reflector.py	795	4	ok
src\memory\reflector.py	796	4	ok
src\memory\reflector.py	797	0	blank
src\memory\reflector.py	798	4	comment
src\memory\reflector.py	799	4	ok
src\memory\reflector.py	800	0	blank
src\memory\reflector.py	801	4	ok
src\memory\reflector.py	802	0	blank
src\memory\reflector.py	803	5	typed_signature
src\memory\reflector.py	804	4	docstring
src\memory\reflector.py	805	4	ok
src\memory\reflector.py	806	4	ok
src\memory\reflector.py	807	0	blank
src\memory\reflector.py	808	4	ok
src\memory\reflector.py	809	4	ok
src\memory\reflector.py	810	0	blank
src\memory\reflector.py	811	4	ok
src\memory\reflector.py	812	4	ok
src\memory\reflector.py	813	4	ok
src\memory\reflector.py	814	4	ok
src\memory\reflector.py	815	4	ok
src\memory\reflector.py	816	4	ok
src\memory\reflector.py	817	0	blank
src\memory\reflector.py	818	4	ok
src\memory\reflector.py	819	4	ok
src\memory\reflector.py	820	4	ok
src\memory\reflector.py	821	4	ok
src\memory\reflector.py	822	4	ok
src\memory\reflector.py	823	4	ok
src\memory\reflector.py	824	4	ok
src\memory\reflector.py	825	0	blank
src\memory\reflector.py	826	4	ok
src\memory\reflector.py	827	4	ok
src\memory\reflector.py	828	4	ok
src\memory\reflector.py	829	4	ok
src\memory\reflector.py	830	4	ok
src\memory\reflector.py	831	0	blank
src\memory\reflector.py	832	4	ok
src\memory\reflector.py	833	0	blank
src\memory\reflector.py	834	0	blank
src\memory\reflector.py	835	4	ok
src\memory\reflector.py	836	4	docstring
src\memory\reflector.py	837	4	docstring
src\memory\reflector.py	838	0	blank
src\memory\reflector.py	839	4	docstring
src\memory\reflector.py	840	4	docstring
src\memory\reflector.py	841	4	docstring
src\memory\reflector.py	842	4	docstring
src\memory\reflector.py	843	4	docstring
src\memory\reflector.py	844	4	docstring
src\memory\reflector.py	845	0	blank
src\memory\reflector.py	846	4	ok
src\memory\reflector.py	847	4	ok
src\memory\reflector.py	848	4	ok
src\memory\reflector.py	849	4	ok
src\memory\reflector.py	850	4	ok
src\memory\reflector.py	851	4	ok
src\memory\reflector.py	852	4	ok
src\memory\reflector.py	853	0	blank
src\memory\reflector.py	854	4	ok
src\memory\reflector.py	855	4	docstring
src\memory\reflector.py	856	4	docstring
src\memory\reflector.py	857	0	blank
src\memory\reflector.py	858	4	docstring
src\memory\reflector.py	859	4	docstring
src\memory\reflector.py	860	0	blank
src\memory\reflector.py	861	4	docstring
src\memory\reflector.py	862	4	docstring
src\memory\reflector.py	863	4	docstring
src\memory\reflector.py	864	4	ok
src\memory\reflector.py	865	0	blank
src\memory\reflector.py	866	4	comment
src\memory\reflector.py	867	4	ok
src\memory\reflector.py	868	0	blank
src\memory\reflector.py	869	4	comment
src\memory\reflector.py	870	4	ok
src\memory\reflector.py	871	0	blank
src\memory\reflector.py	872	4	comment
src\memory\reflector.py	873	4	ok
src\memory\reflector.py	874	4	ok
src\memory\reflector.py	875	4	ok
src\memory\reflector.py	876	4	ok
src\memory\reflector.py	877	4	ok
src\memory\reflector.py	878	4	ok
src\memory\reflector.py	879	0	blank
src\memory\reflector.py	880	4	ok
src\memory\reflector.py	881	0	blank
src\memory\reflector.py	882	4	ok
src\memory\reflector.py	883	4	ok
src\memory\reflector.py	884	4	ok
src\memory\reflector.py	885	4	ok
src\memory\reflector.py	886	4	ok
src\memory\reflector.py	887	4	docstring
src\memory\reflector.py	888	4	docstring
src\memory\reflector.py	889	0	blank
src\memory\reflector.py	890	4	docstring
src\memory\reflector.py	891	4	docstring
src\memory\reflector.py	892	4	docstring
src\memory\reflector.py	893	0	blank
src\memory\reflector.py	894	4	docstring
src\memory\reflector.py	895	4	docstring
src\memory\reflector.py	896	4	docstring
src\memory\reflector.py	897	4	ok
src\memory\reflector.py	898	0	blank
src\memory\reflector.py	899	4	ok
src\memory\reflector.py	900	4	ok
src\memory\reflector.py	901	4	ok
src\memory\reflector.py	902	4	ok
src\memory\reflector.py	903	4	ok
src\memory\reflector.py	904	4	ok
src\memory\reflector.py	905	4	ok
src\memory\reflector.py	906	0	blank
src\memory\reflector.py	907	4	ok
src\memory\reflector.py	908	0	blank
src\memory\reflector.py	909	0	blank
src\memory\reflector.py	910	4	comment
src\memory\reflector.py	911	4	ok
src\memory\reflector.py	912	0	blank
src\memory\reflector.py	913	4	ok
src\memory\reflector.py	914	4	docstring
src\memory\reflector.py	915	4	ok
src\memory\reflector.py	916	4	ok
src\memory\reflector.py	917	4	comment
src\memory\reflector.py	918	4	ok
src\memory\reflector.py	919	4	ok
src\memory\reflector.py	920	4	ok
src\memory\reflector.py	921	4	ok
src\memory\reflector.py	922	0	blank
src\memory\reflector.py	923	4	ok
src\memory\reflector.py	924	4	docstring
src\memory\reflector.py	925	4	ok
src\memory\reflector.py	926	4	ok
src\memory\reflector.py	927	0	blank
src\memory\reflector.py	928	0	blank
src\memory\reflector.py	929	4	ok
src\memory\reflector.py	930	4	docstring
src\memory\reflector.py	931	4	ok
src\memory\reflector.py	932	0	blank
src\memory\reflector.py	933	4	comment
src\memory\reflector.py	934	4	ok
src\memory\reflector.py	935	4	ok
src\memory\reflector.py	936	4	ok
src\memory\reflector.py	937	4	ok
src\memory\reflector.py	938	4	ok
src\memory\reflector.py	939	4	ok
src\memory\reflector.py	940	4	ok
src\memory\reflector.py	941	4	ok
src\memory\reflector.py	942	4	ok
src\memory\reflector.py	943	4	ok
src\memory\reflector.py	944	4	ok
src\memory\reflector.py	945	4	ok
src\memory\reflector.py	946	4	ok
src\memory\reflector.py	947	4	ok
src\memory\reflector.py	948	4	ok
src\memory\reflector.py	949	4	ok
src\memory\reflector.py	950	4	ok
src\memory\reflector.py	951	4	ok
src\memory\reflector.py	952	4	ok
src\memory\reflector.py	953	4	ok
src\memory\reflector.py	954	4	ok
src\memory\reflector.py	955	4	ok
src\memory\reflector.py	956	4	ok
src\memory\reflector.py	957	4	ok
src\memory\reflector.py	958	4	ok
src\memory\reflector.py	959	0	blank
src\memory\reflector.py	960	4	ok
src\memory\reflector.py	961	4	ok
src\memory\reflector.py	962	0	blank
src\memory\reflector.py	963	4	comment
src\memory\reflector.py	964	4	ok
src\memory\reflector.py	965	0	blank
src\memory\reflector.py	966	3	print
src\memory\reflector.py	967	3	print
src\memory\reflector.py	968	3	print
src\memory\reflector.py	969	3	print
src\memory\reflector.py	970	3	print
src\memory\reflector.py	971	3	print
src\memory\reflector.py	972	3	print
src\memory\reflector.py	973	0	blank
src\memory\reflector.py	974	4	comment
src\memory\reflector.py	975	3	print
src\memory\reflector.py	976	3	print
src\memory\reflector.py	977	3	print
src\memory\reflector.py	978	4	ok
src\memory\reflector.py	979	4	ok
src\memory\reflector.py	980	4	ok
src\memory\reflector.py	981	4	ok
src\memory\reflector.py	982	3	print
src\memory\reflector.py	983	0	blank
src\memory\reflector.py	984	0	blank
src\memory\reflector.py	985	4	ok
src\memory\reflector.py	986	4	ok
src\strategies\__init__.py	1	4	docstring
src\strategies\__init__.py	2	4	docstring
src\strategies\__init__.py	3	4	docstring
src\strategies\__init__.py	4	4	docstring
src\strategies\autonomous_alpha.py	1	4	docstring
src\strategies\autonomous_alpha.py	2	4	docstring
src\strategies\autonomous_alpha.py	3	4	docstring
src\strategies\autonomous_alpha.py	4	0	blank
src\strategies\autonomous_alpha.py	5	4	docstring
src\strategies\autonomous_alpha.py	6	4	docstring
src\strategies\autonomous_alpha.py	7	4	docstring
src\strategies\autonomous_alpha.py	8	0	blank
src\strategies\autonomous_alpha.py	9	4	ok
src\strategies\autonomous_alpha.py	10	4	ok
src\strategies\autonomous_alpha.py	11	4	ok
src\strategies\autonomous_alpha.py	12	4	ok
src\strategies\autonomous_alpha.py	13	4	ok
src\strategies\autonomous_alpha.py	14	0	blank
src\strategies\autonomous_alpha.py	15	4	ok
src\strategies\autonomous_alpha.py	16	4	ok
src\strategies\autonomous_alpha.py	17	4	ok
src\strategies\autonomous_alpha.py	18	0	blank
src\strategies\autonomous_alpha.py	19	4	ok
src\strategies\autonomous_alpha.py	20	4	ok
src\strategies\autonomous_alpha.py	21	4	ok
src\strategies\autonomous_alpha.py	22	4	ok
src\strategies\autonomous_alpha.py	23	4	ok
src\strategies\autonomous_alpha.py	24	4	ok
src\strategies\autonomous_alpha.py	25	4	comment
src\strategies\autonomous_alpha.py	26	4	ok
src\strategies\autonomous_alpha.py	27	2	stub
src\strategies\autonomous_alpha.py	28	4	ok
src\strategies\autonomous_alpha.py	29	4	ok
src\strategies\autonomous_alpha.py	30	2	stub
src\strategies\autonomous_alpha.py	31	4	ok
src\strategies\autonomous_alpha.py	32	4	ok
src\strategies\autonomous_alpha.py	33	2	stub
src\strategies\autonomous_alpha.py	34	0	blank
src\strategies\autonomous_alpha.py	35	4	ok
src\strategies\autonomous_alpha.py	36	0	blank
src\strategies\autonomous_alpha.py	37	0	blank
src\strategies\autonomous_alpha.py	38	4	ok
src\strategies\autonomous_alpha.py	39	4	docstring
src\strategies\autonomous_alpha.py	40	4	docstring
src\strategies\autonomous_alpha.py	41	0	blank
src\strategies\autonomous_alpha.py	42	4	docstring
src\strategies\autonomous_alpha.py	43	4	docstring
src\strategies\autonomous_alpha.py	44	0	blank
src\strategies\autonomous_alpha.py	45	4	docstring
src\strategies\autonomous_alpha.py	46	4	docstring
src\strategies\autonomous_alpha.py	47	4	docstring
src\strategies\autonomous_alpha.py	48	4	docstring
src\strategies\autonomous_alpha.py	49	4	docstring
src\strategies\autonomous_alpha.py	50	4	docstring
src\strategies\autonomous_alpha.py	51	0	blank
src\strategies\autonomous_alpha.py	52	4	comment
src\strategies\autonomous_alpha.py	53	4	ok
src\strategies\autonomous_alpha.py	54	0	blank
src\strategies\autonomous_alpha.py	55	4	comment
src\strategies\autonomous_alpha.py	56	4	ok
src\strategies\autonomous_alpha.py	57	4	ok
src\strategies\autonomous_alpha.py	58	4	ok
src\strategies\autonomous_alpha.py	59	0	blank
src\strategies\autonomous_alpha.py	60	4	comment
src\strategies\autonomous_alpha.py	61	4	ok
src\strategies\autonomous_alpha.py	62	0	blank
src\strategies\autonomous_alpha.py	63	4	comment
src\strategies\autonomous_alpha.py	64	4	ok
src\strategies\autonomous_alpha.py	65	4	ok
src\strategies\autonomous_alpha.py	66	4	ok
src\strategies\autonomous_alpha.py	67	4	ok
src\strategies\autonomous_alpha.py	68	0	blank
src\strategies\autonomous_alpha.py	69	4	comment
src\strategies\autonomous_alpha.py	70	4	ok
src\strategies\autonomous_alpha.py	71	0	blank
src\strategies\autonomous_alpha.py	72	4	comment
src\strategies\autonomous_alpha.py	73	4	ok
src\strategies\autonomous_alpha.py	74	0	blank
src\strategies\autonomous_alpha.py	75	4	comment
src\strategies\autonomous_alpha.py	76	4	ok
src\strategies\autonomous_alpha.py	77	0	blank
src\strategies\autonomous_alpha.py	78	4	comment
src\strategies\autonomous_alpha.py	79	4	ok
src\strategies\autonomous_alpha.py	80	0	blank
src\strategies\autonomous_alpha.py	81	4	comment
src\strategies\autonomous_alpha.py	82	4	ok
src\strategies\autonomous_alpha.py	83	0	blank
src\strategies\autonomous_alpha.py	84	4	comment
src\strategies\autonomous_alpha.py	85	4	ok
src\strategies\autonomous_alpha.py	86	4	ok
src\strategies\autonomous_alpha.py	87	4	ok
src\strategies\autonomous_alpha.py	88	0	blank
src\strategies\autonomous_alpha.py	89	4	ok
src\strategies\autonomous_alpha.py	90	4	ok
src\strategies\autonomous_alpha.py	91	4	ok
src\strategies\autonomous_alpha.py	92	0	blank
src\strategies\autonomous_alpha.py	93	5	typed_signature
src\strategies\autonomous_alpha.py	94	4	ok
src\strategies\autonomous_alpha.py	95	0	blank
src\strategies\autonomous_alpha.py	96	4	ok
src\strategies\autonomous_alpha.py	97	4	ok
src\strategies\autonomous_alpha.py	98	4	ok
src\strategies\autonomous_alpha.py	99	4	ok
src\strategies\autonomous_alpha.py	100	4	ok
src\strategies\autonomous_alpha.py	101	4	ok
src\strategies\autonomous_alpha.py	102	0	blank
src\strategies\autonomous_alpha.py	103	4	ok
src\strategies\autonomous_alpha.py	104	4	docstring
src\strategies\autonomous_alpha.py	105	4	ok
src\strategies\autonomous_alpha.py	106	4	ok
src\strategies\autonomous_alpha.py	107	4	ok
src\strategies\autonomous_alpha.py	108	4	ok
src\strategies\autonomous_alpha.py	109	4	ok
src\strategies\autonomous_alpha.py	110	0	blank
src\strategies\autonomous_alpha.py	111	4	ok
src\strategies\autonomous_alpha.py	112	4	ok
src\strategies\autonomous_alpha.py	113	4	ok
src\strategies\autonomous_alpha.py	114	4	ok
src\strategies\autonomous_alpha.py	115	4	ok
src\strategies\autonomous_alpha.py	116	4	ok
src\strategies\autonomous_alpha.py	117	4	ok
src\strategies\autonomous_alpha.py	118	4	ok
src\strategies\autonomous_alpha.py	119	4	ok
src\strategies\autonomous_alpha.py	120	0	blank
src\strategies\autonomous_alpha.py	121	5	typed_signature
src\strategies\autonomous_alpha.py	122	4	docstring
src\strategies\autonomous_alpha.py	123	4	docstring
src\strategies\autonomous_alpha.py	124	4	docstring
src\strategies\autonomous_alpha.py	125	4	docstring
src\strategies\autonomous_alpha.py	126	4	comment
src\strategies\autonomous_alpha.py	127	4	ok
src\strategies\autonomous_alpha.py	128	4	ok
src\strategies\autonomous_alpha.py	129	4	ok
src\strategies\autonomous_alpha.py	130	0	blank
src\strategies\autonomous_alpha.py	131	4	comment
src\strategies\autonomous_alpha.py	132	4	ok
src\strategies\autonomous_alpha.py	133	4	ok
src\strategies\autonomous_alpha.py	134	0	blank
src\strategies\autonomous_alpha.py	135	4	comment
src\strategies\autonomous_alpha.py	136	4	ok
src\strategies\autonomous_alpha.py	137	4	ok
src\strategies\autonomous_alpha.py	138	4	ok
src\strategies\autonomous_alpha.py	139	4	ok
src\strategies\autonomous_alpha.py	140	4	ok
src\strategies\autonomous_alpha.py	141	0	blank
src\strategies\autonomous_alpha.py	142	4	comment
src\strategies\autonomous_alpha.py	143	4	ok
src\strategies\autonomous_alpha.py	144	4	ok
src\strategies\autonomous_alpha.py	145	4	ok
src\strategies\autonomous_alpha.py	146	0	blank
src\strategies\autonomous_alpha.py	147	4	comment
src\strategies\autonomous_alpha.py	148	4	ok
src\strategies\autonomous_alpha.py	149	4	ok
src\strategies\autonomous_alpha.py	150	0	blank
src\strategies\autonomous_alpha.py	151	4	ok
src\strategies\autonomous_alpha.py	152	0	blank
src\strategies\autonomous_alpha.py	153	5	typed_signature
src\strategies\autonomous_alpha.py	154	4	docstring
src\strategies\autonomous_alpha.py	155	4	ok
src\strategies\autonomous_alpha.py	156	4	ok
src\strategies\autonomous_alpha.py	157	4	ok
src\strategies\autonomous_alpha.py	158	4	ok
src\strategies\autonomous_alpha.py	159	4	ok
src\strategies\autonomous_alpha.py	160	0	blank
src\strategies\autonomous_alpha.py	161	5	typed_signature
src\strategies\autonomous_alpha.py	162	4	docstring
src\strategies\autonomous_alpha.py	163	4	ok
src\strategies\autonomous_alpha.py	164	4	ok
src\strategies\autonomous_alpha.py	165	4	ok
src\strategies\autonomous_alpha.py	166	4	ok
src\strategies\autonomous_alpha.py	167	4	ok
src\strategies\autonomous_alpha.py	168	0	blank
src\strategies\autonomous_alpha.py	169	4	ok
src\strategies\autonomous_alpha.py	170	4	ok
src\strategies\autonomous_alpha.py	171	4	ok
src\strategies\autonomous_alpha.py	172	4	docstring
src\strategies\autonomous_alpha.py	173	4	ok
src\strategies\autonomous_alpha.py	174	4	ok
src\strategies\autonomous_alpha.py	175	4	ok
src\strategies\autonomous_alpha.py	176	4	ok
src\strategies\autonomous_alpha.py	177	4	ok
src\strategies\autonomous_alpha.py	178	0	blank
src\strategies\autonomous_alpha.py	179	5	typed_signature
src\strategies\autonomous_alpha.py	180	4	docstring
src\strategies\autonomous_alpha.py	181	4	docstring
src\strategies\autonomous_alpha.py	182	4	docstring
src\strategies\autonomous_alpha.py	183	4	ok
src\strategies\autonomous_alpha.py	184	4	ok
src\strategies\autonomous_alpha.py	185	0	blank
src\strategies\autonomous_alpha.py	186	4	comment
src\strategies\autonomous_alpha.py	187	4	ok
src\strategies\autonomous_alpha.py	188	4	ok
src\strategies\autonomous_alpha.py	189	0	blank
src\strategies\autonomous_alpha.py	190	4	comment
src\strategies\autonomous_alpha.py	191	4	ok
src\strategies\autonomous_alpha.py	192	4	ok
src\strategies\autonomous_alpha.py	193	0	blank
src\strategies\autonomous_alpha.py	194	4	comment
src\strategies\autonomous_alpha.py	195	4	ok
src\strategies\autonomous_alpha.py	196	4	ok
src\strategies\autonomous_alpha.py	197	4	ok
src\strategies\autonomous_alpha.py	198	4	ok
src\strategies\autonomous_alpha.py	199	4	ok
src\strategies\autonomous_alpha.py	200	3	long_line
src\strategies\autonomous_alpha.py	201	4	ok
src\strategies\autonomous_alpha.py	202	3	long_line
src\strategies\autonomous_alpha.py	203	4	ok
src\strategies\autonomous_alpha.py	204	4	ok
src\strategies\autonomous_alpha.py	205	0	blank
src\strategies\autonomous_alpha.py	206	4	comment
src\strategies\autonomous_alpha.py	207	4	ok
src\strategies\autonomous_alpha.py	208	0	blank
src\strategies\autonomous_alpha.py	209	4	comment
src\strategies\autonomous_alpha.py	210	4	ok
src\strategies\autonomous_alpha.py	211	4	ok
src\strategies\autonomous_alpha.py	212	4	ok
src\strategies\autonomous_alpha.py	213	4	ok
src\strategies\autonomous_alpha.py	214	4	ok
src\strategies\autonomous_alpha.py	215	4	ok
src\strategies\autonomous_alpha.py	216	0	blank
src\strategies\autonomous_alpha.py	217	4	comment
src\strategies\autonomous_alpha.py	218	4	ok
src\strategies\autonomous_alpha.py	219	4	ok
src\strategies\autonomous_alpha.py	220	4	ok
src\strategies\autonomous_alpha.py	221	4	ok
src\strategies\autonomous_alpha.py	222	0	blank
src\strategies\autonomous_alpha.py	223	4	comment
src\strategies\autonomous_alpha.py	224	4	ok
src\strategies\autonomous_alpha.py	225	4	ok
src\strategies\autonomous_alpha.py	226	4	ok
src\strategies\autonomous_alpha.py	227	4	ok
src\strategies\autonomous_alpha.py	228	0	blank
src\strategies\autonomous_alpha.py	229	4	ok
src\strategies\autonomous_alpha.py	230	4	ok
src\strategies\autonomous_alpha.py	231	4	ok
src\strategies\autonomous_alpha.py	232	4	ok
src\strategies\autonomous_alpha.py	233	0	blank
src\strategies\autonomous_alpha.py	234	4	ok
src\strategies\autonomous_alpha.py	235	4	ok
src\strategies\autonomous_alpha.py	236	0	blank
src\strategies\autonomous_alpha.py	237	4	ok
src\strategies\autonomous_alpha.py	238	0	blank
src\strategies\autonomous_alpha.py	239	5	typed_signature
src\strategies\autonomous_alpha.py	240	4	docstring
src\strategies\autonomous_alpha.py	241	4	docstring
src\strategies\autonomous_alpha.py	242	4	docstring
src\strategies\autonomous_alpha.py	243	4	ok
src\strategies\autonomous_alpha.py	244	4	ok
src\strategies\autonomous_alpha.py	245	0	blank
src\strategies\autonomous_alpha.py	246	4	comment
src\strategies\autonomous_alpha.py	247	4	comment
src\strategies\autonomous_alpha.py	248	0	blank
src\strategies\autonomous_alpha.py	249	4	ok
src\strategies\autonomous_alpha.py	250	0	blank
src\strategies\autonomous_alpha.py	251	4	ok
src\strategies\autonomous_alpha.py	252	4	ok
src\strategies\autonomous_alpha.py	253	4	ok
src\strategies\autonomous_alpha.py	254	4	ok
src\strategies\autonomous_alpha.py	255	4	ok
src\strategies\autonomous_alpha.py	256	4	ok
src\strategies\autonomous_alpha.py	257	4	ok
src\strategies\autonomous_alpha.py	258	4	comment
src\strategies\autonomous_alpha.py	259	4	ok
src\strategies\autonomous_alpha.py	260	4	docstring
src\strategies\autonomous_alpha.py	261	4	docstring
src\strategies\autonomous_alpha.py	262	4	docstring
src\strategies\autonomous_alpha.py	263	4	ok
src\strategies\autonomous_alpha.py	264	0	blank
src\strategies\autonomous_alpha.py	265	4	ok
src\strategies\autonomous_alpha.py	266	4	ok
src\strategies\autonomous_alpha.py	267	0	blank
src\strategies\autonomous_alpha.py	268	4	ok
src\strategies\autonomous_alpha.py	269	4	ok
src\strategies\autonomous_alpha.py	270	0	blank
src\strategies\autonomous_alpha.py	271	4	ok
src\strategies\autonomous_alpha.py	272	4	comment
src\strategies\autonomous_alpha.py	273	4	ok
src\strategies\autonomous_alpha.py	274	0	blank
src\strategies\autonomous_alpha.py	275	4	comment
src\strategies\autonomous_alpha.py	276	4	ok
src\strategies\autonomous_alpha.py	277	0	blank
src\strategies\autonomous_alpha.py	278	4	comment
src\strategies\autonomous_alpha.py	279	4	ok
src\strategies\autonomous_alpha.py	280	0	blank
src\strategies\autonomous_alpha.py	281	4	ok
src\strategies\autonomous_alpha.py	282	0	blank
src\strategies\autonomous_alpha.py	283	5	typed_signature
src\strategies\autonomous_alpha.py	284	4	docstring
src\strategies\autonomous_alpha.py	285	4	ok
src\strategies\autonomous_alpha.py	286	4	ok
src\strategies\autonomous_alpha.py	287	0	blank
src\strategies\autonomous_alpha.py	288	4	comment
src\strategies\autonomous_alpha.py	289	4	ok
src\strategies\autonomous_alpha.py	290	4	ok
src\strategies\autonomous_alpha.py	291	4	ok
src\strategies\autonomous_alpha.py	292	0	blank
src\strategies\autonomous_alpha.py	293	4	ok
src\strategies\autonomous_alpha.py	294	4	ok
src\strategies\autonomous_alpha.py	295	4	ok
src\strategies\autonomous_alpha.py	296	4	ok
src\strategies\autonomous_alpha.py	297	4	ok
src\strategies\autonomous_alpha.py	298	4	ok
src\strategies\autonomous_alpha.py	299	4	ok
src\strategies\autonomous_alpha.py	300	4	ok
src\strategies\autonomous_alpha.py	301	4	ok
src\strategies\autonomous_alpha.py	302	4	ok
src\strategies\autonomous_alpha.py	303	4	ok
src\strategies\autonomous_alpha.py	304	4	ok
src\strategies\autonomous_alpha.py	305	4	ok
src\strategies\autonomous_alpha.py	306	4	ok
src\strategies\autonomous_alpha.py	307	4	ok
src\strategies\autonomous_alpha.py	308	4	ok
src\strategies\autonomous_alpha.py	309	4	ok
src\strategies\autonomous_alpha.py	310	0	blank
src\strategies\autonomous_alpha.py	311	4	ok
src\strategies\autonomous_alpha.py	312	4	docstring
src\strategies\autonomous_alpha.py	313	4	ok
src\strategies\autonomous_alpha.py	314	4	ok
src\strategies\autonomous_alpha.py	315	0	blank
src\strategies\autonomous_alpha.py	316	4	ok
src\strategies\autonomous_alpha.py	317	4	ok
src\strategies\autonomous_alpha.py	318	0	blank
src\strategies\autonomous_alpha.py	319	4	ok
src\strategies\autonomous_alpha.py	320	4	ok
src\strategies\autonomous_alpha.py	321	0	blank
src\strategies\autonomous_alpha.py	322	4	ok
src\strategies\autonomous_alpha.py	323	4	ok
src\strategies\autonomous_alpha.py	324	4	ok
src\strategies\autonomous_alpha.py	325	4	ok
src\strategies\autonomous_alpha.py	326	4	ok
src\strategies\autonomous_alpha.py	327	4	ok
src\strategies\autonomous_alpha.py	328	4	ok
src\strategies\autonomous_alpha.py	329	0	blank
src\strategies\autonomous_alpha.py	330	4	ok
src\strategies\autonomous_alpha.py	331	4	ok
src\strategies\autonomous_alpha.py	332	0	blank
src\strategies\autonomous_alpha.py	333	4	ok
src\strategies\autonomous_alpha.py	334	0	blank
src\strategies\autonomous_alpha.py	335	4	ok
src\strategies\autonomous_alpha.py	336	4	ok
src\strategies\autonomous_alpha.py	337	4	ok
src\strategies\autonomous_alpha.py	338	4	ok
src\strategies\autonomous_alpha.py	339	4	ok
src\strategies\autonomous_alpha.py	340	4	ok
src\strategies\autonomous_alpha.py	341	4	ok
src\strategies\autonomous_alpha.py	342	4	ok
src\strategies\autonomous_alpha.py	343	4	ok
src\strategies\autonomous_alpha.py	344	4	ok
src\strategies\autonomous_alpha.py	345	4	comment
src\strategies\autonomous_alpha.py	346	4	ok
src\strategies\autonomous_alpha.py	347	4	docstring
src\strategies\autonomous_alpha.py	348	4	docstring
src\strategies\autonomous_alpha.py	349	4	docstring
src\strategies\autonomous_alpha.py	350	4	docstring
src\strategies\autonomous_alpha.py	351	4	comment
src\strategies\autonomous_alpha.py	352	4	ok
src\strategies\autonomous_alpha.py	353	4	ok
src\strategies\autonomous_alpha.py	354	4	ok
src\strategies\autonomous_alpha.py	355	4	ok
src\strategies\autonomous_alpha.py	356	4	ok
src\strategies\autonomous_alpha.py	357	0	blank
src\strategies\autonomous_alpha.py	358	4	comment
src\strategies\autonomous_alpha.py	359	4	ok
src\strategies\autonomous_alpha.py	360	4	ok
src\strategies\autonomous_alpha.py	361	4	ok
src\strategies\autonomous_alpha.py	362	4	ok
src\strategies\autonomous_alpha.py	363	4	ok
src\strategies\autonomous_alpha.py	364	4	ok
src\strategies\autonomous_alpha.py	365	4	ok
src\strategies\autonomous_alpha.py	366	4	ok
src\strategies\autonomous_alpha.py	367	0	blank
src\strategies\autonomous_alpha.py	368	4	ok
src\strategies\autonomous_alpha.py	369	4	ok
src\strategies\autonomous_alpha.py	370	0	blank
src\strategies\autonomous_alpha.py	371	4	ok
src\strategies\autonomous_alpha.py	372	0	blank
src\strategies\autonomous_alpha.py	373	4	ok
src\strategies\autonomous_alpha.py	374	4	ok
src\strategies\autonomous_alpha.py	375	4	ok
src\strategies\autonomous_alpha.py	376	4	ok
src\strategies\autonomous_alpha.py	377	4	ok
src\strategies\autonomous_alpha.py	378	4	ok
src\strategies\autonomous_alpha.py	379	4	ok
src\strategies\autonomous_alpha.py	380	4	ok
src\strategies\autonomous_alpha.py	381	4	ok
src\strategies\autonomous_alpha.py	382	4	ok
src\strategies\autonomous_alpha.py	383	4	comment
src\strategies\autonomous_alpha.py	384	4	ok
src\strategies\autonomous_alpha.py	385	4	docstring
src\strategies\autonomous_alpha.py	386	4	ok
src\strategies\autonomous_alpha.py	387	0	blank
src\strategies\autonomous_alpha.py	388	4	ok
src\strategies\autonomous_alpha.py	389	4	ok
src\strategies\autonomous_alpha.py	390	4	ok
src\strategies\autonomous_alpha.py	391	4	ok
src\strategies\autonomous_alpha.py	392	4	ok
src\strategies\autonomous_alpha.py	393	4	ok
src\strategies\autonomous_alpha.py	394	4	ok
src\strategies\autonomous_alpha.py	395	4	comment
src\strategies\autonomous_alpha.py	396	4	ok
src\strategies\autonomous_alpha.py	397	4	docstring
src\strategies\autonomous_alpha.py	398	4	docstring
src\strategies\autonomous_alpha.py	399	4	docstring
src\strategies\autonomous_alpha.py	400	4	comment
src\strategies\autonomous_alpha.py	401	4	ok
src\strategies\autonomous_alpha.py	402	4	ok
src\strategies\autonomous_alpha.py	403	0	blank
src\strategies\autonomous_alpha.py	404	4	comment
src\strategies\autonomous_alpha.py	405	4	comment
src\strategies\autonomous_alpha.py	406	0	blank
src\strategies\autonomous_alpha.py	407	4	ok
src\strategies\autonomous_alpha.py	408	0	blank
src\strategies\autonomous_alpha.py	409	0	blank
src\strategies\autonomous_alpha.py	410	4	comment
src\strategies\autonomous_alpha.py	411	4	ok
src\strategies\autonomous_alpha.py	412	4	docstring
src\strategies\autonomous_alpha.py	413	4	docstring
src\strategies\autonomous_alpha.py	414	4	docstring
src\strategies\autonomous_alpha.py	415	0	blank
src\strategies\autonomous_alpha.py	416	4	ok
src\strategies\autonomous_alpha.py	417	4	ok
src\strategies\autonomous_alpha.py	418	4	ok
src\strategies\autonomous_alpha.py	419	0	blank
src\strategies\autonomous_alpha.py	420	4	ok
src\strategies\autonomous_alpha.py	421	4	docstring
src\strategies\autonomous_alpha.py	422	4	ok
src\strategies\autonomous_alpha.py	423	4	ok
src\strategies\autonomous_alpha.py	424	4	ok
src\strategies\autonomous_alpha.py	425	0	blank
src\strategies\autonomous_alpha.py	426	4	ok
src\strategies\autonomous_alpha.py	427	4	ok
src\strategies\autonomous_alpha.py	428	0	blank
src\strategies\autonomous_alpha.py	429	4	ok
src\strategies\autonomous_alpha.py	430	4	docstring
src\strategies\autonomous_alpha.py	431	4	ok
src\strategies\autonomous_alpha.py	432	4	ok
src\strategies\autonomous_alpha.py	433	0	blank
src\strategies\autonomous_alpha.py	434	4	ok
src\strategies\autonomous_alpha.py	435	0	blank
src\strategies\autonomous_alpha.py	436	0	blank
src\strategies\autonomous_alpha.py	437	4	ok
src\strategies\autonomous_alpha.py	438	4	comment
src\strategies\autonomous_alpha.py	439	4	ok
src\strategies\autonomous_alpha.py	440	0	blank
src\strategies\autonomous_alpha.py	441	4	ok
src\strategies\autonomous_alpha.py	442	4	ok
src\strategies\autonomous_alpha.py	443	4	ok
src\strategies\autonomous_alpha.py	444	0	blank
src\strategies\autonomous_alpha.py	445	4	ok
src\strategies\autonomous_alpha.py	446	4	ok
src\strategies\autonomous_alpha.py	447	4	ok
src\strategies\autonomous_alpha.py	448	4	ok
src\strategies\autonomous_alpha.py	449	4	ok
src\strategies\autonomous_alpha.py	450	4	ok
src\strategies\autonomous_alpha.py	451	4	ok
src\strategies\autonomous_alpha.py	452	0	blank
src\strategies\autonomous_alpha.py	453	3	print
src\strategies\autonomous_alpha.py	454	0	blank
src\strategies\autonomous_alpha.py	455	4	ok
src\utils\__init__.py	1	4	docstring
src\utils\__init__.py	2	4	docstring
src\utils\__init__.py	3	4	docstring
src\utils\__init__.py	4	4	docstring
src\utils\config_loader.py	1	4	docstring
src\utils\config_loader.py	2	4	docstring
src\utils\config_loader.py	3	4	docstring
src\utils\config_loader.py	4	0	blank
src\utils\config_loader.py	5	4	docstring
src\utils\config_loader.py	6	4	docstring
src\utils\config_loader.py	7	4	docstring
src\utils\config_loader.py	8	4	docstring
src\utils\config_loader.py	9	4	docstring
src\utils\config_loader.py	10	4	docstring
src\utils\config_loader.py	11	0	blank
src\utils\config_loader.py	12	4	ok
src\utils\config_loader.py	13	4	ok
src\utils\config_loader.py	14	4	ok
src\utils\config_loader.py	15	4	ok
src\utils\config_loader.py	16	0	blank
src\utils\config_loader.py	17	4	ok
src\utils\config_loader.py	18	4	ok
src\utils\config_loader.py	19	4	ok
src\utils\config_loader.py	20	0	blank
src\utils\config_loader.py	21	0	blank
src\utils\config_loader.py	22	4	comment
src\utils\config_loader.py	23	4	comment
src\utils\config_loader.py	24	4	comment
src\utils\config_loader.py	25	0	blank
src\utils\config_loader.py	26	4	ok
src\utils\config_loader.py	27	4	docstring
src\utils\config_loader.py	28	4	ok
src\utils\config_loader.py	29	4	ok
src\utils\config_loader.py	30	4	ok
src\utils\config_loader.py	31	0	blank
src\utils\config_loader.py	32	0	blank
src\utils\config_loader.py	33	4	ok
src\utils\config_loader.py	34	4	docstring
src\utils\config_loader.py	35	4	ok
src\utils\config_loader.py	36	4	ok
src\utils\config_loader.py	37	4	ok
src\utils\config_loader.py	38	4	ok
src\utils\config_loader.py	39	4	ok
src\utils\config_loader.py	40	4	ok
src\utils\config_loader.py	41	0	blank
src\utils\config_loader.py	42	4	ok
src\utils\config_loader.py	43	4	ok
src\utils\config_loader.py	44	4	ok
src\utils\config_loader.py	45	0	blank
src\utils\config_loader.py	46	0	blank
src\utils\config_loader.py	47	4	ok
src\utils\config_loader.py	48	4	docstring
src\utils\config_loader.py	49	4	ok
src\utils\config_loader.py	50	4	ok
src\utils\config_loader.py	51	4	ok
src\utils\config_loader.py	52	4	ok
src\utils\config_loader.py	53	4	ok
src\utils\config_loader.py	54	4	ok
src\utils\config_loader.py	55	0	blank
src\utils\config_loader.py	56	4	ok
src\utils\config_loader.py	57	5	typed_signature
src\utils\config_loader.py	58	4	ok
src\utils\config_loader.py	59	0	blank
src\utils\config_loader.py	60	4	ok
src\utils\config_loader.py	61	5	typed_signature
src\utils\config_loader.py	62	4	ok
src\utils\config_loader.py	63	0	blank
src\utils\config_loader.py	64	0	blank
src\utils\config_loader.py	65	4	ok
src\utils\config_loader.py	66	4	docstring
src\utils\config_loader.py	67	4	ok
src\utils\config_loader.py	68	4	ok
src\utils\config_loader.py	69	0	blank
src\utils\config_loader.py	70	4	ok
src\utils\config_loader.py	71	4	ok
src\utils\config_loader.py	72	0	blank
src\utils\config_loader.py	73	0	blank
src\utils\config_loader.py	74	4	ok
src\utils\config_loader.py	75	4	docstring
src\utils\config_loader.py	76	4	ok
src\utils\config_loader.py	77	4	ok
src\utils\config_loader.py	78	4	ok
src\utils\config_loader.py	79	4	ok
src\utils\config_loader.py	80	0	blank
src\utils\config_loader.py	81	0	blank
src\utils\config_loader.py	82	4	ok
src\utils\config_loader.py	83	4	docstring
src\utils\config_loader.py	84	4	ok
src\utils\config_loader.py	85	4	ok
src\utils\config_loader.py	86	4	ok
src\utils\config_loader.py	87	4	ok
src\utils\config_loader.py	88	4	ok
src\utils\config_loader.py	89	4	ok
src\utils\config_loader.py	90	0	blank
src\utils\config_loader.py	91	0	blank
src\utils\config_loader.py	92	4	ok
src\utils\config_loader.py	93	4	docstring
src\utils\config_loader.py	94	4	ok
src\utils\config_loader.py	95	4	ok
src\utils\config_loader.py	96	4	ok
src\utils\config_loader.py	97	4	ok
src\utils\config_loader.py	98	4	ok
src\utils\config_loader.py	99	4	ok
src\utils\config_loader.py	100	0	blank
src\utils\config_loader.py	101	0	blank
src\utils\config_loader.py	102	4	ok
src\utils\config_loader.py	103	4	docstring
src\utils\config_loader.py	104	4	ok
src\utils\config_loader.py	105	4	ok
src\utils\config_loader.py	106	4	ok
src\utils\config_loader.py	107	4	ok
src\utils\config_loader.py	108	4	ok
src\utils\config_loader.py	109	0	blank
src\utils\config_loader.py	110	0	blank
src\utils\config_loader.py	111	4	ok
src\utils\config_loader.py	112	4	docstring
src\utils\config_loader.py	113	4	ok
src\utils\config_loader.py	114	4	ok
src\utils\config_loader.py	115	4	ok
src\utils\config_loader.py	116	4	ok
src\utils\config_loader.py	117	0	blank
src\utils\config_loader.py	118	4	ok
src\utils\config_loader.py	119	4	ok
src\utils\config_loader.py	120	4	ok
src\utils\config_loader.py	121	0	blank
src\utils\config_loader.py	122	0	blank
src\utils\config_loader.py	123	4	ok
src\utils\config_loader.py	124	4	docstring
src\utils\config_loader.py	125	4	ok
src\utils\config_loader.py	126	4	ok
src\utils\config_loader.py	127	4	ok
src\utils\config_loader.py	128	4	ok
src\utils\config_loader.py	129	0	blank
src\utils\config_loader.py	130	4	comment
src\utils\config_loader.py	131	4	ok
src\utils\config_loader.py	132	4	ok
src\utils\config_loader.py	133	4	ok
src\utils\config_loader.py	134	0	blank
src\utils\config_loader.py	135	0	blank
src\utils\config_loader.py	136	4	ok
src\utils\config_loader.py	137	4	docstring
src\utils\config_loader.py	138	4	ok
src\utils\config_loader.py	139	4	ok
src\utils\config_loader.py	140	4	ok
src\utils\config_loader.py	141	4	ok
src\utils\config_loader.py	142	0	blank
src\utils\config_loader.py	143	0	blank
src\utils\config_loader.py	144	4	comment
src\utils\config_loader.py	145	4	comment
src\utils\config_loader.py	146	4	comment
src\utils\config_loader.py	147	0	blank
src\utils\config_loader.py	148	4	ok
src\utils\config_loader.py	149	4	docstring
src\utils\config_loader.py	150	4	docstring
src\utils\config_loader.py	151	4	docstring
src\utils\config_loader.py	152	0	blank
src\utils\config_loader.py	153	5	typed_signature
src\utils\config_loader.py	154	4	ok
src\utils\config_loader.py	155	4	comment
src\utils\config_loader.py	156	4	ok
src\utils\config_loader.py	157	4	ok
src\utils\config_loader.py	158	4	ok
src\utils\config_loader.py	159	0	blank
src\utils\config_loader.py	160	5	typed_signature
src\utils\config_loader.py	161	4	docstring
src\utils\config_loader.py	162	4	ok
src\utils\config_loader.py	163	4	ok
src\utils\config_loader.py	164	0	blank
src\utils\config_loader.py	165	4	ok
src\utils\config_loader.py	166	0	blank
src\utils\config_loader.py	167	4	comment
src\utils\config_loader.py	168	4	ok
src\utils\config_loader.py	169	4	ok
src\utils\config_loader.py	170	4	ok
src\utils\config_loader.py	171	4	ok
src\utils\config_loader.py	172	4	ok
src\utils\config_loader.py	173	0	blank
src\utils\config_loader.py	174	4	ok
src\utils\config_loader.py	175	4	ok
src\utils\config_loader.py	176	4	ok
src\utils\config_loader.py	177	4	ok
src\utils\config_loader.py	178	4	ok
src\utils\config_loader.py	179	4	ok
src\utils\config_loader.py	180	4	ok
src\utils\config_loader.py	181	4	ok
src\utils\config_loader.py	182	4	ok
src\utils\config_loader.py	183	4	ok
src\utils\config_loader.py	184	4	ok
src\utils\config_loader.py	185	4	ok
src\utils\config_loader.py	186	4	ok
src\utils\config_loader.py	187	0	blank
src\utils\config_loader.py	188	4	comment
src\utils\config_loader.py	189	4	ok
src\utils\config_loader.py	190	4	ok
src\utils\config_loader.py	191	4	ok
src\utils\config_loader.py	192	4	ok
src\utils\config_loader.py	193	4	ok
src\utils\config_loader.py	194	4	ok
src\utils\config_loader.py	195	4	ok
src\utils\config_loader.py	196	4	ok
src\utils\config_loader.py	197	4	ok
src\utils\config_loader.py	198	0	blank
src\utils\config_loader.py	199	4	comment
src\utils\config_loader.py	200	4	ok
src\utils\config_loader.py	201	4	ok
src\utils\config_loader.py	202	4	ok
src\utils\config_loader.py	203	4	ok
src\utils\config_loader.py	204	4	ok
src\utils\config_loader.py	205	4	ok
src\utils\config_loader.py	206	4	ok
src\utils\config_loader.py	207	0	blank
src\utils\config_loader.py	208	4	ok
src\utils\config_loader.py	209	0	blank
src\utils\config_loader.py	210	5	typed_signature
src\utils\config_loader.py	211	4	docstring
src\utils\config_loader.py	212	4	ok
src\utils\config_loader.py	213	4	ok
src\utils\config_loader.py	214	0	blank
src\utils\config_loader.py	215	4	ok
src\utils\config_loader.py	216	5	typed_signature
src\utils\config_loader.py	217	4	docstring
src\utils\config_loader.py	218	4	ok
src\utils\config_loader.py	219	4	ok
src\utils\config_loader.py	220	4	ok
src\utils\config_loader.py	221	0	blank
src\utils\config_loader.py	222	0	blank
src\utils\config_loader.py	223	4	comment
src\utils\config_loader.py	224	4	ok
src\utils\config_loader.py	225	0	blank
src\utils\config_loader.py	226	0	blank
src\utils\config_loader.py	227	5	typed_signature
src\utils\config_loader.py	228	4	docstring
src\utils\config_loader.py	229	4	ok
src\utils\config_loader.py	230	0	blank
src\utils\config_loader.py	231	0	blank
src\utils\config_loader.py	232	4	ok
src\utils\config_loader.py	233	4	comment
src\utils\config_loader.py	234	4	ok
src\utils\config_loader.py	235	0	blank
src\utils\config_loader.py	236	3	print
src\utils\config_loader.py	237	3	print
src\utils\config_loader.py	238	3	print
src\utils\config_loader.py	239	0	blank
src\utils\config_loader.py	240	3	print
src\utils\config_loader.py	241	3	print
src\utils\config_loader.py	242	3	print
src\utils\config_loader.py	243	0	blank
src\utils\config_loader.py	244	3	print
src\utils\config_loader.py	245	3	print
src\utils\config_loader.py	246	3	print
src\utils\config_loader.py	247	3	print
src\utils\config_loader.py	248	0	blank
src\utils\config_loader.py	249	3	print
src\utils\config_loader.py	250	3	print
src\utils\config_loader.py	251	3	print
src\utils\indicators.py	1	4	docstring
src\utils\indicators.py	2	4	docstring
src\utils\indicators.py	3	4	docstring
src\utils\indicators.py	4	0	blank
src\utils\indicators.py	5	4	docstring
src\utils\indicators.py	6	4	docstring
src\utils\indicators.py	7	4	docstring
src\utils\indicators.py	8	4	docstring
src\utils\indicators.py	9	4	docstring
src\utils\indicators.py	10	4	docstring
src\utils\indicators.py	11	0	blank
src\utils\indicators.py	12	4	ok
src\utils\indicators.py	13	4	ok
src\utils\indicators.py	14	4	ok
src\utils\indicators.py	15	0	blank
src\utils\indicators.py	16	0	blank
src\utils\indicators.py	17	4	ok
src\utils\indicators.py	18	4	ok
src\utils\indicators.py	19	4	docstring
src\utils\indicators.py	20	4	ok
src\utils\indicators.py	21	4	ok
src\utils\indicators.py	22	4	ok
src\utils\indicators.py	23	0	blank
src\utils\indicators.py	24	0	blank
src\utils\indicators.py	25	4	ok
src\utils\indicators.py	26	4	ok
src\utils\indicators.py	27	4	docstring
src\utils\indicators.py	28	4	ok
src\utils\indicators.py	29	4	ok
src\utils\indicators.py	30	4	ok
src\utils\indicators.py	31	4	ok
src\utils\indicators.py	32	0	blank
src\utils\indicators.py	33	0	blank
src\utils\indicators.py	34	4	ok
src\utils\indicators.py	35	4	ok
src\utils\indicators.py	36	4	docstring
src\utils\indicators.py	37	4	ok
src\utils\indicators.py	38	4	ok
src\utils\indicators.py	39	0	blank
src\utils\indicators.py	40	0	blank
src\utils\indicators.py	41	5	typed_signature
src\utils\indicators.py	42	4	docstring
src\utils\indicators.py	43	4	ok
src\utils\indicators.py	44	4	ok
src\utils\indicators.py	45	4	ok
src\utils\indicators.py	46	4	ok
src\utils\indicators.py	47	4	ok
src\utils\indicators.py	48	4	ok
src\utils\indicators.py	49	4	ok
src\utils\indicators.py	50	0	blank
src\utils\indicators.py	51	0	blank
src\utils\indicators.py	52	5	typed_signature
src\utils\indicators.py	53	4	docstring
src\utils\indicators.py	54	4	ok
src\utils\indicators.py	55	4	ok
src\utils\indicators.py	56	0	blank
src\utils\indicators.py	57	4	comment
src\utils\indicators.py	58	4	ok
src\utils\indicators.py	59	0	blank
src\utils\indicators.py	60	4	ok
src\utils\indicators.py	61	4	ok
src\utils\indicators.py	62	4	ok
src\utils\indicators.py	63	4	ok
src\utils\indicators.py	64	4	ok
src\utils\indicators.py	65	4	ok
src\utils\indicators.py	66	4	ok
src\utils\indicators.py	67	4	ok
src\utils\indicators.py	68	4	ok
src\utils\indicators.py	69	0	blank
src\utils\indicators.py	70	4	ok
src\utils\indicators.py	71	0	blank
src\utils\indicators.py	72	0	blank
src\utils\indicators.py	73	5	typed_signature
src\utils\indicators.py	74	4	docstring
src\utils\indicators.py	75	4	ok
src\utils\indicators.py	76	4	ok
src\utils\indicators.py	77	4	ok
src\utils\indicators.py	78	0	blank
src\utils\indicators.py	79	4	ok
src\utils\indicators.py	80	4	ok
src\utils\indicators.py	81	4	ok
src\utils\indicators.py	82	4	ok
src\utils\indicators.py	83	0	blank
src\utils\indicators.py	84	4	ok
src\utils\indicators.py	85	4	ok
src\utils\indicators.py	86	4	ok
src\utils\indicators.py	87	0	blank
src\utils\indicators.py	88	4	ok
src\utils\indicators.py	89	4	ok
src\utils\indicators.py	90	0	blank
src\utils\indicators.py	91	4	ok
src\utils\indicators.py	92	4	ok
src\utils\indicators.py	93	4	ok
src\utils\indicators.py	94	4	ok
src\utils\indicators.py	95	4	ok
src\utils\indicators.py	96	4	ok
src\utils\indicators.py	97	4	ok
src\utils\indicators.py	98	4	ok
src\utils\indicators.py	99	4	ok
src\utils\indicators.py	100	4	ok
src\utils\indicators.py	101	4	ok
src\utils\indicators.py	102	4	comment
src\utils\indicators.py	103	4	ok
src\utils\indicators.py	104	4	ok
src\utils\indicators.py	105	4	ok
src\utils\indicators.py	106	4	ok
src\utils\indicators.py	107	0	blank
src\utils\indicators.py	108	4	ok
src\utils\indicators.py	109	4	ok
src\utils\indicators.py	110	0	blank
src\utils\indicators.py	111	4	ok
src\utils\indicators.py	112	4	ok
src\utils\indicators.py	113	4	ok
src\utils\indicators.py	114	4	ok
src\utils\indicators.py	115	4	ok
src\utils\indicators.py	116	0	blank
src\utils\indicators.py	117	4	ok
src\utils\indicators.py	118	0	blank
src\utils\indicators.py	119	0	blank
src\utils\indicators.py	120	4	ok
src\utils\indicators.py	121	4	ok
src\utils\indicators.py	122	4	ok
src\utils\indicators.py	123	4	ok
src\utils\indicators.py	124	4	ok
src\utils\indicators.py	125	4	ok
src\utils\indicators.py	126	4	docstring
src\utils\indicators.py	127	4	ok
src\utils\indicators.py	128	4	ok
src\utils\indicators.py	129	0	blank
src\utils\indicators.py	130	4	ok
src\utils\indicators.py	131	4	ok
src\utils\indicators.py	132	4	ok
src\utils\indicators.py	133	4	ok
src\utils\indicators.py	134	0	blank
src\utils\indicators.py	135	4	comment
src\utils\indicators.py	136	4	ok
src\utils\indicators.py	137	4	ok
src\utils\indicators.py	138	0	blank
src\utils\indicators.py	139	4	ok
src\utils\indicators.py	140	4	ok
src\utils\indicators.py	141	0	blank
src\utils\indicators.py	142	4	ok
src\utils\indicators.py	143	4	ok
src\utils\indicators.py	144	4	ok
src\utils\indicators.py	145	4	ok
src\utils\indicators.py	146	4	ok
src\utils\indicators.py	147	4	ok
src\utils\indicators.py	148	4	ok
src\utils\indicators.py	149	4	ok
src\utils\indicators.py	150	4	ok
src\utils\indicators.py	151	4	ok
src\utils\indicators.py	152	0	blank
src\utils\indicators.py	153	4	ok
src\utils\indicators.py	154	0	blank
src\utils\indicators.py	155	0	blank
src\utils\indicators.py	156	4	ok
src\utils\indicators.py	157	4	ok
src\utils\indicators.py	158	4	ok
src\utils\indicators.py	159	4	ok
src\utils\indicators.py	160	4	ok
src\utils\indicators.py	161	4	ok
src\utils\indicators.py	162	4	docstring
src\utils\indicators.py	163	4	ok
src\utils\indicators.py	164	0	blank
src\utils\indicators.py	165	4	ok
src\utils\indicators.py	166	4	ok
src\utils\indicators.py	167	4	ok
src\utils\indicators.py	168	4	ok
src\utils\indicators.py	169	4	ok
src\utils\indicators.py	170	4	ok
src\utils\indicators.py	171	4	ok
src\utils\indicators.py	172	4	ok
src\utils\indicators.py	173	4	ok
src\utils\indicators.py	174	4	ok
src\utils\indicators.py	175	0	blank
src\utils\indicators.py	176	4	ok
src\utils\indicators.py	177	0	blank
src\utils\indicators.py	178	0	blank
src\utils\indicators.py	179	4	ok
src\utils\indicators.py	180	4	ok
src\utils\indicators.py	181	4	ok
src\utils\indicators.py	182	4	ok
src\utils\indicators.py	183	4	ok
src\utils\indicators.py	184	4	docstring
src\utils\indicators.py	185	4	ok
src\utils\indicators.py	186	4	ok
src\utils\indicators.py	187	0	blank
src\utils\indicators.py	188	4	ok
src\utils\indicators.py	189	4	ok
src\utils\indicators.py	190	4	ok
src\utils\indicators.py	191	4	ok
src\utils\indicators.py	192	4	ok
src\utils\indicators.py	193	4	ok
src\utils\indicators.py	194	4	ok
src\utils\indicators.py	195	4	ok
src\utils\indicators.py	196	4	ok
src\utils\indicators.py	197	4	ok
src\utils\indicators.py	198	0	blank
src\utils\indicators.py	199	4	ok
src\utils\indicators.py	200	0	blank
src\utils\indicators.py	201	0	blank
src\utils\indicators.py	202	4	ok
src\utils\indicators.py	203	4	ok
src\utils\indicators.py	204	4	ok
src\utils\indicators.py	205	4	ok
src\utils\indicators.py	206	4	ok
src\utils\indicators.py	207	4	ok
src\utils\indicators.py	208	4	ok
src\utils\indicators.py	209	4	docstring
src\utils\indicators.py	210	4	ok
src\utils\indicators.py	211	0	blank
src\utils\indicators.py	212	4	ok
src\utils\indicators.py	213	4	ok
src\utils\indicators.py	214	4	ok
src\utils\indicators.py	215	4	ok
src\utils\indicators.py	216	4	ok
src\utils\indicators.py	217	4	ok
src\utils\indicators.py	218	0	blank
src\utils\indicators.py	219	4	ok
src\utils\indicators.py	220	4	ok
src\utils\indicators.py	221	4	ok
src\utils\indicators.py	222	4	ok
src\utils\indicators.py	223	4	ok
src\utils\indicators.py	224	0	blank
src\utils\indicators.py	225	4	ok
src\utils\indicators.py	226	0	blank
src\utils\indicators.py	227	4	ok
src\utils\indicators.py	228	4	ok
src\utils\indicators.py	229	4	ok
src\utils\indicators.py	230	4	ok
src\utils\indicators.py	231	0	blank
src\utils\indicators.py	232	0	blank
src\utils\indicators.py	233	4	ok
src\utils\indicators.py	234	4	ok
src\utils\indicators.py	235	4	ok
src\utils\indicators.py	236	4	ok
src\utils\indicators.py	237	4	ok
src\utils\indicators.py	238	4	ok
src\utils\indicators.py	239	4	docstring
src\utils\indicators.py	240	4	ok
src\utils\indicators.py	241	4	ok
src\utils\indicators.py	242	4	ok
src\utils\indicators.py	243	0	blank
src\utils\indicators.py	244	4	ok
src\utils\indicators.py	245	4	ok
src\utils\indicators.py	246	4	ok
src\utils\indicators.py	247	0	blank
src\utils\indicators.py	248	4	ok
src\utils\indicators.py	249	4	ok
src\utils\indicators.py	250	0	blank
src\utils\indicators.py	251	4	ok
src\utils\indicators.py	252	4	ok
src\utils\indicators.py	253	4	ok
src\utils\indicators.py	254	4	ok
src\utils\indicators.py	255	0	blank
src\utils\indicators.py	256	4	ok
src\utils\indicators.py	257	0	blank
src\utils\indicators.py	258	0	blank
src\utils\indicators.py	259	4	ok
src\utils\indicators.py	260	4	ok
src\utils\indicators.py	261	4	ok
src\utils\indicators.py	262	4	ok
src\utils\indicators.py	263	4	docstring
src\utils\indicators.py	264	4	ok
src\utils\indicators.py	265	0	blank
src\utils\indicators.py	266	4	ok
src\utils\indicators.py	267	4	ok
src\utils\indicators.py	268	4	ok
src\utils\indicators.py	269	4	ok
src\utils\indicators.py	270	4	ok
src\utils\indicators.py	271	4	ok
src\utils\indicators.py	272	4	ok
src\utils\indicators.py	273	0	blank
src\utils\indicators.py	274	4	ok
src\utils\indicators.py	275	0	blank
src\utils\indicators.py	276	0	blank
src\utils\indicators.py	277	4	ok
src\utils\indicators.py	278	4	ok
src\utils\indicators.py	279	4	ok
src\utils\indicators.py	280	4	ok
src\utils\indicators.py	281	4	ok
src\utils\indicators.py	282	4	docstring
src\utils\indicators.py	283	4	ok
src\utils\indicators.py	284	0	blank
src\utils\indicators.py	285	4	ok
src\utils\indicators.py	286	4	ok
src\utils\indicators.py	287	4	ok
src\utils\indicators.py	288	4	ok
src\utils\indicators.py	289	4	ok
src\utils\indicators.py	290	4	ok
src\utils\indicators.py	291	4	ok
src\utils\indicators.py	292	4	ok
src\utils\indicators.py	293	4	ok
src\utils\indicators.py	294	0	blank
src\utils\indicators.py	295	0	blank
src\utils\indicators.py	296	4	ok
src\utils\indicators.py	297	4	docstring
src\utils\indicators.py	298	4	docstring
src\utils\indicators.py	299	4	docstring
src\utils\indicators.py	300	0	blank
src\utils\indicators.py	301	4	ok
src\utils\indicators.py	302	4	ok
src\utils\indicators.py	303	4	ok
src\utils\indicators.py	304	4	ok
src\utils\indicators.py	305	4	ok
src\utils\indicators.py	306	4	ok
src\utils\indicators.py	307	4	ok
src\utils\indicators.py	308	4	ok
src\utils\indicators.py	309	4	ok
src\utils\indicators.py	310	4	ok
src\utils\indicators.py	311	4	ok
src\utils\indicators.py	312	0	blank
src\utils\indicators.py	313	5	typed_signature
src\utils\indicators.py	314	4	docstring
src\utils\indicators.py	315	4	ok
src\utils\indicators.py	316	4	ok
src\utils\indicators.py	317	4	ok
src\utils\indicators.py	318	4	ok
src\utils\indicators.py	319	4	ok
src\utils\indicators.py	320	4	ok
src\utils\indicators.py	321	4	ok
src\utils\indicators.py	322	4	ok
src\utils\indicators.py	323	4	ok
src\utils\indicators.py	324	4	ok
src\utils\indicators.py	325	4	ok
src\utils\indicators.py	326	0	blank
src\utils\indicators.py	327	5	typed_signature
src\utils\indicators.py	328	4	docstring
src\utils\indicators.py	329	4	ok
src\utils\indicators.py	330	0	blank
src\utils\indicators.py	331	4	ok
src\utils\indicators.py	332	0	blank
src\utils\indicators.py	333	4	comment
src\utils\indicators.py	334	4	ok
src\utils\indicators.py	335	4	ok
src\utils\indicators.py	336	4	ok
src\utils\indicators.py	337	4	ok
src\utils\indicators.py	338	4	ok
src\utils\indicators.py	339	4	ok
src\utils\indicators.py	340	4	ok
src\utils\indicators.py	341	4	ok
src\utils\indicators.py	342	4	ok
src\utils\indicators.py	343	4	ok
src\utils\indicators.py	344	0	blank
src\utils\indicators.py	345	4	comment
src\utils\indicators.py	346	4	ok
src\utils\indicators.py	347	4	ok
src\utils\indicators.py	348	4	ok
src\utils\indicators.py	349	4	ok
src\utils\indicators.py	350	4	ok
src\utils\indicators.py	351	4	ok
src\utils\indicators.py	352	0	blank
src\utils\indicators.py	353	4	comment
src\utils\indicators.py	354	4	ok
src\utils\indicators.py	355	4	ok
src\utils\indicators.py	356	4	ok
src\utils\indicators.py	357	0	blank
src\utils\indicators.py	358	4	ok
src\utils\indicators.py	359	4	ok
src\utils\indicators.py	360	4	ok
src\utils\indicators.py	361	4	ok
src\utils\indicators.py	362	4	ok
src\utils\indicators.py	363	4	ok
src\utils\indicators.py	364	4	ok
src\utils\indicators.py	365	4	ok
src\utils\indicators.py	366	4	ok
src\utils\indicators.py	367	0	blank
src\utils\indicators.py	368	4	ok
src\utils\indicators.py	369	4	ok
src\utils\indicators.py	370	4	ok
src\utils\indicators.py	371	4	ok
src\utils\indicators.py	372	4	ok
src\utils\indicators.py	373	4	ok
src\utils\indicators.py	374	4	ok
src\utils\indicators.py	375	4	ok
src\utils\indicators.py	376	4	ok
src\utils\indicators.py	377	4	ok
src\utils\indicators.py	378	0	blank
src\utils\indicators.py	379	0	blank
src\utils\indicators.py	380	4	ok
src\utils\indicators.py	381	4	comment
src\utils\indicators.py	382	4	ok
src\utils\indicators.py	383	0	blank
src\utils\indicators.py	384	4	comment
src\utils\indicators.py	385	4	ok
src\utils\indicators.py	386	4	ok
src\utils\indicators.py	387	4	ok
src\utils\indicators.py	388	4	ok
src\utils\indicators.py	389	0	blank
src\utils\indicators.py	390	4	ok
src\utils\indicators.py	391	3	print
src\utils\indicators.py	392	3	print
src\utils\logging.py	1	4	docstring
src\utils\logging.py	2	4	docstring
src\utils\logging.py	3	4	docstring
src\utils\logging.py	4	0	blank
src\utils\logging.py	5	4	docstring
src\utils\logging.py	6	4	docstring
src\utils\logging.py	7	4	docstring
src\utils\logging.py	8	4	docstring
src\utils\logging.py	9	4	docstring
src\utils\logging.py	10	0	blank
src\utils\logging.py	11	4	ok
src\utils\logging.py	12	4	ok
src\utils\logging.py	13	4	ok
src\utils\logging.py	14	4	ok
src\utils\logging.py	15	4	ok
src\utils\logging.py	16	4	ok
src\utils\logging.py	17	4	ok
src\utils\logging.py	18	4	ok
src\utils\logging.py	19	0	blank
src\utils\logging.py	20	4	ok
src\utils\logging.py	21	0	blank
src\utils\logging.py	22	4	ok
src\utils\logging.py	23	4	ok
src\utils\logging.py	24	4	ok
src\utils\logging.py	25	4	ok
src\utils\logging.py	26	4	ok
src\utils\logging.py	27	0	blank
src\utils\logging.py	28	0	blank
src\utils\logging.py	29	4	ok
src\utils\logging.py	30	4	ok
src\utils\logging.py	31	4	ok
src\utils\logging.py	32	4	ok
src\utils\logging.py	33	4	ok
src\utils\logging.py	34	4	ok
src\utils\logging.py	35	4	ok
src\utils\logging.py	36	4	ok
src\utils\logging.py	37	0	blank
src\utils\logging.py	38	0	blank
src\utils\logging.py	39	4	ok
src\utils\logging.py	40	4	ok
src\utils\logging.py	41	4	docstring
src\utils\logging.py	42	4	ok
src\utils\logging.py	43	4	ok
src\utils\logging.py	44	4	ok
src\utils\logging.py	45	4	ok
src\utils\logging.py	46	4	ok
src\utils\logging.py	47	0	blank
src\utils\logging.py	48	4	ok
src\utils\logging.py	49	4	ok
src\utils\logging.py	50	4	ok
src\utils\logging.py	51	0	blank
src\utils\logging.py	52	0	blank
src\utils\logging.py	53	4	ok
src\utils\logging.py	54	4	ok
src\utils\logging.py	55	4	ok
src\utils\logging.py	56	4	ok
src\utils\logging.py	57	4	ok
src\utils\logging.py	58	4	ok
src\utils\logging.py	59	4	ok
src\utils\logging.py	60	4	ok
src\utils\logging.py	61	4	docstring
src\utils\logging.py	62	4	docstring
src\utils\logging.py	63	0	blank
src\utils\logging.py	64	4	docstring
src\utils\logging.py	65	4	docstring
src\utils\logging.py	66	4	docstring
src\utils\logging.py	67	4	docstring
src\utils\logging.py	68	4	docstring
src\utils\logging.py	69	4	docstring
src\utils\logging.py	70	4	docstring
src\utils\logging.py	71	4	docstring
src\utils\logging.py	72	4	ok
src\utils\logging.py	73	4	ok
src\utils\logging.py	74	0	blank
src\utils\logging.py	75	4	comment
src\utils\logging.py	76	4	ok
src\utils\logging.py	77	0	blank
src\utils\logging.py	78	4	comment
src\utils\logging.py	79	4	ok
src\utils\logging.py	80	4	ok
src\utils\logging.py	81	4	ok
src\utils\logging.py	82	4	ok
src\utils\logging.py	83	4	ok
src\utils\logging.py	84	4	ok
src\utils\logging.py	85	4	ok
src\utils\logging.py	86	4	ok
src\utils\logging.py	87	4	ok
src\utils\logging.py	88	4	ok
src\utils\logging.py	89	0	blank
src\utils\logging.py	90	4	comment
src\utils\logging.py	91	4	ok
src\utils\logging.py	92	4	ok
src\utils\logging.py	93	4	ok
src\utils\logging.py	94	4	ok
src\utils\logging.py	95	4	ok
src\utils\logging.py	96	4	ok
src\utils\logging.py	97	4	ok
src\utils\logging.py	98	0	blank
src\utils\logging.py	99	4	comment
src\utils\logging.py	100	4	ok
src\utils\logging.py	101	4	ok
src\utils\logging.py	102	4	ok
src\utils\logging.py	103	4	ok
src\utils\logging.py	104	4	ok
src\utils\logging.py	105	4	ok
src\utils\logging.py	106	4	ok
src\utils\logging.py	107	4	ok
src\utils\logging.py	108	0	blank
src\utils\logging.py	109	4	comment
src\utils\logging.py	110	4	ok
src\utils\logging.py	111	4	ok
src\utils\logging.py	112	4	ok
src\utils\logging.py	113	4	ok
src\utils\logging.py	114	4	ok
src\utils\logging.py	115	4	ok
src\utils\logging.py	116	4	ok
src\utils\logging.py	117	0	blank
src\utils\logging.py	118	4	ok
src\utils\logging.py	119	0	blank
src\utils\logging.py	120	0	blank
src\utils\logging.py	121	4	ok
src\utils\logging.py	122	4	docstring
src\utils\logging.py	123	4	docstring
src\utils\logging.py	124	4	docstring
src\utils\logging.py	125	0	blank
src\utils\logging.py	126	4	ok
src\utils\logging.py	127	0	blank
src\utils\logging.py	128	4	ok
src\utils\logging.py	129	4	ok
src\utils\logging.py	130	4	ok
src\utils\logging.py	131	4	ok
src\utils\logging.py	132	4	ok
src\utils\logging.py	133	4	ok
src\utils\logging.py	134	4	ok
src\utils\logging.py	135	4	ok
src\utils\logging.py	136	0	blank
src\utils\logging.py	137	4	ok
src\utils\logging.py	138	4	ok
src\utils\logging.py	139	0	blank
src\utils\logging.py	140	4	ok
src\utils\logging.py	141	4	docstring
src\utils\logging.py	142	4	ok
src\utils\logging.py	143	4	ok
src\utils\logging.py	144	0	blank
src\utils\logging.py	145	4	comment
src\utils\logging.py	146	4	ok
src\utils\logging.py	147	4	ok
src\utils\logging.py	148	4	ok
src\utils\logging.py	149	4	ok
src\utils\logging.py	150	4	ok
src\utils\logging.py	151	4	ok
src\utils\logging.py	152	4	ok
src\utils\logging.py	153	4	ok
src\utils\logging.py	154	4	ok
src\utils\logging.py	155	0	blank
src\utils\logging.py	156	4	ok
src\utils\logging.py	157	0	blank
src\utils\logging.py	158	4	ok
src\utils\logging.py	159	0	blank
src\utils\logging.py	160	4	ok
src\utils\logging.py	161	4	ok
src\utils\logging.py	162	4	ok
src\utils\logging.py	163	4	ok
src\utils\logging.py	164	4	ok
src\utils\logging.py	165	0	blank
src\utils\logging.py	166	4	ok
src\utils\logging.py	167	0	blank
src\utils\logging.py	168	4	ok
src\utils\logging.py	169	4	ok
src\utils\logging.py	170	4	ok
src\utils\logging.py	171	4	ok
src\utils\logging.py	172	4	ok
src\utils\logging.py	173	4	ok
src\utils\logging.py	174	4	ok
src\utils\logging.py	175	4	ok
src\utils\logging.py	176	4	ok
src\utils\logging.py	177	4	ok
src\utils\logging.py	178	4	ok
src\utils\logging.py	179	4	ok
src\utils\logging.py	180	0	blank
src\utils\logging.py	181	4	ok
src\utils\logging.py	182	4	ok
src\utils\logging.py	183	4	ok
src\utils\logging.py	184	0	blank
src\utils\logging.py	185	0	blank
src\utils\logging.py	186	4	ok
src\utils\logging.py	187	4	docstring
src\utils\logging.py	188	4	docstring
src\utils\logging.py	189	4	docstring
src\utils\logging.py	190	0	blank
src\utils\logging.py	191	5	typed_signature
src\utils\logging.py	192	4	ok
src\utils\logging.py	193	4	ok
src\utils\logging.py	194	0	blank
src\utils\logging.py	195	4	ok
src\utils\logging.py	196	4	ok
src\utils\logging.py	197	0	blank
src\utils\logging.py	198	4	ok
src\utils\logging.py	199	4	docstring
src\utils\logging.py	200	4	ok
src\utils\logging.py	201	4	ok
src\utils\logging.py	202	0	blank
src\utils\logging.py	203	4	comment
src\utils\logging.py	204	4	ok
src\utils\logging.py	205	4	ok
src\utils\logging.py	206	4	ok
src\utils\logging.py	207	4	ok
src\utils\logging.py	208	4	ok
src\utils\logging.py	209	4	ok
src\utils\logging.py	210	4	ok
src\utils\logging.py	211	4	ok
src\utils\logging.py	212	4	ok
src\utils\logging.py	213	0	blank
src\utils\logging.py	214	4	ok
src\utils\logging.py	215	4	ok
src\utils\logging.py	216	4	ok
src\utils\logging.py	217	4	ok
src\utils\logging.py	218	4	ok
src\utils\logging.py	219	4	ok
src\utils\logging.py	220	0	blank
src\utils\logging.py	221	4	ok
src\utils\logging.py	222	4	ok
src\utils\logging.py	223	4	ok
src\utils\logging.py	224	4	ok
src\utils\logging.py	225	4	ok
src\utils\logging.py	226	0	blank
src\utils\logging.py	227	4	ok
src\utils\logging.py	228	4	ok
src\utils\logging.py	229	4	ok
src\utils\logging.py	230	4	ok
src\utils\logging.py	231	4	ok
src\utils\logging.py	232	4	ok
src\utils\logging.py	233	4	ok
src\utils\logging.py	234	4	ok
src\utils\logging.py	235	0	blank
src\utils\logging.py	236	4	ok
src\utils\logging.py	237	4	ok
src\utils\logging.py	238	4	ok
src\utils\logging.py	239	0	blank
src\utils\logging.py	240	0	blank
src\utils\logging.py	241	4	ok
src\utils\logging.py	242	4	docstring
src\utils\logging.py	243	4	docstring
src\utils\logging.py	244	4	docstring
src\utils\logging.py	245	0	blank
src\utils\logging.py	246	4	ok
src\utils\logging.py	247	4	ok
src\utils\logging.py	248	4	ok
src\utils\logging.py	249	4	ok
src\utils\logging.py	250	0	blank
src\utils\logging.py	251	5	typed_signature
src\utils\logging.py	252	4	docstring
src\utils\logging.py	253	4	ok
src\utils\logging.py	254	0	blank
src\utils\logging.py	255	4	ok
src\utils\logging.py	256	4	docstring
src\utils\logging.py	257	4	comment
src\utils\logging.py	258	4	ok
src\utils\logging.py	259	4	ok
src\utils\logging.py	260	0	blank
src\utils\logging.py	261	4	comment
src\utils\logging.py	262	4	ok
src\utils\logging.py	263	0	blank
src\utils\logging.py	264	4	ok
src\utils\logging.py	265	4	ok
src\utils\logging.py	266	0	blank
src\utils\logging.py	267	4	ok
src\utils\logging.py	268	4	ok
src\utils\logging.py	269	0	blank
src\utils\logging.py	270	4	ok
src\utils\logging.py	271	4	ok
src\utils\logging.py	272	4	ok
src\utils\logging.py	273	4	ok
src\utils\logging.py	274	4	ok
src\utils\logging.py	275	4	ok
src\utils\logging.py	276	4	ok
src\utils\logging.py	277	0	blank
src\utils\logging.py	278	4	ok
src\utils\logging.py	279	4	ok
src\utils\logging.py	280	0	blank
src\utils\logging.py	281	4	ok
src\utils\logging.py	282	4	ok
src\utils\logging.py	283	4	ok
src\utils\logging.py	284	4	ok
src\utils\logging.py	285	4	ok
src\utils\logging.py	286	4	ok
src\utils\logging.py	287	4	ok
src\utils\logging.py	288	4	ok
src\utils\logging.py	289	4	docstring
src\utils\logging.py	290	4	ok
src\utils\logging.py	291	4	ok
src\utils\logging.py	292	4	ok
src\utils\logging.py	293	4	ok
src\utils\logging.py	294	4	ok
src\utils\logging.py	295	4	ok
src\utils\logging.py	296	4	ok
src\utils\logging.py	297	4	ok
src\utils\logging.py	298	4	ok
src\utils\logging.py	299	4	ok
src\utils\logging.py	300	4	ok
src\utils\logging.py	301	4	ok
src\utils\logging.py	302	0	blank
src\utils\logging.py	303	4	ok
src\utils\logging.py	304	4	ok
src\utils\logging.py	305	4	ok
src\utils\logging.py	306	4	ok
src\utils\logging.py	307	4	ok
src\utils\logging.py	308	4	ok
src\utils\logging.py	309	4	ok
src\utils\logging.py	310	4	ok
src\utils\logging.py	311	4	docstring
src\utils\logging.py	312	4	ok
src\utils\logging.py	313	4	ok
src\utils\logging.py	314	0	blank
src\utils\logging.py	315	4	ok
src\utils\logging.py	316	4	ok
src\utils\logging.py	317	4	ok
src\utils\logging.py	318	4	ok
src\utils\logging.py	319	4	ok
src\utils\logging.py	320	4	ok
src\utils\logging.py	321	4	ok
src\utils\logging.py	322	4	ok
src\utils\logging.py	323	4	ok
src\utils\logging.py	324	4	ok
src\utils\logging.py	325	4	ok
src\utils\logging.py	326	0	blank
src\utils\logging.py	327	4	ok
src\utils\logging.py	328	4	docstring
src\utils\logging.py	329	4	ok
src\utils\logging.py	330	4	ok
src\utils\logging.py	331	4	ok
src\utils\logging.py	332	4	ok
src\utils\logging.py	333	4	ok
src\utils\logging.py	334	4	ok
src\utils\logging.py	335	0	blank
src\utils\logging.py	336	4	ok
src\utils\logging.py	337	4	docstring
src\utils\logging.py	338	4	ok
src\utils\logging.py	339	4	ok
src\utils\logging.py	340	4	ok
src\utils\logging.py	341	4	ok
src\utils\logging.py	342	4	ok
src\utils\logging.py	343	4	ok
src\utils\logging.py	344	0	blank
src\utils\logging.py	345	0	blank
src\utils\logging.py	346	4	comment
src\utils\logging.py	347	4	ok
src\utils\logging.py	348	0	blank
src\utils\logging.py	349	0	blank
src\utils\logging.py	350	4	ok
src\utils\logging.py	351	4	comment
src\utils\logging.py	352	4	ok
src\utils\logging.py	353	0	blank
src\utils\logging.py	354	4	ok
src\utils\logging.py	355	4	ok
src\utils\logging.py	356	4	ok
src\utils\logging.py	357	0	blank
src\utils\logging.py	358	4	comment
src\utils\logging.py	359	4	ok
src\utils\logging.py	360	0	blank
src\utils\logging.py	361	4	comment
src\utils\logging.py	362	4	ok
src\utils\logging.py	363	4	ok
src\utils\logging.py	364	4	ok
src\utils\logging.py	365	4	ok
src\utils\logging.py	366	4	ok
src\utils\logging.py	367	4	ok
src\utils\logging.py	368	4	ok
src\utils\logging.py	369	4	ok
src\utils\logging.py	370	0	blank
src\utils\logging.py	371	4	ok
src\utils\logging.py	372	4	ok
src\utils\logging.py	373	4	ok
src\utils\logging.py	374	4	ok
src\utils\logging.py	375	4	ok
src\utils\logging.py	376	4	ok
src\utils\logging.py	377	4	ok
src\utils\logging.py	378	0	blank
src\utils\logging.py	379	4	ok
src\utils\logging.py	380	0	blank
src\utils\logging.py	381	3	print
src\utils\metrics.py	1	4	docstring
src\utils\metrics.py	2	4	docstring
src\utils\metrics.py	3	4	docstring
src\utils\metrics.py	4	0	blank
src\utils\metrics.py	5	4	docstring
src\utils\metrics.py	6	4	docstring
src\utils\metrics.py	7	4	docstring
src\utils\metrics.py	8	4	docstring
src\utils\metrics.py	9	4	docstring
src\utils\metrics.py	10	0	blank
src\utils\metrics.py	11	4	ok
src\utils\metrics.py	12	4	ok
src\utils\metrics.py	13	4	ok
src\utils\metrics.py	14	4	ok
src\utils\metrics.py	15	4	ok
src\utils\metrics.py	16	4	ok
src\utils\metrics.py	17	0	blank
src\utils\metrics.py	18	4	ok
src\utils\metrics.py	19	0	blank
src\utils\metrics.py	20	4	ok
src\utils\metrics.py	21	4	ok
src\utils\metrics.py	22	4	ok
src\utils\metrics.py	23	4	ok
src\utils\metrics.py	24	4	ok
src\utils\metrics.py	25	4	ok
src\utils\metrics.py	26	4	ok
src\utils\metrics.py	27	4	ok
src\utils\metrics.py	28	4	ok
src\utils\metrics.py	29	4	ok
src\utils\metrics.py	30	0	blank
src\utils\metrics.py	31	0	blank
src\utils\metrics.py	32	4	comment
src\utils\metrics.py	33	4	comment
src\utils\metrics.py	34	4	comment
src\utils\metrics.py	35	0	blank
src\utils\metrics.py	36	4	ok
src\utils\metrics.py	37	4	comment
src\utils\metrics.py	38	4	ok
src\utils\metrics.py	39	4	ok
src\utils\metrics.py	40	4	ok
src\utils\metrics.py	41	4	ok
src\utils\metrics.py	42	4	ok
src\utils\metrics.py	43	0	blank
src\utils\metrics.py	44	4	ok
src\utils\metrics.py	45	4	ok
src\utils\metrics.py	46	4	ok
src\utils\metrics.py	47	4	ok
src\utils\metrics.py	48	4	ok
src\utils\metrics.py	49	4	ok
src\utils\metrics.py	50	0	blank
src\utils\metrics.py	51	4	ok
src\utils\metrics.py	52	4	ok
src\utils\metrics.py	53	4	ok
src\utils\metrics.py	54	4	ok
src\utils\metrics.py	55	4	ok
src\utils\metrics.py	56	0	blank
src\utils\metrics.py	57	4	ok
src\utils\metrics.py	58	4	ok
src\utils\metrics.py	59	4	ok
src\utils\metrics.py	60	4	ok
src\utils\metrics.py	61	0	blank
src\utils\metrics.py	62	4	ok
src\utils\metrics.py	63	4	ok
src\utils\metrics.py	64	4	ok
src\utils\metrics.py	65	4	ok
src\utils\metrics.py	66	0	blank
src\utils\metrics.py	67	4	comment
src\utils\metrics.py	68	4	ok
src\utils\metrics.py	69	4	ok
src\utils\metrics.py	70	4	ok
src\utils\metrics.py	71	4	ok
src\utils\metrics.py	72	4	ok
src\utils\metrics.py	73	0	blank
src\utils\metrics.py	74	4	ok
src\utils\metrics.py	75	4	ok
src\utils\metrics.py	76	4	ok
src\utils\metrics.py	77	4	ok
src\utils\metrics.py	78	4	ok
src\utils\metrics.py	79	4	ok
src\utils\metrics.py	80	0	blank
src\utils\metrics.py	81	4	ok
src\utils\metrics.py	82	4	ok
src\utils\metrics.py	83	4	ok
src\utils\metrics.py	84	4	ok
src\utils\metrics.py	85	4	ok
src\utils\metrics.py	86	0	blank
src\utils\metrics.py	87	4	comment
src\utils\metrics.py	88	4	ok
src\utils\metrics.py	89	4	ok
src\utils\metrics.py	90	4	ok
src\utils\metrics.py	91	4	ok
src\utils\metrics.py	92	4	ok
src\utils\metrics.py	93	0	blank
src\utils\metrics.py	94	4	ok
src\utils\metrics.py	95	4	ok
src\utils\metrics.py	96	4	ok
src\utils\metrics.py	97	4	ok
src\utils\metrics.py	98	4	ok
src\utils\metrics.py	99	0	blank
src\utils\metrics.py	100	4	comment
src\utils\metrics.py	101	4	ok
src\utils\metrics.py	102	4	ok
src\utils\metrics.py	103	4	ok
src\utils\metrics.py	104	4	ok
src\utils\metrics.py	105	4	ok
src\utils\metrics.py	106	0	blank
src\utils\metrics.py	107	4	ok
src\utils\metrics.py	108	4	ok
src\utils\metrics.py	109	4	ok
src\utils\metrics.py	110	4	ok
src\utils\metrics.py	111	0	blank
src\utils\metrics.py	112	4	comment
src\utils\metrics.py	113	4	ok
src\utils\metrics.py	114	4	ok
src\utils\metrics.py	115	4	ok
src\utils\metrics.py	116	4	ok
src\utils\metrics.py	117	0	blank
src\utils\metrics.py	118	4	ok
src\utils\metrics.py	119	4	ok
src\utils\metrics.py	120	4	ok
src\utils\metrics.py	121	4	ok
src\utils\metrics.py	122	0	blank
src\utils\metrics.py	123	4	ok
src\utils\metrics.py	124	4	ok
src\utils\metrics.py	125	4	ok
src\utils\metrics.py	126	4	ok
src\utils\metrics.py	127	0	blank
src\utils\metrics.py	128	0	blank
src\utils\metrics.py	129	4	comment
src\utils\metrics.py	130	4	comment
src\utils\metrics.py	131	4	comment
src\utils\metrics.py	132	0	blank
src\utils\metrics.py	133	4	ok
src\utils\metrics.py	134	4	ok
src\utils\metrics.py	135	4	docstring
src\utils\metrics.py	136	4	ok
src\utils\metrics.py	137	4	ok
src\utils\metrics.py	138	4	ok
src\utils\metrics.py	139	4	ok
src\utils\metrics.py	140	4	ok
src\utils\metrics.py	141	4	ok
src\utils\metrics.py	142	4	ok
src\utils\metrics.py	143	4	ok
src\utils\metrics.py	144	0	blank
src\utils\metrics.py	145	5	typed_signature
src\utils\metrics.py	146	4	docstring
src\utils\metrics.py	147	4	ok
src\utils\metrics.py	148	4	ok
src\utils\metrics.py	149	0	blank
src\utils\metrics.py	150	4	ok
src\utils\metrics.py	151	4	ok
src\utils\metrics.py	152	4	ok
src\utils\metrics.py	153	4	ok
src\utils\metrics.py	154	0	blank
src\utils\metrics.py	155	4	ok
src\utils\metrics.py	156	4	ok
src\utils\metrics.py	157	4	ok
src\utils\metrics.py	158	4	ok
src\utils\metrics.py	159	4	ok
src\utils\metrics.py	160	4	ok
src\utils\metrics.py	161	0	blank
src\utils\metrics.py	162	4	ok
src\utils\metrics.py	163	4	ok
src\utils\metrics.py	164	4	ok
src\utils\metrics.py	165	4	ok
src\utils\metrics.py	166	4	ok
src\utils\metrics.py	167	4	ok
src\utils\metrics.py	168	0	blank
src\utils\metrics.py	169	4	ok
src\utils\metrics.py	170	4	ok
src\utils\metrics.py	171	4	ok
src\utils\metrics.py	172	4	ok
src\utils\metrics.py	173	0	blank
src\utils\metrics.py	174	0	blank
src\utils\metrics.py	175	4	ok
src\utils\metrics.py	176	4	docstring
src\utils\metrics.py	177	4	docstring
src\utils\metrics.py	178	4	docstring
src\utils\metrics.py	179	0	blank
src\utils\metrics.py	180	5	typed_signature
src\utils\metrics.py	181	4	ok
src\utils\metrics.py	182	4	ok
src\utils\metrics.py	183	4	ok
src\utils\metrics.py	184	0	blank
src\utils\metrics.py	185	4	ok
src\utils\metrics.py	186	4	docstring
src\utils\metrics.py	187	4	ok
src\utils\metrics.py	188	4	ok
src\utils\metrics.py	189	4	ok
src\utils\metrics.py	190	0	blank
src\utils\metrics.py	191	4	ok
src\utils\metrics.py	192	4	ok
src\utils\metrics.py	193	4	ok
src\utils\metrics.py	194	4	ok
src\utils\metrics.py	195	0	blank
src\utils\metrics.py	196	4	comment
src\utils\metrics.py	197	4	ok
src\utils\metrics.py	198	4	ok
src\utils\metrics.py	199	4	ok
src\utils\metrics.py	200	4	ok
src\utils\metrics.py	201	4	ok
src\utils\metrics.py	202	0	blank
src\utils\metrics.py	203	4	ok
src\utils\metrics.py	204	4	docstring
src\utils\metrics.py	205	4	ok
src\utils\metrics.py	206	4	ok
src\utils\metrics.py	207	0	blank
src\utils\metrics.py	208	4	ok
src\utils\metrics.py	209	4	docstring
src\utils\metrics.py	210	4	ok
src\utils\metrics.py	211	4	ok
src\utils\metrics.py	212	4	ok
src\utils\metrics.py	213	0	blank
src\utils\metrics.py	214	5	typed_signature
src\utils\metrics.py	215	4	docstring
src\utils\metrics.py	216	4	ok
src\utils\metrics.py	217	4	ok
src\utils\metrics.py	218	4	ok
src\utils\metrics.py	219	0	blank
src\utils\metrics.py	220	5	typed_signature
src\utils\metrics.py	221	4	docstring
src\utils\metrics.py	222	4	ok
src\utils\metrics.py	223	4	ok
src\utils\metrics.py	224	0	blank
src\utils\metrics.py	225	4	ok
src\utils\metrics.py	226	4	ok
src\utils\metrics.py	227	4	ok
src\utils\metrics.py	228	4	ok
src\utils\metrics.py	229	4	ok
src\utils\metrics.py	230	4	ok
src\utils\metrics.py	231	4	ok
src\utils\metrics.py	232	4	ok
src\utils\metrics.py	233	4	docstring
src\utils\metrics.py	234	4	ok
src\utils\metrics.py	235	4	ok
src\utils\metrics.py	236	4	ok
src\utils\metrics.py	237	4	ok
src\utils\metrics.py	238	4	ok
src\utils\metrics.py	239	0	blank
src\utils\metrics.py	240	4	ok
src\utils\metrics.py	241	4	ok
src\utils\metrics.py	242	4	ok
src\utils\metrics.py	243	4	ok
src\utils\metrics.py	244	4	ok
src\utils\metrics.py	245	4	ok
src\utils\metrics.py	246	4	docstring
src\utils\metrics.py	247	4	ok
src\utils\metrics.py	248	4	ok
src\utils\metrics.py	249	4	ok
src\utils\metrics.py	250	0	blank
src\utils\metrics.py	251	5	typed_signature
src\utils\metrics.py	252	4	docstring
src\utils\metrics.py	253	4	ok
src\utils\metrics.py	254	4	ok
src\utils\metrics.py	255	0	blank
src\utils\metrics.py	256	5	typed_signature
src\utils\metrics.py	257	4	docstring
src\utils\metrics.py	258	4	ok
src\utils\metrics.py	259	4	ok
src\utils\metrics.py	260	0	blank
src\utils\metrics.py	261	0	blank
src\utils\metrics.py	262	4	comment
src\utils\metrics.py	263	4	comment
src\utils\metrics.py	264	4	comment
src\utils\metrics.py	265	0	blank
src\utils\metrics.py	266	5	typed_signature
src\utils\metrics.py	267	4	docstring
src\utils\metrics.py	268	5	typed_signature
src\utils\metrics.py	269	4	ok
src\utils\metrics.py	270	4	ok
src\utils\metrics.py	271	4	ok
src\utils\metrics.py	272	4	ok
src\utils\metrics.py	273	4	ok
src\utils\metrics.py	274	4	ok
src\utils\metrics.py	275	4	ok
src\utils\metrics.py	276	4	ok
src\utils\metrics.py	277	4	ok
src\utils\metrics.py	278	4	ok
src\utils\metrics.py	279	4	ok
src\utils\metrics.py	280	4	ok
src\utils\metrics.py	281	4	ok
src\utils\metrics.py	282	4	ok
src\utils\metrics.py	283	0	blank
src\utils\metrics.py	284	4	ok
src\utils\metrics.py	285	4	ok
src\utils\metrics.py	286	4	ok
src\utils\metrics.py	287	4	ok
src\utils\metrics.py	288	4	ok
src\utils\metrics.py	289	4	ok
src\utils\metrics.py	290	4	ok
src\utils\metrics.py	291	4	ok
src\utils\metrics.py	292	4	ok
src\utils\metrics.py	293	4	ok
src\utils\metrics.py	294	4	ok
src\utils\metrics.py	295	4	ok
src\utils\metrics.py	296	4	ok
src\utils\metrics.py	297	4	ok
src\utils\metrics.py	298	0	blank
src\utils\metrics.py	299	4	ok
src\utils\metrics.py	300	4	ok
src\utils\metrics.py	301	4	ok
src\utils\metrics.py	302	4	ok
src\utils\metrics.py	303	0	blank
src\utils\metrics.py	304	0	blank
src\utils\metrics.py	305	4	comment
src\utils\metrics.py	306	4	ok
src\utils\metrics.py	307	0	blank
src\utils\metrics.py	308	0	blank
src\utils\metrics.py	309	4	ok
src\utils\metrics.py	310	4	comment
src\utils\metrics.py	311	4	ok
src\utils\metrics.py	312	0	blank
src\utils\metrics.py	313	4	comment
src\utils\metrics.py	314	4	ok
src\utils\metrics.py	315	4	ok
src\utils\metrics.py	316	4	ok
src\utils\metrics.py	317	4	ok
src\utils\metrics.py	318	0	blank
src\utils\metrics.py	319	3	print
src\utils\metrics.py	320	3	print
src\utils\metrics.py	321	0	blank
src\utils\metrics.py	322	4	ok
src\utils\metrics.py	323	4	ok
src\utils\metrics.py	324	4	ok
src\utils\metrics.py	325	4	ok
src\utils\metrics.py	326	4	ok
src\utils\metrics.py	327	3	print
test_llm.py	1	4	docstring
test_llm.py	2	4	ok
test_llm.py	3	4	ok
test_llm.py	4	4	ok
test_llm.py	5	0	blank
test_llm.py	6	4	ok
test_llm.py	7	4	ok
test_llm.py	8	4	ok
test_llm.py	9	0	blank
test_llm.py	10	4	ok
test_llm.py	11	4	ok
test_llm.py	12	4	ok
test_llm.py	13	4	ok
test_llm.py	14	4	ok
test_llm.py	15	4	ok
test_llm.py	16	4	ok
test_llm.py	17	4	ok
test_llm.py	18	4	ok
test_llm.py	19	4	ok
test_llm.py	20	0	blank
test_llm.py	21	4	ok
test_llm.py	22	4	ok
test_llm.py	23	4	ok
test_llm.py	24	4	ok
test_llm.py	25	4	ok
test_llm.py	26	3	print
test_llm.py	27	3	print
test_llm.py	28	0	blank
test_llm.py	29	4	ok
test_llm.py	30	3	print
test_llm.py	31	3	print
test_llm.py	32	3	print
test_llm.py	33	4	ok
test_llm.py	34	4	ok
test_llm.py	35	4	ok
test_llm.py	36	3	print
test_llm.py	37	0	blank
test_llm.py	38	4	ok
test_llm.py	39	4	ok
tests\__init__.py	1	4	docstring
tests\__init__.py	2	4	docstring
tests\__init__.py	3	4	docstring
tests\test_integration.py	1	4	docstring
tests\test_integration.py	2	4	docstring
tests\test_integration.py	3	4	docstring
tests\test_integration.py	4	4	docstring
tests\test_integration.py	5	0	blank
tests\test_integration.py	6	4	ok
tests\test_integration.py	7	4	ok
tests\test_integration.py	8	4	ok
tests\test_integration.py	9	4	ok
tests\test_integration.py	10	0	blank
tests\test_integration.py	11	0	blank
tests\test_integration.py	12	4	ok
tests\test_integration.py	13	4	docstring
tests\test_integration.py	14	0	blank
tests\test_integration.py	15	4	ok
tests\test_integration.py	16	4	ok
tests\test_integration.py	17	4	docstring
tests\test_integration.py	18	4	ok
tests\test_integration.py	19	0	blank
tests\test_integration.py	20	4	ok
tests\test_integration.py	21	3	assert
tests\test_integration.py	22	3	assert
tests\test_integration.py	23	0	blank
tests\test_integration.py	24	4	ok
tests\test_integration.py	25	4	ok
tests\test_integration.py	26	4	docstring
tests\test_integration.py	27	4	ok
tests\test_integration.py	28	0	blank
tests\test_integration.py	29	4	ok
tests\test_integration.py	30	4	ok
tests\test_integration.py	31	3	assert
tests\test_integration.py	32	0	blank
tests\test_integration.py	33	0	blank
tests\test_integration.py	34	4	ok
tests\test_integration.py	35	4	docstring
tests\test_integration.py	36	0	blank
tests\test_integration.py	37	4	ok
tests\test_integration.py	38	4	docstring
tests\test_integration.py	39	4	ok
tests\test_integration.py	40	0	blank
tests\test_integration.py	41	4	ok
tests\test_integration.py	42	4	ok
tests\test_integration.py	43	4	ok
tests\test_integration.py	44	4	ok
tests\test_integration.py	45	4	ok
tests\test_integration.py	46	4	ok
tests\test_integration.py	47	4	ok
tests\test_integration.py	48	4	ok
tests\test_integration.py	49	0	blank
tests\test_integration.py	50	3	assert
tests\test_integration.py	51	3	assert
tests\test_integration.py	52	0	blank
tests\test_integration.py	53	4	ok
tests\test_integration.py	54	4	ok
tests\test_integration.py	55	4	docstring
tests\test_integration.py	56	4	ok
tests\test_integration.py	57	0	blank
tests\test_integration.py	58	4	ok
tests\test_integration.py	59	4	ok
tests\test_integration.py	60	4	ok
tests\test_integration.py	61	4	ok
tests\test_integration.py	62	4	ok
tests\test_integration.py	63	4	ok
tests\test_integration.py	64	4	ok
tests\test_integration.py	65	4	ok
tests\test_integration.py	66	4	ok
tests\test_integration.py	67	4	ok
tests\test_integration.py	68	4	ok
tests\test_integration.py	69	4	ok
tests\test_integration.py	70	4	ok
tests\test_integration.py	71	4	ok
tests\test_integration.py	72	4	ok
tests\test_integration.py	73	4	ok
tests\test_integration.py	74	4	ok
tests\test_integration.py	75	0	blank
tests\test_integration.py	76	3	assert
tests\test_integration.py	77	0	blank
tests\test_integration.py	78	0	blank
tests\test_integration.py	79	4	ok
tests\test_integration.py	80	4	docstring
tests\test_integration.py	81	0	blank
tests\test_integration.py	82	4	ok
tests\test_integration.py	83	4	docstring
tests\test_integration.py	84	4	ok
tests\test_integration.py	85	0	blank
tests\test_integration.py	86	4	ok
tests\test_integration.py	87	4	ok
tests\test_integration.py	88	4	ok
tests\test_integration.py	89	4	ok
tests\test_integration.py	90	4	ok
tests\test_integration.py	91	4	ok
tests\test_integration.py	92	4	ok
tests\test_integration.py	93	4	ok
tests\test_integration.py	94	4	ok
tests\test_integration.py	95	4	ok
tests\test_integration.py	96	4	ok
tests\test_integration.py	97	4	ok
tests\test_integration.py	98	4	ok
tests\test_integration.py	99	4	ok
tests\test_integration.py	100	0	blank
tests\test_integration.py	101	3	assert
tests\test_integration.py	102	3	assert
tests\test_integration.py	103	0	blank
tests\test_integration.py	104	4	ok
tests\test_integration.py	105	4	docstring
tests\test_integration.py	106	4	ok
tests\test_integration.py	107	0	blank
tests\test_integration.py	108	4	ok
tests\test_integration.py	109	0	blank
tests\test_integration.py	110	4	ok
tests\test_integration.py	111	4	ok
tests\test_integration.py	112	4	ok
tests\test_integration.py	113	4	ok
tests\test_integration.py	114	4	ok
tests\test_integration.py	115	4	ok
tests\test_integration.py	116	4	ok
tests\test_integration.py	117	4	ok
tests\test_integration.py	118	4	ok
tests\test_integration.py	119	4	ok
tests\test_integration.py	120	0	blank
tests\test_integration.py	121	4	ok
tests\test_integration.py	122	3	assert
tests\test_integration.py	123	0	blank
tests\test_integration.py	124	4	ok
tests\test_integration.py	125	3	assert
tests\test_integration.py	126	0	blank
tests\test_integration.py	127	0	blank
tests\test_integration.py	128	4	ok
tests\test_integration.py	129	4	docstring
tests\test_integration.py	130	0	blank
tests\test_integration.py	131	4	ok
tests\test_integration.py	132	4	docstring
tests\test_integration.py	133	4	ok
tests\test_integration.py	134	0	blank
tests\test_integration.py	135	4	ok
tests\test_integration.py	136	4	ok
tests\test_integration.py	137	0	blank
tests\test_integration.py	138	4	comment
tests\test_integration.py	139	3	assert
tests\test_integration.py	140	3	assert
tests\test_integration.py	141	3	assert
tests\test_integration.py	142	0	blank
tests\test_integration.py	143	4	ok
tests\test_integration.py	144	4	docstring
tests\test_integration.py	145	4	ok
tests\test_integration.py	146	0	blank
tests\test_integration.py	147	4	ok
tests\test_integration.py	148	4	ok
tests\test_integration.py	149	0	blank
tests\test_integration.py	150	4	comment
tests\test_integration.py	151	3	assert
tests\test_integration.py	152	0	blank
tests\test_integration.py	153	4	ok
tests\test_integration.py	154	4	docstring
tests\test_integration.py	155	4	ok
tests\test_integration.py	156	0	blank
tests\test_integration.py	157	4	comment
tests\test_integration.py	158	4	ok
tests\test_integration.py	159	4	ok
tests\test_integration.py	160	0	blank
tests\test_integration.py	161	4	comment
tests\test_integration.py	162	3	assert
tests\test_integration.py	163	0	blank
tests\test_integration.py	164	4	ok
tests\test_integration.py	165	4	docstring
tests\test_integration.py	166	4	ok
tests\test_integration.py	167	4	ok
tests\test_integration.py	168	0	blank
tests\test_integration.py	169	4	comment
tests\test_integration.py	170	4	ok
tests\test_integration.py	171	0	blank
tests\test_integration.py	172	4	ok
tests\test_integration.py	173	4	ok
tests\test_integration.py	174	4	ok
tests\test_integration.py	175	0	blank
tests\test_integration.py	176	3	assert
tests\test_integration.py	177	3	assert
tests\test_integration.py	178	0	blank
tests\test_integration.py	179	0	blank
tests\test_integration.py	180	4	ok
tests\test_integration.py	181	4	docstring
tests\test_integration.py	182	0	blank
tests\test_integration.py	183	4	ok
tests\test_integration.py	184	4	docstring
tests\test_integration.py	185	4	ok
tests\test_integration.py	186	0	blank
tests\test_integration.py	187	4	ok
tests\test_integration.py	188	4	ok
tests\test_integration.py	189	4	ok
tests\test_integration.py	190	4	ok
tests\test_integration.py	191	4	ok
tests\test_integration.py	192	4	ok
tests\test_integration.py	193	4	ok
tests\test_integration.py	194	4	ok
tests\test_integration.py	195	4	ok
tests\test_integration.py	196	4	ok
tests\test_integration.py	197	4	ok
tests\test_integration.py	198	4	ok
tests\test_integration.py	199	0	blank
tests\test_integration.py	200	3	assert
tests\test_integration.py	201	3	assert
tests\test_integration.py	202	3	assert
tests\test_integration.py	203	3	assert
tests\test_integration.py	204	0	blank
tests\test_integration.py	205	4	ok
tests\test_integration.py	206	4	docstring
tests\test_integration.py	207	4	ok
tests\test_integration.py	208	0	blank
tests\test_integration.py	209	4	ok
tests\test_integration.py	210	4	ok
tests\test_integration.py	211	4	ok
tests\test_integration.py	212	4	ok
tests\test_integration.py	213	4	ok
tests\test_integration.py	214	4	ok
tests\test_integration.py	215	4	ok
tests\test_integration.py	216	0	blank
tests\test_integration.py	217	3	assert
tests\test_integration.py	218	3	assert
tests\test_integration.py	219	0	blank
tests\test_integration.py	220	0	blank
tests\test_integration.py	221	4	ok
tests\test_integration.py	222	4	docstring
tests\test_integration.py	223	0	blank
tests\test_integration.py	224	4	ok
tests\test_integration.py	225	4	ok
tests\test_integration.py	226	4	docstring
tests\test_integration.py	227	4	ok
tests\test_integration.py	228	0	blank
tests\test_integration.py	229	4	ok
tests\test_integration.py	230	4	ok
tests\test_integration.py	231	0	blank
tests\test_integration.py	232	4	comment
tests\test_integration.py	233	4	ok
tests\test_integration.py	234	0	blank
tests\test_integration.py	235	4	comment
tests\test_integration.py	236	4	ok
tests\test_integration.py	237	4	ok
tests\test_integration.py	238	4	ok
tests\test_integration.py	239	4	ok
tests\test_integration.py	240	4	ok
tests\test_integration.py	241	4	ok
tests\test_integration.py	242	0	blank
tests\test_integration.py	243	3	assert
tests\test_integration.py	244	0	blank
tests\test_integration.py	245	4	comment
tests\test_integration.py	246	4	ok
tests\test_integration.py	247	3	assert
tests\test_integration.py	248	3	assert
tests\test_integration.py	249	0	blank
tests\test_integration.py	250	4	comment
tests\test_integration.py	251	4	ok
tests\test_integration.py	252	4	ok
tests\test_integration.py	253	3	assert
tests\test_integration.py	254	0	blank
tests\test_integration.py	255	4	comment
tests\test_integration.py	256	4	ok
tests\test_integration.py	257	3	assert
tests\test_integration.py	258	0	blank
tests\test_integration.py	259	0	blank
tests\test_integration.py	260	4	ok
tests\test_integration.py	261	4	docstring
tests\test_integration.py	262	0	blank
tests\test_integration.py	263	4	ok
tests\test_integration.py	264	4	docstring
tests\test_integration.py	265	4	ok
tests\test_integration.py	266	0	blank
tests\test_integration.py	267	4	ok
tests\test_integration.py	268	0	blank
tests\test_integration.py	269	4	comment
tests\test_integration.py	270	3	assert
tests\test_integration.py	271	0	blank
tests\test_integration.py	272	4	comment
tests\test_integration.py	273	3	assert
tests\test_integration.py	274	0	blank
tests\test_integration.py	275	4	comment
tests\test_integration.py	276	3	assert
tests\test_integration.py	277	0	blank
tests\test_integration.py	278	4	ok
tests\test_integration.py	279	4	docstring
tests\test_integration.py	280	4	ok
tests\test_integration.py	281	0	blank
tests\test_integration.py	282	4	ok
tests\test_integration.py	283	0	blank
tests\test_integration.py	284	4	comment
tests\test_integration.py	285	3	assert
tests\test_integration.py	286	0	blank
tests\test_integration.py	287	4	comment
tests\test_integration.py	288	3	assert
tests\test_integration.py	289	0	blank
tests\test_integration.py	290	0	blank
tests\test_integration.py	291	4	comment
tests\test_integration.py	292	4	ok
tests\test_integration.py	293	3	print
tests\test_integration.py	294	0	blank
tests\test_integration.py	295	4	comment
tests\test_integration.py	296	4	ok
tests\test_integration.py	297	4	ok
tests\test_integration.py	298	0	blank
tests\test_integration.py	299	4	ok
tests\test_integration.py	300	4	ok
tests\test_integration.py	301	3	print
tests\test_integration.py	302	3	print
tests\test_integration.py	303	0	blank
tests\test_integration.py	304	4	comment
tests\test_integration.py	305	4	ok
tests\test_integration.py	306	4	ok
tests\test_integration.py	307	0	blank
tests\test_integration.py	308	4	ok
tests\test_integration.py	309	4	ok
tests\test_integration.py	310	4	ok
tests\test_integration.py	311	0	blank
tests\test_integration.py	312	4	ok
tests\test_integration.py	313	4	ok
tests\test_integration.py	314	4	ok
tests\test_integration.py	315	4	ok
tests\test_integration.py	316	4	ok
tests\test_integration.py	317	3	print
tests\test_integration.py	318	3	print
tests\test_integration.py	319	0	blank
tests\test_integration.py	320	4	ok
tests\test_integration.py	321	0	blank
tests\test_integration.py	322	3	print
view_lessons.py	1	4	docstring
view_lessons.py	2	4	ok
view_lessons.py	3	4	ok
view_lessons.py	4	0	blank
view_lessons.py	5	4	ok
view_lessons.py	6	0	blank
view_lessons.py	7	3	print
view_lessons.py	8	3	print
view_lessons.py	9	3	print
view_lessons.py	10	0	blank
view_lessons.py	11	4	ok
view_lessons.py	12	4	ok
view_lessons.py	13	4	ok
view_lessons.py	14	4	ok
view_lessons.py	15	4	ok
view_lessons.py	16	0	blank
view_lessons.py	17	3	print
view_lessons.py	18	0	blank
view_lessons.py	19	4	ok
view_lessons.py	20	4	ok
view_lessons.py	21	4	ok
view_lessons.py	22	4	ok
view_lessons.py	23	0	blank
view_lessons.py	24	3	print
view_lessons.py	25	3	print
view_lessons.py	26	3	print
view_lessons.py	27	3	print
view_lessons.py	28	4	ok
view_lessons.py	29	3	print
view_lessons.py	30	4	ok
view_lessons.py	31	3	print
view_lessons.py	32	3	print
view_lessons.py	33	3	print
view_lessons.py	34	4	ok
view_lessons.py	35	3	print
view_lessons.py	36	3	print
view_lessons.py	37	0	blank
view_lessons.py	38	4	ok
view_lessons.py	39	3	print
